Post ID,Account ID,Account username,Account name,Description,Duration (sec),Publish time,Permalink,Post type,Data comment,Date,Views,Reach,Likes,Shares,Follows,Comments,Saves
18038453998842127,17841406860905948,init.fiu,INIT FIU,"🚀 Happy Monday!! Look at what we got in store for you this week 🥳

⭐️ INIT EXPLORE: Detecting Color Using Computer Vision
Tuesday, 3pm - 5pm @ AHC5 201

⭐️ INIT INTERVIEW PREP: Dynamic Programming 
Thursday, 3pm - 5pm @ PG6 115

⭐️ INIT INTERVIEW PREP: Positioning Yourself for Career Success 
Friday, 1pm - 3pm @ PG6 114

⭐️BUILD: Last day to push🚨 
Friday, 1:30pm - 11pm @ PG5 115

#weareinit #hackathon #miamitech #diversityintech #miami #technology #tech #instatech #techie #innovation #computerscience #programming #software #webdevelopment #artificialintelligence #machinelearning #cybersecurity #womenintech #developer #college #collegelife #student #career #careergoals #internship",0,04/01/2024 11:27,https://www.instagram.com/p/C5OpirbPtXI/,IG image,,Lifetime,,102,32,0,0,0,0
18355040827192016,17841451978606513,init.national,INIT National,"🎄❄️ #merrychristmas & #happyholidays! ❄️🎄

We hope you have a wonderful time celebrating with your family, friends, and loved ones! You’ve worked hard this year and deserve to celebrate your success - we’re proud of your achievements and we hope you are too! 🥳

We look forward to seeing you again in the new year, with more exciting announcements, events, opportunities, and resources to help you launch your career in tech. Until then, stay safe, healthy, and happy! 😁 

Wishing you all the best,

INIT Team

#weareinit #miamitech #miami #diversityintech #technology #tech #instatech #techie #innovation #computerscience #programming #coding #software #webdevelopment #artificialintelligence #metaverse #blockchain #web3 #developer #engineer #college #collegelife #student #career #careergoals #internship #job",0,12/23/2024 09:54,https://www.instagram.com/p/DD7hPHiP4sd/,IG image,,Lifetime,4138,1129,35,0,,0,0
18022157810624774,17841406860905948,init.fiu,INIT FIU,"Be chill and come to DEMO day this Friday…

#weareinit #hackathon #miamitech #diversityintech #miami #technology #tech 
#instatech #techie #innovation #computerscience #programming #software #webdevelopment #artificialintelligence #machinelearning #cybersecurity #womenintech #developer #college #collegelife #student #career #careergoals #internship #recruitment #recruiting",10,12/03/2024 08:35,https://www.instagram.com/reel/DDH4GW3x_D7/,IG reel,,Lifetime,8330,3450,195,22,0,8,4
17883226446174826,17841406860905948,init.fiu,INIT FIU,"🥹 Our very last event of the semester… DEMO DAY ‼️ You won’t want to miss out on our final meeting of the semester where companies like Next Era Energy, UKG, and Assurant will be there 😍

#weareinit #hackathon #miamitech #diversityintech #miami #technology #tech 
#instatech #techie #innovation #computerscience #programming #software #webdevelopment #artificialintelligence #machinelearning #cybersecurity #womenintech #developer #college #collegelife #student #career #careergoals #internship #recruitment #recruiting",0,12/03/2024 06:50,https://www.instagram.com/p/DDHsPj5RoR6/,IG carousel,,Lifetime,5415,2753,76,16,2,6,3
18052836661961390,17841406860905948,init.fiu,INIT FIU,"Our last week of events starts this Wednesday and you won’t want to miss out on the last few opportunities to connect ‼️ 

#weareinit #hackathon #miamitech #diversityintech #miami #technology #tech 
#instatech #techie #innovation #computerscience #programming #software #webdevelopment #artificialintelligence #machinelearning #cybersecurity #womenintech #developer #college #collegelife #student #career #careergoals #internship #recruitment #recruiting",0,12/02/2024 07:38,https://www.instagram.com/p/DDFM-DTRuXy/,IG image,,Lifetime,4439,2033,53,9,3,1,7
17894191671030347,17841451978606513,init.national,INIT National,"🦃 Happy Thanksgiving!

As we get together with our families to celebrate gratitude, we want to take a moment to thank you— the students, alumni, partners, and community members at the heart of the INIT community. Your dedication, passion, and drive inspire us every day as we work together to empower people to break into the tech industry.

We’re incredibly thankful to have such an amazing group of individuals shaping our shared vision. Here’s to the incredible growth we’ve seen this year and the exciting developments waiting for us as we expand into more schools, grow our chapters, and bring more opportunities to you!

With gratitude,

The INIT Team 💛",0,11/28/2024 10:20,https://www.instagram.com/p/DC7MSZCPjMb/,IG image,,Lifetime,3594,1133,30,2,,0,0
18047168672078003,17841406860905948,init.fiu,INIT FIU,"▶️ Join us for our intro to web dev workshop series where you’ll learn to showcase your skills and make a site utilizing an NFC-powered portfolio 🤩

#weareinit #hackathon #miamitech #diversityintech #miami #technology #tech 
#instatech #techie #innovation #computerscience #programming #software #webdevelopment #artificialintelligence #machinelearning #cybersecurity #womenintech #developer #college #collegelife #student #career #careergoals #internship #recruitment #recruiting",0,11/19/2024 11:21,https://www.instagram.com/p/DCkIM4ES71v/,IG carousel,,Lifetime,3817,1650,37,5,2,0,2
18067152256659539,17841406860905948,init.fiu,INIT FIU,"▶️ Join us for an awesome leetcode workshop where you’ll go in depth into graphs! 🤔 Concepts related to graphs show up in interviews such as nodes, edges, cycles and connectivity so you’ll want to attend this session!

#weareinit #hackathon #miamitech #diversityintech #miami #technology #tech 
#instatech #techie #innovation #computerscience #programming #software #webdevelopment #artificialintelligence #machinelearning #cybersecurity #womenintech #developer #college #collegelife #student #career #careergoals #internship #recruitment #recruiting",0,11/19/2024 07:07,https://www.instagram.com/p/DCjrHKjxdzT/,IG carousel,,Lifetime,2432,947,22,5,0,0,0
17897730486069190,17841406860905948,init.fiu,INIT FIU,"🥳 Join us tomorrow for an amazing workshop on docker containers!

▶️ Learn about containers and how to run your own applications with those containers for every system. Docker is used in a lot of companies so SWE and is important to know about!

#weareinit #hackathon #miamitech #diversityintech #miami #technology #tech 
#instatech #techie #innovation #computerscience #programming #software #webdevelopment #artificialintelligence #machinelearning #cybersecurity #womenintech #developer #college #collegelife #student #career #careergoals #internship #recruitment #recruiting",0,11/18/2024 07:36,https://www.instagram.com/p/DChJrLKx3YX/,IG carousel,,Lifetime,3199,1360,45,7,0,1,4
18022679927548049,17841406860905948,init.fiu,INIT FIU,"🔍 Check out our workshops and events we will be hosting these next two weeks of the semester 🤩

#weareinit #hackathon #miamitech #diversityintech #miami #technology #tech 
#instatech #techie #innovation #computerscience #programming #software #webdevelopment #artificialintelligence #machinelearning #cybersecurity #womenintech #developer #college #collegelife #student #career #careergoals #internship #recruitment #recruiting",0,11/18/2024 06:16,https://www.instagram.com/p/DChAcAxRfQG/,IG image,,Lifetime,4775,1591,24,4,0,0,2
18253985353257346,17841406860905948,init.fiu,INIT FIU,"Hey everyone! 𝗘-𝗕𝗼𝗮𝗿𝗱 𝗔𝗽𝗽𝗹𝗶𝗰𝗮𝘁𝗶𝗼𝗻𝘀 𝗮𝗿𝗲 𝗢𝗣𝗘𝗡!

We are excited to announce that our Executive Board Positions for the INIT FIU Chapter 2025 are now open! ✨ We can’t wait to meet all the amazing people who will lead the future of this organization in the year to come! 🤩

Join us at INIT FIU if you’re passionate about tech and want to make a real-world impact! 🚀 This is your chance ⭐️

Apply now to be a part of FIU’s largest student-led tech organization!
go.fiu.edu/initeboard
𝘿𝙚𝙖𝙙𝙡𝙞𝙣𝙚: 𝘍𝘳𝘪𝘥𝘢𝘺, 𝘕𝘰𝘷𝘦𝘮𝘣𝘦𝘳 22𝘯𝘥 𝘢𝘵 11:59𝘱𝘮 𝘌𝘚𝘛

#weareinit #hackathon #miamitech #diversityintech #miami #technology #tech #instatech #techie #innovation #computerscience #programming #software #webdevelopment #artificialintelligence #machinelearning #cybersecurity #womenintech #developer #college #collegelife #student #career #careergoals #internship",0,11/09/2024 11:17,https://www.instagram.com/p/DCKXuk1vLX1/,IG carousel,,Lifetime,5528,2071,89,17,1,0,8
18028012313385892,17841406860905948,init.fiu,INIT FIU,"Join us Friday for two workshops 🤩

▶️ The first one will be an Intro to Game Dev: Creating an AI NPC in C# ‼️ Workshop will be @ PG6 112 @ 2pm - 4pm 

▶️ This second workshop will take place right after and will be resume reviews ‼️ Workshop will be @ PG 116 @ 4pm - 6pm

#weareinit #hackathon #miamitech #diversityintech #miami #technology #tech 
#instatech #techie #innovation #computerscience #programming #software #webdevelopment #artificialintelligence #machinelearning #cybersecurity #womenintech #developer #college #collegelife #student #career #careergoals #internship #recruitment #recruiting",0,11/06/2024 06:10,https://www.instagram.com/p/DCCGSlkxl6c/,IG carousel,,Lifetime,2216,1081,27,8,2,0,1
17914924811918610,17841406860905948,init.fiu,INIT FIU,"Join us Friday for two workshops 🤩

▶️ The first one will be this Intro to Game Dev: Creating an AI NPC in C# ‼️ Workshop will be @ PG6 112 @ 2pm - 4pm 

▶️ The second workshop will take place right after and will be resume reviews ‼️ Workshop will be @ PG 116 @ 4pm - 6pm

#weareinit #hackathon #miamitech #diversityintech #miami #technology #tech 
#instatech #techie #innovation #computerscience #programming #software #webdevelopment #artificialintelligence #machinelearning #cybersecurity #womenintech #developer #college #collegelife #student #career #careergoals #internship #recruitment #recruiting",0,11/06/2024 06:06,https://www.instagram.com/p/DCCF0cnRfx1/,IG carousel,,Lifetime,2176,1041,28,2,0,0,1
17939852312921722,17841406860905948,init.fiu,INIT FIU,"🥳 Here’s is a list view of all of our upcoming event in the next two weeks! We have interview prep and game dev and resume building and more!

🔔 Highlighting on one of our MAJOR events:
next week we have an information session with @microsoft ‼️ Make sure to secure your spot by registering on our Luma page and show up!

#weareinit #hackathon #miamitech #diversityintech #miami #technology #tech #instatech #techie #innovation #computerscience #programming #software #webdevelopment #artificialintelligence #machinelearning #cybersecurity #womenintech #developer #college #collegelife #student #career #careergoals #internship #recruitment #recruiting",0,11/05/2024 17:32,https://www.instagram.com/p/DCAvdcfp-gC/,IG image,,Lifetime,3133,1487,26,5,0,1,3
17923742768882435,17841406860905948,init.fiu,INIT FIU,"🚨 ALERT 🚨 ALERT 🚨 ALERT 🚨 
🥳 very important event coming up next week with @microsoft ‼️ You won’t want to miss one of our most major events of the year where @microsoft will be coming down to FIU to partner with us in hosting an info session 🤩

▶️ Make sure to RSVP to secure your spot and come to meet recruiters and learn about internships and job opportunities 🥳

#weareinit #hackathon #miamitech #diversityintech #miami #technology #tech #instatech #techie #innovation #computerscience #programming #software #webdevelopment #artificialintelligence #machinelearning #cybersecurity #womenintech #developer #college #collegelife #student #career #careergoals #internship #recruitment #recruiting",0,11/05/2024 17:10,https://www.instagram.com/p/DCAs7Z0PiM4/,IG image,,Lifetime,4534,2006,31,19,2,0,2
18025569317596021,17841406860905948,init.fiu,INIT FIU,"🔔 Interview Prep: Priority Queues ‼️ 
Thursday, November 7th @ 3:30pm @ PG6 112

#weareinit #hackathon #miamitech #diversityintech #miami #technology #tech #instatech #techie #innovation #computerscience #programming #software #webdevelopment #artificialintelligence #machinelearning #cybersecurity #womenintech #developer #college #collegelife #student #career #careergoals #internship #recruitment #recruiting",0,11/04/2024 05:40,https://www.instagram.com/p/DB85PJOx9Rc/,IG carousel,,Lifetime,3380,1739,58,17,0,0,4
18045250973009816,17841406860905948,init.fiu,INIT FIU,"🚨 SPECIAL GIVEAWAY 🚨 
We’re giving away AirPods!!!! Make sure to join us today @ 3:30pm @ PG5 155 for spooky 🎃activities in honor of Halloween tomorrow 👻 it’s gonna be awesome!

#weareinit #hackathon #miamitech #diversityintech #miami #technology #tech #instatech #techie #innovation #computerscience #programming #software #webdevelopment #artificialintelligence #machinelearning #cybersecurity #womenintech #developer #college #collegelife #student #career #careergoals #internship #recruitment #recruiting",12,10/30/2024 06:50,https://www.instagram.com/reel/DBwCSGERWvh/,IG reel,,Lifetime,1906,1110,21,2,0,0,0
18046151666301990,17841406860905948,init.fiu,INIT FIU,"Join us this Wednesday before 🎃 Halloween 👻 to hang out and play Halloween themed games with us! We’re going to have so many fun things for you to do including a special VR game 👀

#weareinit #hackathon #miamitech #diversityintech #miami #technology #tech #instatech #techie #innovation #computerscience #programming #software #webdevelopment #artificialintelligence #machinelearning #cybersecurity #womenintech #developer #college #collegelife #student #career #careergoals #internship #recruitment #recruiting",0,10/28/2024 06:40,https://www.instagram.com/p/DBq3q3bxgig/,IG image,,Lifetime,3364,1460,53,18,1,0,6
18031741853086368,17841406860905948,init.fiu,INIT FIU,"🤩 Get ready for our Halloween event planned for next week 👻! Details will be out soon 😱

P.S. lover boy from valentines days needs some costume ideas 

#weareinit #hackathon #miamitech #diversityintech #miami #technology #tech #instatech #techie #innovation #computerscience #programming #software #webdevelopment #artificialintelligence #machinelearning #cybersecurity #womenintech #developer #college #collegelife #student #career #careergoals #internship #recruitment #recruiting",8,10/23/2024 06:57,https://www.instagram.com/reel/DBeBgaDRqIU/,IG reel,,Lifetime,2600,1444,31,2,0,0,1
18052470058924557,17841406860905948,init.fiu,INIT FIU,"😍🙏🏻 Thank you to accenture federal services for working with INIT FIU in our previously held info session with them! 
🧐 The team gave our students an insight into the important challenges Accenture faces and how technology is making an impact!
😊 We were so excited to host them and hope to see more of our members working there in the future!

🥳 Shoutout to the Accenture team: Jessica Brito, Obed Sanchez, Joshua Naraine, and Arnaldo J. Garcia Rivera

#weareinit #hackathon #miamitech #diversityintech #miami #technology #tech #instatech #techie #innovation #computerscience #programming #software #webdevelopment #artificialintelligence #machinelearning #cybersecurity #womenintech #developer #college #collegelife #student #career #careergoals #internship #recruitment #recruiting",0,10/08/2024 10:52,https://www.instagram.com/p/DA30mkbvuQQ/,IG carousel,,Lifetime,4123,1825,156,11,0,0,2
18072399088603258,17841406860905948,init.fiu,INIT FIU,"Thank you so much for everyone who attended this year’s #Shellahacks ! We’re so grateful for all the hackers, sponsors, mentors, and volunteers for made this event what it was 😍. We hope to see everyone next year 🥳

Photos from ShellHacks 2024: https://www.flickr.com/photos/initfiu/albums/72177720320950620/

#weareinit #hackathon #miamitech #diversityintech #miami #technology #tech #instatech #techie #innovation #computerscience #programming #software #webdevelopment #artificialintelligence #machinelearning #cybersecurity #womenintech #developer #college #collegelife #student #career #careergoals #internship #recruitment #recruiting",0,10/07/2024 07:02,https://www.instagram.com/p/DA01ceHxq8C/,IG image,,Lifetime,2989,1601,152,2,0,0,1
17928775415945987,17841406860905948,init.fiu,INIT FIU,caption this,8,09/28/2024 15:53,https://www.instagram.com/reel/DAenF51Psb3/,IG reel,,Lifetime,6187,2431,201,13,0,4,3
17923041710859120,17841406860905948,init.fiu,INIT FIU,"😍 Thank you so much to SouthWest for helping fund this year’s #ShellHacks 🥳

We’re so grateful to have them by our side this year and learn lots about their company and opportunities!

#weareinit #hackathon #miamitech #diversityintech #miami #technology #tech #instatech #techie #innovation #computerscience #programming #software #webdevelopment #artificialintelligence #machinelearning #cybersecurity #womenintech #developer #college #collegelife #student #career #careergoals #internship #recruitment #recruiting",0,09/27/2024 11:00,https://www.instagram.com/p/DAbgv7MPV7a/,IG image,,Lifetime,2636,1351,31,0,0,0,2
18329413636198126,17841406860905948,init.fiu,INIT FIU,"😍 Thank you so much to @codepathorg for helping fund this year’s #ShellHacks 🥳

We’re so grateful to have them by our side this year and learn lots about their company and opportunities!

#weareinit #hackathon #miamitech #diversityintech #miami #technology #tech #instatech #techie #innovation #computerscience #programming #software #webdevelopment #artificialintelligence #machinelearning #cybersecurity #womenintech #developer #college #collegelife #student #career #careergoals #internship #recruitment #recruiting",0,09/27/2024 10:00,https://www.instagram.com/p/DAbZ6yQPfJQ/,IG image,,Lifetime,2315,1232,14,0,0,0,0
18333375775177234,17841406860905948,init.fiu,INIT FIU,"😍 Thank you so much to ETHMiami for helping fund this year’s #ShellHacks 🥳

We’re so grateful to have them by our side this year and learn lots about their company 

#weareinit #hackathon #miamitech #diversityintech #miami #technology #tech #instatech #techie #innovation #computerscience #programming #software #webdevelopment #artificialintelligence #machinelearning #cybersecurity #womenintech #developer #college #collegelife #student #career #careergoals #internship #recruitment #recruiting",0,09/27/2024 09:00,https://www.instagram.com/p/DAbTFLWvail/,IG image,,Lifetime,2169,1121,25,1,2,1,2
17983224107726334,17841406860905948,init.fiu,INIT FIU,"😍 Thank you so much to GitHub for helping fund this year’s #ShellHacks 🥳

We’re so grateful to have them by our side this year and learn lots about their company 🤩 Super excited to see what their sponsor challenge is too 👀

#weareinit #hackathon #miamitech #diversityintech #miami #technology #tech #instatech #techie #innovation #computerscience #programming #software #webdevelopment #artificialintelligence #machinelearning #cybersecurity #womenintech #developer #college #collegelife #student #career #careergoals #internship #recruitment #recruiting",0,09/27/2024 08:00,https://www.instagram.com/p/DAbMIcQvr2L/,IG image,,Lifetime,2223,1134,30,0,0,0,1
17850320244263737,17841406860905948,init.fiu,INIT FIU,"😍 Thank you so much to GeeksforGeeks for helping fund this year’s #ShellHacks 🥳

We’re so grateful to have them by our side this year and learn lots about their company 🤩

#weareinit #hackathon #miamitech #diversityintech #miami #technology #tech #instatech #techie #innovation #computerscience #programming #software #webdevelopment #artificialintelligence #machinelearning #cybersecurity #womenintech #developer #college #collegelife #student #career #careergoals #internship #recruitment #recruiting",0,09/27/2024 07:00,https://www.instagram.com/p/DAbFUQ0PvyO/,IG image,,Lifetime,2323,1136,21,0,0,0,0
18269728327217741,17841406860905948,init.fiu,INIT FIU,"Meet the organizers for #ShellHacks 2024 🥳

#weareinit #hackathon #miamitech #diversityintech #miami #technology #tech #instatech #techie #innovation #computerscience #programming #software #webdevelopment #artificialintelligence #machinelearning #cybersecurity #womenintech #developer #college #collegelife #student #career #careergoals #internship #recruitment #recruiting",14,09/27/2024 06:41,https://www.instagram.com/reel/DAbDCYvxN20/,IG reel,,Lifetime,9306,4097,287,10,6,4,4
17913498723004589,17841406860905948,init.fiu,INIT FIU,"😍 Thank you so much to Chainguard for helping fund this year’s #ShellHacks 🥳

We’re so grateful to have them by our side this year and learn lots about their company 🤩

#weareinit #hackathon #miamitech #diversityintech #miami #technology #tech #instatech #techie #innovation #computerscience #programming #software #webdevelopment #artificialintelligence #machinelearning #cybersecurity #womenintech #developer #college #collegelife #student #career #careergoals #internship #recruitment #recruiting",0,09/26/2024 12:40,https://www.instagram.com/p/DAZHcdhPoZA/,IG image,,Lifetime,1409,792,22,0,0,0,1
18071509153522308,17841406860905948,init.fiu,INIT FIU,"😍 Thank you so much to Patient Safety Technology Challenge for helping fund this year’s #ShellHacks 🥳

We’re so grateful to have them by our side this year and learn about their challenge proposition. Make sure to stop by and ask!

#weareinit #hackathon #miamitech #diversityintech #miami #technology #tech #instatech #techie #innovation #computerscience #programming #software #webdevelopment #artificialintelligence #machinelearning #cybersecurity #womenintech #developer #college #collegelife #student #career #careergoals #internship #recruitment #recruiting",0,09/26/2024 11:40,https://www.instagram.com/p/DAZAiG0Pjx1/,IG image,,Lifetime,1737,909,22,0,0,0,0
18296018878201342,17841406860905948,init.fiu,INIT FIU,"😍 Thank you so much to @brkthroughtech for helping fund this year’s #ShellHacks 🥳

We’re so grateful to have them by our side this year and learn about their sprinternship and other opportunities 🤩

#weareinit #hackathon #miamitech #diversityintech #miami #technology #tech #instatech #techie #innovation #computerscience #programming #software #webdevelopment #artificialintelligence #machinelearning #cybersecurity #womenintech #developer #college #collegelife #student #career #careergoals #internship #recruitment #recruiting",0,09/26/2024 10:40,https://www.instagram.com/p/DAY5qerP7tC/,IG image,,Lifetime,1766,901,24,1,0,0,1
18077794306545277,17841406860905948,init.fiu,INIT FIU,"😍 Thank you so much to North Star Caterings for helping fund this year’s #ShellHacks 🥳

We’re so grateful to have them by our side this year!

#weareinit #hackathon #miamitech #diversityintech #miami #technology #tech #instatech #techie #innovation #computerscience #programming #software #webdevelopment #artificialintelligence #machinelearning #cybersecurity #womenintech #developer #college #collegelife #student #career #careergoals #internship #recruitment #recruiting",0,09/26/2024 09:40,https://www.instagram.com/p/DAYyyooPsKd/,IG image,,Lifetime,1822,950,24,0,0,0,0
18162838165315813,17841406860905948,init.fiu,INIT FIU,"😍 Thank you so much to @cafecultura_mia for helping fund this year’s #ShellHacks 🥳

We’re so grateful to have them by our side this year and learn lots about their company! Make sure to ask!

#weareinit #hackathon #miamitech #diversityintech #miami #technology #tech #instatech #techie #innovation #computerscience #programming #software #webdevelopment #artificialintelligence #machinelearning #cybersecurity #womenintech #developer #college #collegelife #student #career #careergoals #internship #recruitment #recruiting",0,09/26/2024 08:52,https://www.instagram.com/p/DAYtRLUP6JL/,IG image,,Lifetime,2088,1112,32,2,0,1,0
17997835052689726,17841406860905948,init.fiu,INIT FIU,"🥳 Get ready for some merch this weekend! Which shirt do you think will be yours?

#weareinit #hackathon #miamitech #diversityintech #miami #technology #tech #instatech #techie #innovation #computerscience #programming #software #webdevelopment #artificialintelligence #machinelearning #cybersecurity #womenintech #developer #college #collegelife #student #career #careergoals #internship #recruitment #recruiting",13,09/25/2024 10:17,https://www.instagram.com/reel/DAWSDBAvUfk/,IG reel,,Lifetime,6067,2591,105,17,2,6,4
18062489329725330,17841406860905948,init.fiu,INIT FIU,"🥳 Congratulations to all of our team leads this semester 😍

#weareinit #hackathon #miamitech #diversityintech #miami #technology #tech #instatech #techie #innovation #computerscience #programming #software #webdevelopment #artificialintelligence #machinelearning #cybersecurity #womenintech #developer #college #collegelife #student #career #careergoals #internship #recruitment #recruiting",0,09/24/2024 12:30,https://www.instagram.com/p/DAT8t1rPXHz/,IG carousel,,Lifetime,4055,1450,126,14,0,2,5
17980411787749881,17841406860905948,init.fiu,INIT FIU,"🥳 Congratulations to all of our team leads this semester 😍

#weareinit #hackathon #miamitech #diversityintech #miami #technology #tech #instatech #techie #innovation #computerscience #programming #software #webdevelopment #artificialintelligence #machinelearning #cybersecurity #womenintech #developer #college #collegelife #student #career #careergoals #internship #recruitment #recruiting",0,09/24/2024 12:15,https://www.instagram.com/p/DAT69QvvHsk/,IG carousel,,Lifetime,3789,1499,96,28,3,4,1
17908956741009686,17841406860905948,init.fiu,INIT FIU,"🥳 Congratulations to all of our team leads this semester 😍

#weareinit #hackathon #miamitech #diversityintech #miami #technology #tech #instatech #techie #innovation #computerscience #programming #software #webdevelopment #artificialintelligence #machinelearning #cybersecurity #womenintech #developer #college #collegelife #student #career #careergoals #internship #recruitment #recruiting",0,09/24/2024 11:53,https://www.instagram.com/p/DAT4aWNPmzB/,IG carousel,,Lifetime,5624,2347,207,47,0,12,9
17940842561899636,17841406860905948,init.fiu,INIT FIU,"🔔 Join us tomorrow where alongside @microsoft we will be hosting a pre-ShellHacks event! At this event, prepare to ready everything you’ll need for ShellHacks while also meeting @microsoft representatives! 🥳

#weareinit #hackathon #miamitech #diversityintech #miami #technology #tech #instatech #techie #innovation #computerscience #programming #software #webdevelopment #artificialintelligence #machinelearning #cybersecurity #womenintech #developer #college #collegelife #student #career #careergoals #internship #recruitment #recruiting",0,09/23/2024 08:43,https://www.instagram.com/p/DAQ977SvmUT/,IG image,,Lifetime,3643,1948,79,33,1,0,10
18364048636107091,17841406860905948,init.fiu,INIT FIU,"Third wave of sponsors! Thank you again so much to these amazing sponsors and all of our other amazing sponsors too 😍

#weareinit #hackathon #miamitech #diversityintech #miami #technology #tech #instatech #techie #innovation #computerscience #programming #software #webdevelopment #artificialintelligence #machinelearning #cybersecurity #womenintech #developer #college #collegelife #student #career #careergoals #internship #recruitment #recruiting",0,09/22/2024 14:17,https://www.instagram.com/p/DAO_VgSvOCn/,IG image,,Lifetime,2501,1330,35,4,0,0,2
18038209912935858,17841406860905948,init.fiu,INIT FIU,"Yes what you’ve heard is true, the rumours are true 🤭

#weareinit #hackathon #miamitech #diversityintech #miami #technology #tech #instatech #techie #innovation #computerscience #programming #software #webdevelopment #artificialintelligence #machinelearning #cybersecurity #womenintech #developer #college #collegelife #student #career #careergoals #internship #recruitment #recruiting",13,09/21/2024 10:04,https://www.instagram.com/reel/DAL9Y6KvNBU/,IG reel,,Lifetime,3854,1885,75,10,1,5,4
18014925845617123,17841406860905948,init.fiu,INIT FIU,"‼️ Tomorrow ‼️ @ 4-6pm @ PG6 116
Career prep for #ShellHacks 2024 which is NEXT WEEK!!! 🥳

#weareinit #hackathon #miamitech #diversityintech #miami #technology #tech #instatech #techie #innovation #computerscience #programming #software #webdevelopment #artificialintelligence #machinelearning #cybersecurity #womenintech #developer #college #collegelife #student #career #careergoals #internship #recruitment #recruiting",0,09/19/2024 11:16,https://www.instagram.com/p/DAG8MdqPvNq/,IG carousel,,Lifetime,2706,1483,56,15,1,0,6
18077643217548665,17841406860905948,init.fiu,INIT FIU,"‼️ Tomorrow ‼️ @ 2-4pm @ PG6 116
Intro to ML: Deep Learning

#weareinit #hackathon #miamitech #diversityintech #miami #technology #tech #instatech #techie #innovation #computerscience #programming #software #webdevelopment #artificialintelligence #machinelearning #cybersecurity #womenintech #developer #college #collegelife #student #career #careergoals #internship #recruitment #recruiting",0,09/19/2024 09:13,https://www.instagram.com/p/DAGuNIhPtXM/,IG carousel,,Lifetime,2662,1335,74,9,0,0,0
17984372885589978,17841406860905948,init.fiu,INIT FIU,"Missed both of our Q&A sessions? Don’t worry, here is a recap of our most recent one!

#weareinit #hackathon #miamitech #diversityintech #miami #technology #tech #instatech #techie #innovation #computerscience #programming #software #webdevelopment #artificialintelligence #machinelearning #cybersecurity #womenintech #developer #college #collegelife #student #career #careergoals #internship #recruitment #recruiting",0,09/18/2024 07:06,https://www.instagram.com/p/DAD60GjxKSU/,IG carousel,,Lifetime,3043,1212,61,22,0,0,10
18015788687312537,17841406860905948,init.fiu,INIT FIU,"🗣️ Check your emails panthers!!!
Final wave of acceptances is out 😱

#weareinit #hackathon #miamitech #diversityintech #miami #technology #tech #instatech #techie #innovation #computerscience #programming #software #webdevelopment #artificialintelligence #machinelearning #cybersecurity #womenintech #developer #college #collegelife #student #career #careergoals #internship #recruitment #recruiting",0,09/17/2024 16:16,https://www.instagram.com/p/DAB8TVKP4iB/,IG image,,Lifetime,2261,985,30,4,0,0,0
17930402696925943,17841406860905948,init.fiu,INIT FIU,That’s a wrap!! 🦕 REGISTRATION IS NOW CLOSED 🦖 Remember to confirm attendance in your hacker dashboard 💜 See you on September 27th-29th🫡,0,09/15/2024 21:00,https://www.instagram.com/p/C_9r1eqN9vB/,IG image,,Lifetime,2525,1320,56,7,0,1,0
18014970887612528,17841406860905948,init.fiu,INIT FIU,"Join us this week on Tuesday, September 17th for a NIKE X INIT info session 🤩

We will have recruiters from NIKE there to tell you all about the process on how to get tech internships at the company!

⏰ 3pm - 5pm
🏠 AHC 5
🚪 201

😍 We’re so thankful to have this amazing partnership with such an awesome company!

#weareinit #hackathon #miamitech #diversityintech #miami #technology #tech #instatech #techie #innovation #computerscience #programming #software #webdevelopment #artificialintelligence #machinelearning #cybersecurity #womenintech #developer #college #collegelife #student #career #careergoals #internship #recruitment #recruiting",0,09/15/2024 09:54,https://www.instagram.com/p/C_8fsMkvKE0/,IG image,,Lifetime,2631,1122,44,13,0,0,11
18059998021734656,17841406860905948,init.fiu,INIT FIU,"🚨 Last day to register for #ShellHacks ‼️ 

#weareinit #hackathon #miamitech #diversityintech #miami #technology #tech #instatech #techie #innovation #computerscience #programming #software #webdevelopment #artificialintelligence #machinelearning #cybersecurity #womenintech #developer #college #collegelife #student #career #careergoals #internship #recruitment #recruiting",0,09/15/2024 09:06,https://www.instagram.com/p/C_8aJbTvF78/,IG image,,Lifetime,1961,1019,17,7,1,0,1
18001444571662222,17841406860905948,init.fiu,INIT FIU,"Gumball hasn’t registered for Shell, he just doesn’t get it... but we do!

Sign up before the final FINAL deadline tomorrow 🔗 ShellHacks.net

#weareinit #hackathon #miamitech #diversityintech #miami #technology #tech #instatech #techie #innovation #computerscience #programming #software #webdevelopment #artificialintelligence #machinelearning #cybersecurity #womenintech #developer #college #collegelife #student #career #careergoals #internship #recruitment #recruiting",9,09/14/2024 09:07,https://www.instagram.com/reel/C_51TuCvL98/,IG reel,,Lifetime,2714,1394,93,14,0,1,4
18008655575383719,17841406860905948,init.fiu,INIT FIU,"🚨 1 day left until the final #ShellHacks registration deadline

#weareinit #hackathon #miamitech #diversityintech #miami #technology #tech #instatech #techie #innovation #computerscience #programming #software #webdevelopment #artificialintelligence #machinelearning #cybersecurity #womenintech #developer #college #collegelife #student #career #careergoals #internship #recruitment #recruiting",0,09/14/2024 09:02,https://www.instagram.com/p/C_506B6vfEH/,IG image,,Lifetime,1626,980,16,2,0,0,0
18075106807558838,17841406860905948,init.fiu,INIT FIU,"😍🥳 Thank you to @bnymellon for sponsoring this years #ShellHacks for the first time! We’re so excited 🥳

Make sure to stop by their booth to talk to employers and ask about all their opportunities 

#weareinit #hackathon #miamitech #diversityintech #miami #technology #tech #instatech #techie #innovation #computerscience #programming #software #webdevelopment #artificialintelligence #machinelearning #cybersecurity #womenintech #developer #college #collegelife #student #career #careergoals #internship #recruitment #recruiting",62,09/13/2024 11:54,https://www.instagram.com/reel/C_3jrWEPX9X/,IG reel,,Lifetime,1904,985,28,2,0,1,0
18035942309323335,17841406860905948,init.fiu,INIT FIU,"🚨 2 days left until the final #ShellHacks registration deadline

#weareinit #hackathon #miamitech #diversityintech #miami #technology #tech #instatech #techie #innovation #computerscience #programming #software #webdevelopment #artificialintelligence #machinelearning #cybersecurity #womenintech #developer #college #collegelife #student #career #careergoals #internship #recruitment #recruiting",0,09/13/2024 07:31,https://www.instagram.com/p/C_3FrcmxkDd/,IG image,,Lifetime,1518,925,17,3,0,0,1
17856888414252938,17841406860905948,init.fiu,INIT FIU,"😍 Once again, thank you so much to @statefarm for coming BACK and sponsoring this years #ShellHacks 2024!

▶️ Make sure to stop by their booth to learn about how to get more involved with the tech side of their company which is super vital to the business. Also learn about their challenge project and impress them with your skills!

#weareinit #hackathon #miamitech #diversityintech #miami #technology #tech #instatech #techie #innovation #computerscience #programming #software #webdevelopment #artificialintelligence #machinelearning #cybersecurity #womenintech #developer #college #collegelife #student #career #careergoals #internship #recruitment #recruiting",43,09/12/2024 06:59,https://www.instagram.com/reel/C_0dI1TxEsB/,IG reel,,Lifetime,2138,1218,57,8,0,0,2
18035185280150858,17841406860905948,init.fiu,INIT FIU,"🚨 3 days left until the final #ShellHacks registration deadline

#weareinit #hackathon #miamitech #diversityintech #miami #technology #tech #instatech #techie #innovation #computerscience #programming #software #webdevelopment #artificialintelligence #machinelearning #cybersecurity #womenintech #developer #college #collegelife #student #career #careergoals #internship #recruitment #recruiting",0,09/12/2024 06:49,https://www.instagram.com/p/C_0cEleRZ52/,IG image,,Lifetime,1775,847,11,5,1,0,1
18041956624995998,17841406860905948,init.fiu,INIT FIU,"INIT BUILD membership applications have opened ‼️

#weareinit #hackathon #miamitech #diversityintech #miami #technology #tech #instatech #techie #innovation #computerscience #programming #software #webdevelopment #artificialintelligence #machinelearning #cybersecurity #womenintech #developer #college #collegelife #student #career #careergoals #internship #recruitment #recruiting",0,09/11/2024 14:42,https://www.instagram.com/p/C_ytbwlPTch/,IG image,,Lifetime,8220,2843,79,31,0,6,9
18002244140652653,17841406860905948,init.fiu,INIT FIU,"Make sure to stop by @nvidia ‘s table to ask about their undergrad internship opportunities and the very educational workshops they will be hosting during #ShellHacks ‼️ 

Thank you again to @nvidia for sponsoring this years #ShellHacks 😍

#weareinit #hackathon #miamitech #diversityintech #miami #technology #tech #instatech #techie #innovation #computerscience #programming #software #webdevelopment #artificialintelligence #machinelearning #cybersecurity #womenintech #developer #college #collegelife #student #career #careergoals #internship #recruitment #recruiting",42,09/11/2024 11:00,https://www.instagram.com/reel/C_yT8Chv9Ys/,IG reel,,Lifetime,2306,1236,47,54,0,2,2
18112129576405437,17841406860905948,init.fiu,INIT FIU,"🥳 Check out our workshops for this week 

⭐INIT REACH: Weekly Interview Prep (❗Tomorrow❗): Thursday, 3:30pm - 5:30pm @ PG6 112

⭐INIT EXPLORE: Intro to Machine Learning: Friday, 2pm - 4pm @ PG6 116

Register now! 🔗 go.fiu.edu/init

#weareinit #hackathon #miamitech #diversityintech #miami #technology #tech #instatech #techie #innovation #computerscience #programming #software #webdevelopment #artificialintelligence #machinelearning #cybersecurity #womenintech #developer #college #collegelife #student #career #careergoals #internship #recruitment #recruiting",0,09/11/2024 08:42,https://www.instagram.com/p/C_yERe-PLBH/,IG image,,Lifetime,2406,1202,42,6,1,0,2
17928806261826106,17841406860905948,init.fiu,INIT FIU,"🚨 4 days left until the final #ShellHacks registration deadline

#weareinit #hackathon #miamitech #diversityintech #miami #technology #tech #instatech #techie #innovation #computerscience #programming #software #webdevelopment #artificialintelligence #machinelearning #cybersecurity #womenintech #developer #college #collegelife #student #career #careergoals #internship #recruitment #recruiting",0,09/11/2024 07:17,https://www.instagram.com/p/C_x6krzxqiY/,IG image,,Lifetime,1522,826,19,5,0,0,1
18448257445057472,17841406860905948,init.fiu,INIT FIU,"🥳 Thank you to @microsoft for sponsoring this years #ShellHacks!!! So excited to see them again and to learn more about the amazing opportunities that they provide for students 😍

#weareinit #hackathon #miamitech #diversityintech #miami #technology #tech #instatech #techie #innovation #computerscience #programming #software #webdevelopment #artificialintelligence #machinelearning #cybersecurity #womenintech #developer #college #collegelife #student #career #careergoals #internship #recruitment #recruiting",16,09/10/2024 08:36,https://www.instagram.com/reel/C_vepnaRzMV/,IG reel,,Lifetime,3062,1416,91,10,0,2,5
18069019528594658,17841406860905948,init.fiu,INIT FIU,"🚨 5 days left until the final #ShellHacks registration deadline

#weareinit #hackathon #miamitech #diversityintech #miami #technology #tech #instatech #techie #innovation #computerscience #programming #software #webdevelopment #artificialintelligence #machinelearning #cybersecurity #womenintech #developer #college #collegelife #student #career #careergoals #internship #recruitment #recruiting",0,09/10/2024 06:26,https://www.instagram.com/p/C_vP6mavZq5/,IG image,,Lifetime,1298,717,14,4,0,2,0
18023544533153021,17841406860905948,init.fiu,INIT FIU,"🥳 Thank you to one of our sponsors @BreakThroughTech

Learn about their sprinternship program and amazing AI guild!

#weareinit #hackathon #miamitech #diversityintech #miami #technology #tech #instatech #techie #innovation #computerscience #programming #software #webdevelopment #artificialintelligence #machinelearning #cybersecurity #womenintech #developer #college #collegelife #student #career #careergoals #internship #recruitment #recruiting",60,09/09/2024 10:16,https://www.instagram.com/reel/C_tFTbNPd6h/,IG reel,,Lifetime,2593,1430,44,4,1,2,1
18115007020400035,17841406860905948,init.fiu,INIT FIU,"Third wave of acceptances is out 👀
CHECK YOUR EMAILS PANTHERS 🥳🥳

#weareinit #hackathon #miamitech #diversityintech #miami #technology #tech #instatech #techie #innovation #computerscience #programming #software #webdevelopment #artificialintelligence #machinelearning #cybersecurity #womenintech #developer #college #collegelife #student #career #careergoals #internship #recruitment #recruiting",0,09/09/2024 09:26,https://www.instagram.com/p/C_s_rWEPQg8/,IG image,,Lifetime,1613,900,46,6,0,0,1
18021652781187801,17841406860905948,init.fiu,INIT FIU,"🚨 6 days left until the final #ShellHacks registration deadline

#weareinit #hackathon #miamitech #diversityintech #miami #technology #tech #instatech #techie #innovation #computerscience #programming #software #webdevelopment #artificialintelligence #machinelearning #cybersecurity #womenintech #developer #college #collegelife #student #career #careergoals #internship #recruitment #recruiting",0,09/09/2024 08:00,https://www.instagram.com/p/C_s14Yqx3CO/,IG image,,Lifetime,1728,1044,25,5,0,0,1
18066506458529746,17841406860905948,init.fiu,INIT FIU,"Thank you to all our sponsors for #ShellHacks 2024

#weareinit #hackathon #miamitech #diversityintech #miami #technology #tech #instatech #techie #innovation #computerscience #programming #software #webdevelopment #artificialintelligence #machinelearning #cybersecurity #womenintech #developer #college #collegelife #student #career #careergoals #internship #recruitment #recruiting",0,09/08/2024 15:16,https://www.instagram.com/p/C_rC-Xdv-be/,IG image,,Lifetime,4565,3319,75,14,9,0,8
17976751151748437,17841406860905948,init.fiu,INIT FIU,"🚨 7 days left until the final #ShellHacks registration deadline

#weareinit #hackathon #miamitech #diversityintech #miami #technology #tech #instatech #techie #innovation #computerscience #programming #software #webdevelopment #artificialintelligence #machinelearning #cybersecurity #womenintech #developer #college #collegelife #student #career #careergoals #internship #recruitment #recruiting",0,09/08/2024 12:46,https://www.instagram.com/p/C_qx1c0P2nW/,IG image,,Lifetime,1799,1021,27,3,0,0,1
17939028551887829,17841406860905948,init.fiu,INIT FIU,"🚨 8 days left until the final #ShellHacks registration deadline

#weareinit #hackathon #miamitech #diversityintech #miami #technology #tech #instatech #techie #innovation #computerscience #programming #software #webdevelopment #artificialintelligence #machinelearning #cybersecurity #womenintech #developer #college #collegelife #student #career #careergoals #internship #recruitment #recruiting",0,09/07/2024 11:36,https://www.instagram.com/p/C_oE_21PeCD/,IG image,,Lifetime,2054,1164,37,43,2,0,4
18005616707638436,17841406860905948,init.fiu,INIT FIU,"What are you going to bring to #ShellHacks?

#weareinit #hackathon #miamitech #diversityintech #miami #technology #tech #instatech #techie #innovation #computerscience #programming #software #webdevelopment #artificialintelligence #machinelearning #cybersecurity #womenintech #developer #college #collegelife #student #career #careergoals #internship #recruitment #recruiting",38,09/06/2024 07:35,https://www.instagram.com/reel/C_lEcZGRzWa/,IG reel,,Lifetime,3623,1657,63,51,1,9,6
18043773514953740,17841406860905948,init.fiu,INIT FIU,"😎 Welcome back panthers! Check out our first week of workshops 🚀 

⭐INIT REACH: Weekly Interview Prep (❗Tomorrow❗): Thursday, 3:30pm - 5:30pm @ PG6 112

⭐INIT EXPLORE: Intro to Machine Learning: Friday, 2pm - 4pm @ PG6 116

⭐INIT REACH: Career prep: Friday, 4pm - 6pm @ PG6 116

Register now! 🔗 go.fiu.edu/init

#weareinit #hackathon #miamitech #diversityintech #miami #technology #tech #instatech #techie #innovation #computerscience #programming #software #webdevelopment #artificialintelligence #machinelearning #cybersecurity #womenintech #developer #college #collegelife #student #career #careergoals #internship #recruitment #recruiting",0,09/04/2024 10:49,https://www.instagram.com/p/C_gRQhHP_r-/,IG image,,Lifetime,3999,2444,63,13,3,1,5
18450299734052983,17841406860905948,init.fiu,INIT FIU,"🤩 Check out the non-profit patient safety technology challenge that will be held at #ShellHacks this year 🥳

Come meet recruiters from the company and ask about the challenge and other opportunities!
And don’t miss out on all the other opportunities and workshops that will be held alongside these amazing challenges!
#weareinit #hackathon #miamitech #diversityintech #miami #technology #tech #instatech #techie #innovation #computerscience #programming #software #webdevelopment #artificialintelligence #machinelearning #cybersecurity #womenintech #developer #college #collegelife #student #career #careergoals #internship #recruitment #recruiting",23,09/04/2024 08:39,https://www.instagram.com/reel/C_gCRI5x5EO/,IG reel,,Lifetime,1810,1006,36,2,0,1,2
18006787295394237,17841406860905948,init.fiu,INIT FIU,"🦖⏰ **BREAKING: Registration Extended!** 🦕🚀 You’ve got extra time to join the ShellHacks. Don’t let this chance go extinct—register now and bring your ideas to life! 📝✨

#weareinit #hackathon #miamitech #diversityintech #miami #technology #tech #instatech #techie #innovation #computerscience #programming #software #webdevelopment #artificialintelligence #machinelearning #cybersecurity #womenintech #developer #college #collegelife #student #career #careergoals #internship #recruitment #recruiting",0,09/01/2024 21:16,https://www.instagram.com/p/C_ZqpUGsgEV/,IG image,,Lifetime,2958,1601,44,12,3,0,5
18011335574550446,17841406860905948,init.fiu,INIT FIU,"‼️ Tomorrow ‼️ @ 12pm - 7pm
Visit the arcade in an effort to support STEM and STEAM development! @cafecultura_mia has partnered with Flynn’s Arcade and Infento
🥳 Come have fun and play arcade games!

#weareinit #hackathon #miamitech #diversityintech #miami #technology #tech #instatech #techie #innovation #computerscience #programming #software #webdevelopment #artificialintelligence #machinelearning #cybersecurity #womenintech #developer #college #collegelife #student #career #careergoals #internship #recruitment #recruiting",0,08/31/2024 10:52,https://www.instagram.com/p/C_V-XkpPaWN/,IG image,,Lifetime,2731,1512,30,5,0,0,2
17919583577967039,17841406860905948,init.fiu,INIT FIU,"What should you expect by going to #ShellHacks ? 🤔 

#weareinit #hackathon #miamitech #diversityintech #miami #technology #tech #instatech #techie #innovation #computerscience #programming #software #webdevelopment #artificialintelligence #machinelearning #cybersecurity #womenintech #developer #college #collegelife #student #career #careergoals #internship #recruitment #recruiting",25,08/31/2024 09:16,https://www.instagram.com/reel/C_VzHVPxURT/,IG reel,,Lifetime,5271,2313,165,23,2,11,7
18040189916049569,17841406860905948,init.fiu,INIT FIU,"@royalcaribbean is partnering with us to host our first GBM of the Fall 2024 semester, come hear what they have to say about tips and tricks to get into the industry!

Don’t miss out on the opportunity to get INIT!
😎 And also don’t miss out on some cool swag we’re going to have

#weareinit #hackathon #miamitech #diversityintech #miami #technology #tech #instatech #techie #innovation #computerscience #programming #software #webdevelopment #artificialintelligence #machinelearning #cybersecurity #womenintech #developer #college #collegelife #student #career #careergoals #internship #recruitment #recruiting",26,08/30/2024 09:18,https://www.instagram.com/reel/C_TN2fERTJG/,IG reel,,Lifetime,2948,1309,90,13,0,0,5
17937416855902713,17841406860905948,init.fiu,INIT FIU,"🥳 We’re grateful to have @chevron helping fund this year’s #ShellHacks

#weareinit #hackathon #miamitech #diversityintech #miami #technology #tech #instatech #techie #innovation #computerscience #programming #software #webdevelopment #artificialintelligence #machinelearning #cybersecurity #womenintech #developer #college #collegelife #student #career #careergoals #internship #recruitment #recruiting",0,08/28/2024 09:05,https://www.instagram.com/p/C_ODyOVxbPN/,IG image,,Lifetime,1864,982,31,2,1,0,0
18277136434242966,17841406860905948,init.fiu,INIT FIU,"🥳 Our first general body meeting of the semester will be this Friday, August 30th @ GL 100 @ 3pm - 5pm 

We are also so grateful to have our first GBM co-hosted by @royalcaribbean ! Huge thank you to them 🙏

#weareinit #hackathon #miamitech #diversityintech #miami #technology #tech #instatech #techie #innovation #computerscience #programming #software #webdevelopment #artificialintelligence #machinelearning #cybersecurity #womenintech #developer #college #collegelife #student #career #careergoals #internship #recruitment #recruiting",0,08/28/2024 06:37,https://www.instagram.com/p/C_Ny20VRsY3/,IG carousel,,Lifetime,5182,2405,132,4,5,4,10
17931198866798472,17841406860905948,init.fiu,INIT FIU,"🚨 ALERT 🚨 
Registration closes THIS SUNDAY, September 1st! You won't want to miss out on this year's ShellHacks, so ACT NOW!

https://shellhacks.net !!! 🦕🦖 

#weareinit #hackathon #miamitech #diversityintech #miami #technology #tech #instatech #techie #innovation #computerscience #programming #software #webdevelopment #artificialintelligence #machinelearning #cybersecurity #womenintech #developer #college #collegelife #student #career #careergoals #internship #recruitment #recruiting",0,08/26/2024 21:54,https://www.instagram.com/p/C_KSIFZsSqC/,IG image,,Lifetime,5755,3407,69,8,7,0,7
18128329222365831,17841406860905948,init.fiu,INIT FIU,"Ready to kick-off the semester with an incredible opportunity at Google? 🚀 Join our watchparty event for Google's Tech Exchange 2025 program this Monday! 📅 FIU will host an info session at PG6 116, starting at 7pm ET. 🕖 We will have program alumni speaking about their experience in the program and first-hand assistance for any questions you may have! 🎓

Tech Exchange is a hybrid learning program designated for CS/CE students from HSIs and HBCUs that want to land internships at Google in the Summer of 2026. 🌟 Students will be immersed in extensive mentorship networks and be taught regular curriculum classes directly by Google Engineers. 💻

Don't miss out on this opportunity! 🌟

#googletechexchange #google #weareinit #hackathon #miamitech #diversityintech #miami #technology #tech #instatech #techie #innovation #computerscience #programming #software #webdevelopment #artificialintelligence #machinelearning #cybersecurity #womenintech #developer #college #collegelife #student #career #careergoals #internship",38,08/26/2024 14:11,https://www.instagram.com/reel/C_JdHnZv2OU/,IG reel,,Lifetime,4399,2344,174,27,3,4,21
18069379810574172,17841406860905948,init.fiu,INIT FIU,"🚨 Second wave of acceptances is out! Check your emails panthers 🐆 

#weareinit #hackathon #miamitech #diversityintech #miami #technology #tech #instatech #techie #innovation #computerscience #programming #software #webdevelopment #artificialintelligence #machinelearning #cybersecurity #womenintech #developer #college #collegelife #student #career #careergoals #internship #recruitment #recruiting",0,08/26/2024 08:58,https://www.instagram.com/p/C_I5Yw3xYEd/,IG image,,Lifetime,2747,1597,50,0,2,0,1
17858450661232837,17841406860905948,init.fiu,INIT FIU,"🥳 Thank you to assurant for helping fun this year’s #ShellHacks

#weareinit #hackathon #miamitech #diversityintech #miami #technology #tech #instatech #techie #innovation #computerscience #programming #software #webdevelopment #artificialintelligence #machinelearning #cybersecurity #womenintech #developer #college #collegelife #student #career #careergoals #internship #recruitment #recruiting",0,08/25/2024 09:34,https://www.instagram.com/p/C_GYpEdPbtA/,IG image,,Lifetime,1781,992,24,0,0,0,0
18054014599763387,17841406860905948,init.fiu,INIT FIU,"😍 Check out another one of EBoard members, Gabe, as he shows us around @nvidia 😍

#weareinit #hackathon #miamitech #diversityintech #miami #technology #tech #instatech #techie #innovation #computerscience #programming #software #webdevelopment #artificialintelligence #machinelearning #cybersecurity #womenintech #developer #college #collegelife #student #career #careergoals #internship #recruitment #recruiting",60,08/25/2024 07:43,https://www.instagram.com/reel/C_GLuQ0x129/,IG reel,,Lifetime,5024,2222,214,50,5,10,6
18050083621879735,17841406860905948,init.fiu,INIT FIU,"🥳 Thank you to @ford for helping fund this year’s #ShellHacks

#weareinit #hackathon #miamitech #diversityintech #miami #technology #tech #instatech #techie #innovation #computerscience #programming #software #webdevelopment #artificialintelligence #machinelearning #cybersecurity #womenintech #developer #college #collegelife #student #career #careergoals #internship #recruitment #recruiting",0,08/24/2024 10:12,https://www.instagram.com/p/C_D4PmPPnSv/,IG image,,Lifetime,1121,660,30,1,0,0,2
18044959912913566,17841406860905948,init.fiu,INIT FIU,"Ready to kick-off the semester with an incredible opportunity at Google? 🚀 Join our watchparty event for Google's Tech Exchange 2025 program this Monday! 📅 FIU will host an info session at PG6 116, starting at 7pm ET. 🕖 We will have program alumni speaking about their experience in the program and first-hand assistance for any questions you may have! 🎓

Tech Exchange is a hybrid learning program designated for CS/CE students from HSIs and HBCUs that want to land internships at Google in the Summer of 2026. 🌟 Students will be immersed in extensive mentorship networks and be taught regular curriculum classes directly by Google Engineers. 💻

Don't miss out on this opportunity! 🌟

#googletechexchange #google #weareinit #hackathon #miamitech #diversityintech #miami #technology #tech #instatech #techie #innovation #computerscience #programming #software #webdevelopment #artificialintelligence #machinelearning #cybersecurity #womenintech #developer #college #collegelife #student #career #careergoals #internship",0,08/23/2024 14:07,https://www.instagram.com/p/C_BuTChvL4b/,IG image,,Lifetime,2903,1643,87,0,0,2,15
17990544185526565,17841406860905948,init.fiu,INIT FIU,"🥳 Thank you to @fiucommunity for helping fund this years #ShellHacks

#weareinit #hackathon #miamitech #diversityintech #miami #technology #tech #instatech #techie #innovation #computerscience #programming #software #webdevelopment #artificialintelligence #machinelearning #cybersecurity #womenintech #developer #college #collegelife #student #career #careergoals #internship #recruitment #recruiting",0,08/23/2024 09:53,https://www.instagram.com/p/C_BRS64vsZM/,IG image,,Lifetime,1525,832,26,0,0,2,1
18058030423726912,17841406860905948,init.fiu,INIT FIU,"Throwback to #ShellHacks 2023 🥹🤩

#weareinit #hackathon #miamitech #diversityintech #miami #technology #tech #instatech #techie #innovation #computerscience #programming #software #webdevelopment #artificialintelligence #machinelearning #cybersecurity #womenintech #developer #college #collegelife #student #career #careergoals #internship #recruitment #recruiting",27,08/22/2024 09:34,https://www.instagram.com/reel/C--qMfRxyNr/,IG reel,,Lifetime,3455,1751,120,29,0,2,3
17972723423758223,17841406860905948,init.fiu,INIT FIU,"🥳 Thank you to @capitalone for helping fund this years #ShellHacks 🤩

#weareinit #hackathon #miamitech #diversityintech #miami #technology #tech #instatech #techie #innovation #computerscience #programming #software #webdevelopment #artificialintelligence #machinelearning #cybersecurity #womenintech #developer #college #collegelife #student #career #careergoals #internship #recruitment #recruiting",0,08/21/2024 10:09,https://www.instagram.com/p/C-8JhHXvRqB/,IG image,,Lifetime,1330,753,28,1,0,0,1
17936541923893471,17841406860905948,init.fiu,INIT FIU,"Check out our President, David, as he shows us how national intern day was like at @google 🤩

#weareinit #hackathon #miamitech #diversityintech #miami #technology #tech #instatech #techie #innovation #computerscience #programming #software #webdevelopment #artificialintelligence #machinelearning #cybersecurity #womenintech #developer #college #collegelife #student #career #careergoals #internship #recruitment #recruiting",58,08/21/2024 07:41,https://www.instagram.com/reel/C-74VSrx50N/,IG reel,,Lifetime,4257,1961,183,23,1,8,7
18309792985085228,17841406860905948,init.fiu,INIT FIU,"🥳 thank you to @nvidia for helping fund this years #ShellHacks ‼️

#weareinit #hackathon #miamitech #diversityintech #miami #technology #tech #instatech #techie #innovation #computerscience #programming #software #webdevelopment #artificialintelligence #machinelearning #cybersecurity #womenintech #developer #college #collegelife #student #career #careergoals #internship #recruitment #recruiting",0,08/20/2024 10:09,https://www.instagram.com/p/C-5kwktviS7/,IG image,,Lifetime,1731,1068,28,3,1,0,1
18055299859690930,17841406860905948,init.fiu,INIT FIU,"🥳 thank you to @statefarm for helping fund this years #ShellHacks ‼️

#weareinit #hackathon #miamitech #diversityintech #miami #technology #tech #instatech #techie #innovation #computerscience #programming #software #webdevelopment #artificialintelligence #machinelearning #cybersecurity #womenintech #developer #college #collegelife #student #career #careergoals #internship #recruitment #recruiting",0,08/19/2024 09:09,https://www.instagram.com/p/C-25ClSx1lB/,IG image,,Lifetime,1266,756,31,1,0,0,1
18107641660410981,17841406860905948,init.fiu,INIT FIU,"🥳 thank you to @miamidadecounty for helping fund this years #ShellHacks ‼️

#weareinit #hackathon #miamitech #diversityintech #miami #technology #tech #instatech #techie #innovation #computerscience #programming #software #webdevelopment #artificialintelligence #machinelearning #cybersecurity #womenintech #developer #college #collegelife #student #career #careergoals #internship #recruitment #recruiting",0,08/17/2024 10:02,https://www.instagram.com/p/C-x1hEzPyx5/,IG image,,Lifetime,1379,786,37,1,0,0,2
18027882827037452,17841406860905948,init.fiu,INIT FIU,"⚠️ INIT Ignite member applications are OPEN ⚠️

Benefits of joining Ignite:

🌱  Internship on your transcript
🌱  CIS 1940 - free and zero credits
🌱  Volunteer hours
🌱  Gain leadership & team skills
🌱  Practice communication skills
🌱  Inspire the future generation

🚨 DEADLINE FOR APPLYING: August 23rd
‼️ Register now: go.fiu.edu/initignite ‼️

#weareinit #hackathon #miamitech #diversityintech #miami #technology #tech #instatech #techie #innovation #computerscience #programming #software #webdevelopment #artificialintelligence #machinelearning #cybersecurity #womenintech #developer #college #collegelife #student #career #careergoals #internship",0,08/16/2024 12:29,https://www.instagram.com/p/C-vhjEIPPea/,IG carousel,,Lifetime,3012,1059,50,4,0,0,4
18320455123157524,17841406860905948,init.fiu,INIT FIU,"🥳 Priority registration has been extended exclamation ‼️ Apply now 

#weareinit #hackathon #miamitech #diversityintech #miami #technology #tech #instatech #techie #innovation #computerscience #programming #software #webdevelopment #artificialintelligence #machinelearning #cybersecurity #womenintech #developer #college #collegelife #student #career #careergoals #internship #recruitment #recruiting",0,08/16/2024 09:06,https://www.instagram.com/p/C-vKUVRRK4R/,IG image,,Lifetime,2077,1277,42,5,1,0,1
18036310100028499,17841406860905948,init.fiu,INIT FIU,"Thank you to @miamitechworks for helping fund this years #ShellHacks 🙏🏻

#weareinit #hackathon #miamitech #diversityintech #miami #technology #tech #instatech #techie #innovation #computerscience #programming #software #webdevelopment #artificialintelligence #machinelearning #cybersecurity #womenintech #developer #college #collegelife #student #career #careergoals #internship #recruitment #recruiting",0,08/15/2024 08:03,https://www.instagram.com/p/C-seW5hxBQo/,IG image,,Lifetime,1263,731,36,1,0,0,2
18006888833627945,17841406860905948,init.fiu,INIT FIU,"Have questions about #ShellHacks ?

Here is a recap of our recent Q&A session

#weareinit #hackathon #miamitech #diversityintech #miami #technology #tech #instatech #techie #innovation #computerscience #programming #software #webdevelopment #artificialintelligence #machinelearning #cybersecurity #womenintech #developer #college #collegelife #student #career #careergoals #internship #recruitment #recruiting",0,08/14/2024 09:42,https://www.instagram.com/p/C-qE33oPOVl/,IG carousel,,Lifetime,1761,807,50,2,0,0,3
18094351471454284,17841406860905948,init.fiu,INIT FIU,"🚨 Reminder to apply to #ShellHacks!!!!! 🚨

Any and all skill sets are welcomed! Not limited to just programming

Come meet recruiters and learn about different positions and possible internship opportunities!

#weareinit #hackathon #miamitech #diversityintech #miami #technology #tech #instatech #techie #innovation #computerscience #programming #software #webdevelopment #artificialintelligence #machinelearning #cybersecurity #womenintech #developer #college #collegelife #student #career #careergoals #internship #recruitment #recruiting",18,08/13/2024 09:08,https://www.instagram.com/reel/C-nb5zWx2i0/,IG reel,,Lifetime,4178,1772,83,10,1,4,8
17973023516755977,17841406860905948,init.fiu,INIT FIU,"🥳 Second wave of sponsors 🙏🏻

#weareinit #hackathon #miamitech #diversityintech #miami #technology #tech #instatech #techie #innovation #computerscience #programming #software #webdevelopment #artificialintelligence #machinelearning #cybersecurity #womenintech #developer #college #collegelife #student #career #careergoals #internship #recruitment #recruiting",0,08/12/2024 09:38,https://www.instagram.com/p/C-k628sxpl1/,IG image,,Lifetime,2114,1398,53,10,2,3,3
18036870125478421,17841406860905948,init.fiu,INIT FIU,"🥳 Thank you to Google for helping fund this year’s #ShellHacks!!!!!

Come meet recruiters and learn about different positions and possible internship opportunities!

#weareinit #hackathon #miamitech #diversityintech #miami #technology #tech #instatech #techie #innovation #computerscience #programming #software #webdevelopment #artificialintelligence #machinelearning #cybersecurity #womenintech #developer #college #collegelife #student #career #careergoals #internship #recruitment #recruiting",0,08/07/2024 09:38,https://www.instagram.com/p/C-YC1z5RyUC/,IG carousel,,Lifetime,1663,741,68,6,0,8,4
17875993935111966,17841406860905948,init.fiu,INIT FIU,"🥳 Thank you to Waymo for coming back and helping fund this year’s #ShellHacks

#weareinit #hackathon #miamitech #diversityintech #miami #technology #tech #instatech #techie #innovation #computerscience #programming #software #webdevelopment #artificialintelligence #machinelearning #cybersecurity #womenintech #developer #college #collegelife #student #career #careergoals #internship #recruitment #recruiting",0,08/06/2024 08:04,https://www.instagram.com/p/C-VTUtNxDDK/,IG carousel,,Lifetime,1571,749,49,2,0,2,2
18272093806208844,17841406860905948,init.fiu,INIT FIU,"🥳 Thank you to Vanguard for helping fund this year’s #ShellHacks

Come meet recruiters and learn about internships and job opportunities 🤩

#weareinit #hackathon #miamitech #diversityintech #miami #technology #tech #instatech #techie #innovation #computerscience #programming #software #webdevelopment #artificialintelligence #machinelearning #cybersecurity #womenintech #developer #college #collegelife #student #career #careergoals #internship #recruitment #recruiting",0,08/05/2024 08:06,https://www.instagram.com/p/C-SuwUQRzWn/,IG carousel,,Lifetime,1528,740,57,0,0,2,4
18039439589005170,17841406860905948,init.fiu,INIT FIU,"🥳 Thank you to NETFLIX for helping us with #ShellHacks

#weareinit #hackathon #miamitech #diversityintech #miami #technology #tech #instatech #techie #innovation #computerscience #programming #software #webdevelopment #artificialintelligence #machinelearning #cybersecurity #womenintech #developer #college #collegelife #student #career #careergoals #internship #recruitment #recruiting",0,08/04/2024 10:33,https://www.instagram.com/p/C-QatYGPG2F/,IG carousel,,Lifetime,1889,870,95,13,1,8,4
18012720404533210,17841406860905948,init.fiu,INIT FIU,"🚨 ALERT 🚨 
Priority registration is soon ending!

#weareinit #hackathon #miamitech #diversityintech #miami #technology #tech #instatech #techie #innovation #computerscience #programming #software #webdevelopment #artificialintelligence #machinelearning #cybersecurity #womenintech #developer #college #collegelife #student #career #careergoals #internship #recruitment #recruiting",0,08/03/2024 09:53,https://www.instagram.com/p/C-NxYiVx8HL/,IG image,,Lifetime,3388,2027,67,62,6,2,11
18021879680372757,17841406860905948,init.fiu,INIT FIU,"Previous #ShellHacks winner and current E-Board Ricardo tells us about his experience going to #ShellHacks before becoming part of INIT 🤩

#weareinit #hackathon #miamitech #diversityintech #miami #technology #tech #instatech #techie #innovation #computerscience #programming #software #webdevelopment #artificialintelligence #machinelearning #cybersecurity #womenintech #developer #college #collegelife #student #career #careergoals #internship #recruitment #recruiting",61,08/02/2024 07:34,https://www.instagram.com/reel/C-K7BK-Rk_R/,IG reel,,Lifetime,2940,1330,58,0,0,4,2
17964164519786495,17841406860905948,init.fiu,INIT FIU,"🥳 We are thrilled to announce Microsoft as one of our core sponsors for #ShellHacks 2024! Welcome back 😍🙏🏻

Don’t miss the opportunity to meet the Microsoft team and learn about their job and internship opportunities!

#weareinit #hackathon #miamitech #diversityintech #miami #technology #tech #instatech #techie #innovation #computerscience #programming #software #webdevelopment #artificialintelligence #machinelearning #cybersecurity #womenintech #developer #college #collegelife #student #career #careergoals #internship #recruitment #recruiting",0,08/01/2024 08:59,https://www.instagram.com/p/C-IhntTRWhH/,IG carousel,,Lifetime,2206,1124,85,48,2,2,6
18115594711376650,17841406860905948,init.fiu,INIT FIU,"🥳 Our former ShellHacks PM shows us what it’s like to be a Microsoft intern 😍

#weareinit #hackathon #miamitech #diversityintech #miami #technology #tech #instatech #techie #innovation #computerscience #programming #software #webdevelopment #artificialintelligence #machinelearning #cybersecurity #womenintech #developer #college #collegelife #student #career #careergoals #internship #recruitment #recruiting",75,07/30/2024 08:04,https://www.instagram.com/reel/C-DRepXMkYo/,IG reel,,Lifetime,4081,1847,150,21,0,38,6
18127861843368195,17841406860905948,init.fiu,INIT FIU,"Did you know this about ShellHacks 👀

#weareinit #hackathon #miamitech #diversityintech #miami #technology #tech #instatech #techie #innovation #computerscience #programming #software #webdevelopment #artificialintelligence #machinelearning #cybersecurity #womenintech #developer #college #collegelife #student #career #careergoals #internship #recruitment #recruiting",23,07/29/2024 07:43,https://www.instagram.com/reel/C-AnzkQxvQM/,IG reel,,Lifetime,3285,1646,73,30,0,12,4
18107921824404374,17841406860905948,init.fiu,INIT FIU,"‼️ First wave of acceptances ‼️ 
More waves coming soon 👀 make sure to check spam
Make sure to join the ShellHacks chat in our discord 🤩

#weareinit #hackathon #miamitech #diversityintech #miami #technology #tech #instatech #techie #innovation #computerscience #programming #software #webdevelopment #artificialintelligence #machinelearning #cybersecurity #womenintech #developer #college #collegelife #student #career #careergoals #internship #recruitment #recruiting",0,07/27/2024 10:28,https://www.instagram.com/p/C97z0K8P5M2/,IG image,,Lifetime,1987,1214,52,6,2,3,4
17966254007779843,17841406860905948,init.fiu,INIT FIU,"✨ HAPPY INTERN DAY 🥳🥳🥳 Check out our Director of Social Media, Carol, as she gives us a sneak peak into her summer SWE internship with TelevisaUnivision 😍 ✨ 

#weareinit #hackathon #miamitech #diversityintech #miami #technology #tech #instatech #techie #innovation #computerscience #programming #software #webdevelopment #artificialintelligence #machinelearning #cybersecurity #womenintech #developer #college #collegelife #student #career #careergoals #internship #recruitment #nationalinternday #intern #interndays #televisaunivision",59,07/25/2024 07:04,https://www.instagram.com/reel/C92RuRyRDdc/,IG reel,,Lifetime,4837,2216,184,78,1,33,8
17859047049199050,17841406860905948,init.fiu,INIT FIU,"🎉 Tune in to hear our VP tell us why ShellHacks is VITAL to go to 😍

#weareinit #hackathon #miamitech #diversityintech #miami #technology #tech #instatech #techie #innovation #computerscience #programming #software #webdevelopment #artificialintelligence #machinelearning #cybersecurity #womenintech #developer #college #collegelife #student #career #careergoals #internship #recruitment #recruiting",51,07/18/2024 08:04,https://www.instagram.com/reel/C9kX2vfxNUJ/,IG reel,,Lifetime,3964,1875,66,16,1,5,2
17891592975048824,17841406860905948,init.fiu,INIT FIU,"ShellHacks has officially joined MLH for the 2025 season 🥳🥳

#weareinit #hackathon #miamitech #diversityintech #miami #technology #tech #instatech #techie #innovation #computerscience #programming #software #webdevelopment #artificialintelligence #machinelearning #cybersecurity #womenintech #developer #college #collegelife #student #career #careergoals #internship #recruitment #recruiting",0,07/15/2024 14:02,https://www.instagram.com/p/C9dS0tXPROF/,IG image,,Lifetime,4106,2598,67,7,7,2,8
18001083392437024,17841406860905948,init.fiu,INIT FIU,"🚨Don’t forget to register for ShellHacks 2024 and get to meet folk from the prehistoric days 🦖 

🔔 Space is limited so you want to make sure to secure your spot as a hacker, mentor, or volunteer ‼️ 

#weareinit #hackathon #miamitech #diversityintech #miami #technology #tech #instatech #techie #innovation #computerscience #programming #software #webdevelopment #artificialintelligence #machinelearning #cybersecurity #womenintech #developer #college #collegelife #student #career #careergoals #internship #recruitment #recruiting",17,07/09/2024 07:00,https://www.instagram.com/reel/C9NFlZSRg4d/,IG reel,,Lifetime,4863,2167,114,20,10,22,4
18047236942839681,17841406860905948,init.fiu,INIT FIU,"‼️ Volunteer applications are now open ‼️ 
This event takes a lot of coordination and it would be an amazing opportunity to get hands on experience even without completing a project! 😍

We’re so excited to see you there 🦖 

#weareinit #hackathon #miamitech #diversityintech #miami #technology #tech #instatech #techie #innovation #computerscience #programming #software #webdevelopment #artificialintelligence #machinelearning #cybersecurity #womenintech #developer #college #collegelife #student #career #careergoals #internship #recruitment #recruiting",0,07/06/2024 16:16,https://www.instagram.com/p/C9GW_IzPOMZ/,IG image,,Lifetime,3205,1951,42,8,4,1,8
17903015927919210,17841406860905948,init.fiu,INIT FIU,"‼️ Judge applications are now open ‼️ 
If you believe you got what it takes, then please register! 😍

We’re so excited to see you there 🦖 

#weareinit #hackathon #miamitech #diversityintech #miami #technology #tech #instatech #techie #innovation #computerscience #programming #software #webdevelopment #artificialintelligence #machinelearning #cybersecurity #womenintech #developer #college #collegelife #student #career #careergoals #internship #recruitment #recruiting",0,07/04/2024 07:00,https://www.instagram.com/p/C9ANyRcy3tL/,IG image,,Lifetime,1799,945,34,1,2,0,0
17927510162907049,17841406860905948,init.fiu,INIT FIU,"Registration for KnightHacks is now open! 🥳🥳

⛅️ October 4th - 6th

🏡 UCF ENG2 Atrium Building

#weareinit #hackathon #miamitech #diversityintech #miami #technology #tech #instatech #techie #innovation #computerscience #programming #software #webdevelopment #artificialintelligence #machinelearning #cybersecurity #womenintech #developer #college #collegelife #student #career #careergoals #internship #recruitment #recruiting",0,07/03/2024 12:11,https://www.instagram.com/p/C8-Mhn8yRrQ/,IG image,,Lifetime,2950,1535,76,16,1,4,10
18018794282367493,17841406860905948,init.fiu,INIT FIU,"‼️ Mentor applications are open ‼️ 
If you’ve already been to a hackathon or two and feel that you are ready to help others, sign up to be a mentor 🤩

We’re so excited to see you there 🦕 

#weareinit #hackathon #miamitech #diversityintech #miami #technology #tech #instatech #techie #innovation #computerscience #programming #software #webdevelopment #artificialintelligence #machinelearning #cybersecurity #womenintech #developer #college #collegelife #student #career #careergoals #internship #recruitment #recruiting",0,07/02/2024 08:23,https://www.instagram.com/p/C87NnVhMTQc/,IG image,,Lifetime,2955,1601,45,8,0,1,4
18004223006339449,17841406860905948,init.fiu,INIT FIU,"“What exactly is ShellHacks?” 🤔

🦕 Our amazing PM for ShellHacks 2024 takes the stage to tell us!

#weareinit #hackathon #miamitech #diversityintech #miami #technology #tech #instatech #techie #innovation #computerscience #programming #software #webdevelopment #artificialintelligence #machinelearning #cybersecurity #womenintech #developer #college #collegelife #student #career #careergoals #internship #recruitment #recruiting",63,06/25/2024 06:00,https://www.instagram.com/reel/C8o7vM1tVbP/,IG reel,,Lifetime,,1772,78,7,1,11,3
17852160678183933,17841406860905948,init.fiu,INIT FIU,"🚀 Hey Panthers 🚀 
⚠️ Check out all the details regarding ShellHacks 2024 🦕🦖

#weareinit #hackathon #miamitech #diversityintech #miami #technology #tech #instatech #techie #innovation #computerscience #programming #software #webdevelopment #artificialintelligence #machinelearning #cybersecurity #womenintech #developer #college #collegelife #student #career #careergoals #internship",0,06/21/2024 08:41,https://www.instagram.com/p/C8e68hzM6jV/,IG carousel,,Lifetime,,9874,434,351,41,89,86
18133203133341435,17841406860905948,init.fiu,INIT FIU,"🦕 keep an 👁️ out for our ShellHacks site 🦖 

#weareinit #hackathon #miamitech #diversityintech #miami #technology #tech #instatech #techie #innovation #computerscience #programming #software #webdevelopment #artificialintelligence #machinelearning #cybersecurity #womenintech #developer #college #collegelife #student #career #careergoals #internship",24,06/19/2024 07:34,https://www.instagram.com/reel/C8ZpmaRMCEZ/,IG reel,,Lifetime,,2063,123,25,7,20,3
17921013926913975,17841406860905948,init.fiu,INIT FIU,"‼️ Watch out Panthers, ShellHacks 🐚 is coming soon ‼️ 

#weareinit #hackathon #miamitech #diversityintech #miami #technology #tech #instatech #techie #innovation #computerscience #programming #software #webdevelopment #artificialintelligence #machinelearning #cybersecurity #womenintech #developer #college #collegelife #student #career #careergoals #internship",12,06/12/2024 06:32,https://www.instagram.com/reel/C8HgxnQsWw1/,IG reel,,Lifetime,,2144,135,14,1,13,6
18038221360858214,17841406860905948,init.fiu,INIT FIU,"Drumroll 🥁 for April’s member of the month: Alejandro Vera! 🥳
Alejandro is a senior in Computer Science here at FIU and was an INIT Build Lead!!!

🔍 About Alejandro:
“Hi there! I'm Alejandro, a senior student at Florida International University pursuing a Bachelor degree in Computer Science (Fall '24). I am extremely passionate about Software Engineering and I was the team lead for Web Dev 1 at INIT FIU. I am also extremely excited to be an incoming SDE intern at Amazon for the summer of 2024! My journey in computer science started my senior year of high school (2021) where I started studying HTML/CSS and JavaScript out of pure curiosity and love for coding.”

🚀 Alejandro’s Proudest Achievement:
“My proudest accomplishment so far in my career has been getting my most recent internship at Amazon for a Software Development role. Getting the chance to work at a company that I absolutely adore while doing work that I am extremely devoted to is currently the accomplishment I am most proud of.” 🌐💼 

Alejandro describes his process in applying to Amazon: 
“Some key steps that I took to receive this offer is by studying technical problems via LeetCode, studying on how to succeed in a behavioral interview, and just being myself! Really showing your love for not only programming but for the company goes a long way and I believe the recruiters were able to capture that from me.”

🌎 Interests/Hobbies:
For hobbies I love running, playing basketball, playing video games, going out with friends, and traveling!

🎓 Alejandro’s Words of Wisdom:
“My strongest piece of advice for students would be to have passion. Having passion for what you want to achieve is the greatest motivator on the journey to achieving your goals and dreams. Have the passion to be involved in extremely helpful organization like INIT, have the passion to research your goals outside of the classroom, and have the passion to push your limits and embrace challenges along the way. Oh, and LeetCode for the programmers :D”

#weareinit #hackathon #miamitech #diversityintech #miami #technology #tech #instatech #techie #artificialintelligence #ai #computerscience #programming #software #webdevelopment",0,05/08/2024 11:05,https://www.instagram.com/p/C6t4ca9LOkP/,IG image,,Lifetime,,1478,59,9,0,4,2
18050018380618228,17841406860905948,init.fiu,INIT FIU,"📣 Attention Spring and Summer 2024 Grads - get your INIT graduation stole today!

🎖️We’ve designed these stoles so that you can proudly wear them at graduation and be recognized for your involvement in INIT.

🔥The stoles are black with a gold trim and embroidered white/gold INIT logos on both sides. We hope you all look forward to wearing them at graduation!

👀 Quantities are limited. If you’re interested in purchasing a stole, please fill out the form at http://go.fiu.edu/initstoles ⬅️ Deadline: Friday, April 25th

#weareinit #hackathon #miamitech #diversityintech #miami #technology #tech #instatech #techie #innovation #computerscience #programming #software #webdevelopment #artificialintelligence #machinelearning #cybersecurity #womenintech #developer #college #collegelife #student #career #careergoals #internship",0,04/24/2024 09:02,https://www.instagram.com/p/C6JnRkVOWz7/,IG carousel,,Lifetime,,603,75,0,0,0,4
18004375733435258,17841406860905948,init.fiu,INIT FIU,"Our last event for the semester 🥺
‼️ Tomorrow ‼️ @ 5pm - 7pm @ PG6 116

Join us for INIT’s Spring 2024 Final General Body Meeting and Study hall,🥳 where we’ll wrap up the semester’s successes and set the stage for what’s to come! 🎊

❇️ Gather to celebrate our achievements and study for finals together! 📚

#weareinit #hackathon #miamitech #diversityintech #miami #technology #tech #instatech #techie #innovation #computerscience #programming #software #webdevelopment #artificialintelligence #machinelearning #cybersecurity #womenintech #developer #college #collegelife #student #career #careergoals #internship",0,04/18/2024 06:47,https://www.instagram.com/p/C557EhKOpEY/,IG image,,Lifetime,,260,36,1,0,2,1
18307898848145530,17841406860905948,init.fiu,INIT FIU,"🎀 Special thanks to our EBoard this semester and everyone who helps INIT be as successful as we are 🥳!

(Not everyone shows up in the video 🫶🏻)

#weareinit #hackathon #miamitech #diversityintech #miami #technology #tech #instatech #techie #innovation #computerscience #programming #software #webdevelopment #artificialintelligence #machinelearning #cybersecurity #womenintech #developer #college #collegelife #student #career #careergoals #internship",27,04/17/2024 07:56,https://www.instagram.com/reel/C53d2WkMQv_/,IG reel,,Lifetime,,341,162,2,0,28,5
17843047854201629,17841406860905948,init.fiu,INIT FIU,"What else would you guys like to know? 💭 

#weareinit #hackathon #miamitech #diversityintech #miami #technology #tech #instatech #techie #innovation #computerscience #programming #software #webdevelopment #artificialintelligence #machinelearning #cybersecurity #womenintech #developer #college #collegelife #student #career #careergoals #internship",67,04/13/2024 09:39,https://www.instagram.com/reel/C5tWeCDu5Qg/,IG reel,,Lifetime,,238,62,0,0,7,1
18107756473348092,17841406860905948,init.fiu,INIT FIU,"It’ll be okay, just come to our DEMO day 🤭

#weareinit #hackathon #miamitech #diversityintech #miami #technology #tech #instatech #techie #innovation #computerscience #programming #software #webdevelopment #artificialintelligence #machinelearning #cybersecurity #womenintech #developer #college #collegelife #student #career #careergoals #internship",22,04/11/2024 06:48,https://www.instagram.com/reel/C5n5ZSrO_l0/,IG reel,,Lifetime,,208,125,0,0,20,5
18223380589283158,17841406860905948,init.fiu,INIT FIU,"🎉 Congrats to our March member of the Month: Marcos Carrillo 🎉

🥳 Marcos is a Junior in Computer Science who is both an Init member and Build team co-lead! Currently he is applying to a Chess.com internship, and was able to secure an offer letter to General Electric for the Fall!
🔍 About Marcos:
“Since I was a kid I loved to explore hardware components and mess around with the software and operating systems. Ever since, I’ve been building apps, websites, and utility software to provide crafty solutions to real-world problems.”
🚀 Achievements:
Marco’s proudest achievement? It was getting accepted and a full ride to study at FIU, along with an offer from General Electric for a Fall SWE Internship! 🌐💼 
🌎 Interests/Hobbies:
Marcos interests include playing Chess, programming robots, and developing AI technologies.
He also loves to go fishing in the Florida Keys and traveling around the world! 🌎
🎓Marco’s advice for other students:
“I highly advise you to attend every INIT session you can! The resources they offer and the advice they give you is critical to getting past the tough task of getting that first internship and even preparing for interviews.”

#weareinit #hackathon #miamitech #diversityintech #miami #technology #tech #instatech #techie #innovation #computerscience #programming #software #webdevelopment #artificialintelligence #machinelearning #cybersecurity #womenintech #developer #college #collegelife #student #career #careergoals #internship",0,04/09/2024 09:04,https://www.instagram.com/p/C5i_givsjBc/,IG image,,Lifetime,,179,41,0,1,3,1
17844113682198699,17841406860905948,init.fiu,INIT FIU,"Tune in this Friday to our BUILD demo day!
⏰ 5pm - 7pm
🚪 PG6 116

#weareinit #hackathon #miamitech #diversityintech #miami #technology #tech #instatech #techie #innovation #computerscience #programming #software #webdevelopment #artificialintelligence #machinelearning #cybersecurity #womenintech #developer #college #collegelife #student #career #careergoals #internship",11,04/09/2024 06:56,https://www.instagram.com/reel/C5iwxwiOnUj/,IG reel,,Lifetime,,189,71,0,0,10,5
18285761689167233,17841406860905948,init.fiu,INIT FIU,"🚀 As this semester comes to a close, we have a few more exciting events, so mark your calendars! 🗓️ 

🥳 Demo day is this Friday, April 12 from 5:00 pm to 7:00 pm @ PG6 116!!!
There will also be food and drinks 😋 

😍 Dive into the world of innovation with our dedicated Build teams, who’ve poured their passion into technical projects all semester!

Unlock insights 🧠 into Build team applications and gain valuable tips for the upcoming Fall semester 🍂 and connect with Build leads and their teams to discover the magic behind their projects! 💡

#weareinit #hackathon #miamitech #diversityintech #miami #technology #tech #instatech #techie #innovation #computerscience #programming #software #webdevelopment #artificialintelligence #machinelearning #cybersecurity #womenintech #developer #college #collegelife #student #career #careergoals #internship",0,04/08/2024 09:25,https://www.instagram.com/p/C5gdN3auJ0m/,IG image,,Lifetime,,131,54,0,0,4,5
17980646696656584,17841406860905948,init.fiu,INIT FIU,"🌟 “Unlock Your Career Potential: Master the Ultimate Strategic Framework!” 🌟

Join us for an empowering workshop titled “Positioning Yourself for Career Success”! 🚀 In this dynamic session, you’ll discover the strategic secrets that will propel your career to new heights. 😊🎯

🗓️ When: April 5, 1 PM - 3 PM 📍 Where: PG6 114

Don’t miss this opportunity to position yourself for greatness! 🌟✨",0,04/04/2024 11:40,https://www.instagram.com/p/C5WZd5pPiGb/,IG carousel,,Lifetime,,125,28,0,0,0,0
17933873465821214,17841406860905948,init.fiu,INIT FIU,"‼️ Tomorrow ‼️ @ 3pm - 5pm @ PG6 115

🚀 Dynamic Programming 🤩
😊 Join our weekly beginner-friendly interview prep session, focusing this week on the Dynamic Programming. Practice your problem-solving skills to ace your next technical interview!

#weareinit #hackathon #miamitech #diversityintech #miami #technology #tech #instatech #techie #innovation #computerscience #programming #software #webdevelopment #artificialintelligence #machinelearning #cybersecurity #womenintech #developer #college #collegelife #student #career #careergoals #internship",0,04/03/2024 04:14,https://www.instagram.com/p/C5TBmlzuNqr/,IG carousel,,Lifetime,,111,27,0,0,0,1
18021185687490569,17841406860905948,init.fiu,INIT FIU,"‼️ Tomorrow ‼️ @ 3pm - 5pm @ AHC5 201
🤖 Detecting Color using Computer Vision 😱

⭐️ Explore Computer Vision 🥽 and learn how to program a robot car 🚗 to identify objects and behaviors using color detection in this workshop! 😍

#weareinit #hackathon #miamitech #diversityintech #miami #technology #tech #instatech #techie #innovation #computerscience #programming #software #webdevelopment #artificialintelligence #machinelearning #cybersecurity #womenintech #developer #college #collegelife #student #career #careergoals #internship",0,04/01/2024 13:04,https://www.instagram.com/p/C5O0oYKvCgV/,IG carousel,,Lifetime,,108,40,0,0,0,4
18020140268129645,17841406860905948,init.fiu,INIT FIU,"🥳Join us Tomorrow at 5:00pm in the Graham Center Game Room for an Init Build: Game Day! 🎲

🔔 Don’t miss out on the fun – register now to secure your spot and enjoy playing video games 🎮, board games ♟️, and much more with friends. Plus, there will be Pizza 🍕 and light refreshments! See you there! ☺️

#weareinit #hackathon #miamitech #diversityintech #miami #technology #tech #instatech #techie #innovation #computerscience #programming #software #webdevelopment #artificialintelligence #machinelearning #cybersecurity #womenintech #developer #college #collegelife #student #career #careergoals #internship",0,03/27/2024 19:10,https://www.instagram.com/p/C5CmhZXNW5G/,IG image,,Lifetime,,66,28,0,0,0,0
18021152431930719,17841406860905948,init.fiu,INIT FIU,"‼️ Tomorrow ‼️ @ 3pm - 5pm @ PG6 115

✨ Interview Prep: Two Pointer ✨ 
▶️Join our weekly beginner-friendly interview prep session, focusing this week on the Two Pointers technique 🧐. Practice your problem-solving skills to ace your next technical interview! 🚀 

#weareinit #hackathon #miamitech #diversityintech #miami #technology #tech #instatech #techie #innovation #computerscience #programming #software #webdevelopment #artificialintelligence #machinelearning #cybersecurity #womenintech #developer #college #collegelife #student #career #careergoals #internship",0,03/27/2024 10:33,https://www.instagram.com/p/C5BrZmauoFj/,IG carousel,,Lifetime,,68,28,0,0,1,1
18294134527084741,17841406860905948,init.fiu,INIT FIU,"‼️ Tomorrow ‼️ @ 2pm - 4pm @ CASE 136
Learn more Web Dev 🌐 and how to build your own ChatGPT w/ React
✨ Learn the fundamentals of React, the most popular Javascript library and create your own personal version of ChatGPT! ✨ 

#weareinit #hackathon #miamitech #diversityintech #miami #technology #tech #instatech #techie #innovation #computerscience #programming #software #webdevelopment #artificialintelligence #machinelearning #cybersecurity #womenintech #developer #college #collegelife #student #career #careergoals #internship",0,03/26/2024 08:28,https://www.instagram.com/p/C4-4XXcMY-X/,IG carousel,,Lifetime,,74,49,0,0,3,4
18042416527677811,17841406860905948,init.fiu,INIT FIU,"🥳 Let’s give a warm round of applause to our outstanding Member of the Month of February, Firas Natour!

🌟 Meet Firas Natour, a dedicated master’s student in Computer Science. Firas brings a wealth of experience and passion to our tech community 🤩

🔍 Background:
Firas completed his bachelor’s degree in Computer Science at FIU, graduating in 2022. And was previously a member of Upsilon Pi Epsilon (now Init), Firas has transitioned into the world of master’s studies. His academic journey has led him deeper into fascinating areas such as algorithms, software security, and AI 🤖

🚀 Achievements:
Firas’s crowning achievement? Building a full-stack website for a business that is still actively used. 🌐💼 

🌎 Interests Beyond Code:
When he’s not immersed in code, Firas enjoys:
⭐️ Chilling with friends 🙌
⭐️ Nighttime drives 🌃
⭐️ Exploring world culture and politics 🌍🗳️
⭐️ Listening to folk music from different countries 🎶

🎓 Words of Wisdom:
Firas encourages fellow students:
“Big universities often lack the vibrant tech organizations we have here at Init. Make the most of it! Attend workshops, hackathons, and career fairs. Seek research opportunities, volunteer, practice coding, and pursue certifications alongside your studies.”

Once again, congratulations, Firas! Your dedication and contributions inspire us all 🎈👏

#weareinit #hackathon #miamitech #diversityintech #miami #technology #tech #instatech #techie #innovation #computerscience #programming #software #webdevelopment #artificialintelligence #machinelearning #cybersecurity #womenintech #developer #college #collegelife #student #career #careergoals #internship",0,03/22/2024 10:02,https://www.instagram.com/p/C40v6agu7e1/,IG image,,Lifetime,,76,55,0,0,5,0
17876553639053285,17841406860905948,init.fiu,INIT FIU,"‼️ Tomorrow ‼️ @ 1pm - 3pm @ PG6 114

🤩 Come and learn about experiences and various insights into internships and professional growth 🧠 from multiple new grads! 🥳

#weareinit #hackathon #miamitech #diversityintech #miami #technology #tech #instatech #techie #innovation #computerscience #programming #software #webdevelopment #artificialintelligence #machinelearning #cybersecurity #womenintech #developer #college #collegelife #student #career #careergoals #internship",0,03/21/2024 15:04,https://www.instagram.com/p/C4ytoMYPoke/,IG carousel,,Lifetime,,82,56,0,0,1,8
18004027745199944,17841406860905948,init.fiu,INIT FIU,"‼️ Tomorrow ‼️ @ 3pm - 5pm @ PG6 115

Join our beginner-friendly technical interview prep workshop on graphs 📊 , where you'll gain essential skills for navigating graph-related questions with confidence 🤩

#weareinit #hackathon #miamitech #diversityintech #miami #technology #tech #instatech #techie #innovation #computerscience #programming #software #webdevelopment #artificialintelligence #machinelearning #cybersecurity #womenintech #developer #college #collegelife #student #career #careergoals #internship",0,03/20/2024 08:54,https://www.instagram.com/p/C4veewUM1Y7/,IG carousel,,Lifetime,,75,41,0,0,1,1
17910968132920406,17841406860905948,init.fiu,INIT FIU,"‼️ Tomorrow ‼️ @ 2pm - 4pm @ CASE 136

✨ Intro to JavaScript ✨ 
[ 🚨 Hardware/Software needed: VSCode 🚨]

🤩 Join us for an engaging Web Development 💻 workshop where you’ll dive into the fundamentals of JavaScript while creating your own interactive web game 🎮!

#weareinit #hackathon #miamitech #diversityintech #miami #technology #tech #instatech #techie #innovation #computerscience #programming #software #webdevelopment #artificialintelligence #machinelearning #cybersecurity #womenintech #developer #college #collegelife #student #career #careergoals #internship",0,03/19/2024 08:30,https://www.instagram.com/p/C4s2_6WMw1I/,IG carousel,,Lifetime,,74,45,0,0,0,4
17865065202056385,17841406860905948,init.fiu,INIT FIU,"‼️ Tomorrow ‼️ @ 3pm - 5pm @ PG6 115

🚀 Learn how to recreate the popular mobile game, Flappy Bird 🐦,using an Arduino microcontroller and an LCD screen😱

📝 You’ll start with the basics of setting up the Arduino environment and connecting the LCD screen 📺. Then, we’ll dive into the game development process, where you’ll learn how to program the game logic and controls. By the end of the workshop, you’ll have a working version of Flappy Bird that you can play right on your Arduino! 🎮

✨ No previous experience in programming or electronics is required ✨ 

#weareinit #hackathon #miamitech #diversityintech #miami #technology #tech #instatech #techie #innovation #computerscience #programming #software #webdevelopment #artificialintelligence #machinelearning #cybersecurity #womenintech #developer #college #collegelife #student #career #careergoals #internship",0,03/18/2024 08:16,https://www.instagram.com/p/C4qQnhQMSRu/,IG carousel,,Lifetime,,77,72,0,0,0,5
18012925067195395,17841406860905948,init.fiu,INIT FIU,"A new event on Friday! 🥳 
💫 Init Alumni are coming back to FIU ‼️ 

Want to gain insight into different fields? 🤔

Tomorrow in PG5 155 from 2:00pm to 3:00pm for a Mixer and Panel with INIT National and Alumni and a chance to network with professionals from different Tech Fields!

#weareinit #hackathon #miamitech #diversityintech #miami #technology #tech #instatech #techie #innovation #computerscience #programming #software #webdevelopment #artificialintelligence #machinelearning #cybersecurity #womenintech #developer #college #collegelife #student #career #careergoals #internship",0,03/14/2024 11:48,https://www.instagram.com/p/C4gVnXgPNZ4/,IG image,,Lifetime,,85,97,0,0,10,3
17932061003817291,17841406860905948,init.fiu,INIT FIU,"‼️ Today ‼️ @ 3pm - 5pm @ PG6 115

🚀 Embark on a beginner-friendly journey to unlock the secrets 🤫 of tree data structures and algorithms in our interactive workshop designed to boost your coding interview readiness 🫡!

#weareinit #hackathon #miamitech #diversityintech #miami #technology #tech #instatech #techie #innovation #computerscience #programming #software #webdevelopment #artificialintelligence #machinelearning #cybersecurity #womenintech #developer #college #collegelife #student #career #careergoals #internship",0,03/14/2024 07:05,https://www.instagram.com/p/C4f1SF3MVOg/,IG carousel,,Lifetime,,84,33,0,0,2,0
17917507811884140,17841406860905948,init.fiu,INIT FIU,"🚀 Join us ‼️ tomorrow ‼️ at INIT national’s Miami Chapter Launch Event! 🤩🤩🤩🥳🥳🥳

🌟 March 14th @ 6pm - 9pm @ Builders Collective (Wynwood)🌟 

🥳 This new INIT chapter is the latest initiative, complementing our incredible INIT chapters at FIU, MDC, UM & our INIT Pro chapter for industry professionals

🌟This chapter will more broadly impact the city 🌆 , and offer opportunities for not only students but also the community at large to launch careers in technology 🤩

#weareinit #hackathon #miamitech #diversityintech #miami #technology #tech #instatech #techie #innovation #computerscience #programming #software #webdevelopment #artificialintelligence #machinelearning #cybersecurity #womenintech #developer #college #collegelife #student #career #careergoals #internship",0,03/13/2024 07:02,https://www.instagram.com/p/C4dQFcGMSGz/,IG image,,Lifetime,,64,41,0,0,0,1
18110442181367512,17841406860905948,init.fiu,INIT FIU,"🎮 Build Your Hero 💥 

‼️ Tomorrow ‼️ @ 2pm - 3pm @ CASE 136

✨ Controller and Animation workshop ✨ 
🚀 In this workshop we are going to be learning how to code a player controller to roam around in your own game creations 😎. We will be tackling physics and dealing with different animation states 🤩.

#weareinit #hackathon #miamitech #diversityintech #miami #technology #tech #instatech #techie #innovation #computerscience #programming #software #webdevelopment #artificialintelligence #machinelearning #cybersecurity #womenintech #developer #college #collegelife #student #career #careergoals #internship",0,03/12/2024 11:03,https://www.instagram.com/p/C4bG7SbxU4O/,IG carousel,,Lifetime,,51,43,0,0,0,2
18002035079453111,17841406860905948,init.fiu,INIT FIU,"🚨 Hey Panthers! Get ready to dive into the world of enterprise cloud solutions with ServiceNow! 🚀

🌟 Join us for an exclusive ""Day in the Life"" Guest Speaker Panel and get the inside scoop on how ServiceNow is revolutionizing the way businesses operate. 🌐

🔍 Discover the paths to success within the tech industry and connect with experts who are shaping the future of work. Don't miss this chance to network and learn from the best in the biz! 🔗

📅 Mark your calendars:
🗓️ Date: Monday, March 11th
⏰ Time: 3 PM EST
📍 Location: GL 100A

#ServiceNow #DayInTheLife #TechTalk #Networking #EnterpriseSolutions #CloudComputing #Innovation #CareerDevelopment #ProfessionalGrowth #FIU #MiamiTech #Panthers

🔔 This is your opportunity to step up your career game! 🔔",0,03/10/2024 12:30,https://www.instagram.com/p/C4WHPeZPVZ6/,IG image,,Lifetime,,46,37,0,0,0,5
18261730492226625,17841406860905948,init.fiu,INIT FIU,"🚨 SGA elections have just opened and we have our INIT SGA reps running ‼️ 🗳️ vote for Morgan and Rayhan! 🥳

▶️Voting is open March 5th and March 6th 
▶️To vote, go to voting.fiu.edu

#weareinit #hackathon #miamitech #diversityintech #miami #technology #tech #instatech #techie #innovation #computerscience #programming #software #webdevelopment #artificialintelligence #machinelearning #cybersecurity #womenintech #developer #college #collegelife #student #career #careergoals #internship",26,03/05/2024 11:01,https://www.instagram.com/reel/C4JLogqvAD5/,IG reel,,Lifetime,,396,97,0,1,9,1
17856694956122219,17841406860905948,init.fiu,INIT FIU,"Catch Fred 💘 at our ✨ Brunch With E-Board ✨ this Tuesday😉

⏰ March 5th (Tuesday), 4pm - 6pm
🚪 AHC5, room 201

In the same room as our previous social event🥳, we’re going to have pancakes 🥞 , waffles 🧇, toast 🍞 with spreads 🥯 , and so much more! You really won’t want to miss this one!!!

#weareinit #hackathon #miamitech #diversityintech #miami #technology #tech #instatech #techie #innovation #computerscience #programming #software #webdevelopment #artificialintelligence #machinelearning #cybersecurity #womenintech #developer #college #collegelife #student #career #careergoals #internship",34,03/03/2024 12:00,https://www.instagram.com/reel/C4EI5JYP4mF/,IG reel,,Lifetime,,134,64,0,0,10,0
18302850163197610,17841406860905948,init.fiu,INIT FIU,"☀️ Spring break is almost over and to start the week off right, we’re hosting a ✨ Brunch With EBoard ✨ in partnership with PantherRobotics and WICS!

In the same room as our previous social event🥳, we’re going to have pancakes 🥞 , waffles 🧇, toast 🍞 with spreads 🥯 , and so much more! You really won’t want to miss this one!!!

⏰ March 5th (Tuesday), 4pm - 6pm
🚪 AHC5, room 201

#weareinit #hackathon #miamitech #diversityintech #miami #technology #tech #instatech #techie #innovation #computerscience #programming #software #webdevelopment #artificialintelligence #machinelearning #cybersecurity #womenintech #developer #college #collegelife #student #career #careergoals #internship",0,03/02/2024 14:31,https://www.instagram.com/p/C4B1n5Fv4PY/,IG image,,Lifetime,,252,99,0,0,2,12
17973972818522387,17841406860905948,init.fiu,INIT FIU,"‼️ Today ‼️ @ 3pm - 5pm @ PG6 115

💫INIT REACH📚 Weekly Interview Prep:
⚠️ Priority Queues ⚠️ 

✨ Level up your coding skills with Priority Queues! Prepare for your interview by grasping their efficient data structure! 📈 

#weareinit #hackathon #miamitech #diversityintech #miami #technology #tech #instatech #techie #innovation #computerscience #programming #software #webdevelopment #artificialintelligence #machinelearning #cybersecurity #womenintech #developer #college #collegelife #student #career #careergoals #internship",0,02/22/2024 11:28,https://www.instagram.com/p/C3qVircvWpv/,IG carousel,,Lifetime,,45,43,1,0,0,1
18009491774260972,17841406860905948,init.fiu,INIT FIU,"🚀NVIDIA is coming to campus next week February 21st (Wednesday) @ 3:30pm and you don’t want to miss all the amazing opportunities they’ll have! 🤩

⏰ February 21st @ 3:30pm - 5:30pm
🚪 GL 100

#weareinit #hackathon #miamitech #diversityintech #miami #technology #tech #instatech #techie #innovation #computerscience #programming #software #webdevelopment #artificialintelligence #machinelearning #cybersecurity #womenintech #developer #college #collegelife #student #career #careergoals #internship",16,02/16/2024 09:56,https://www.instagram.com/reel/C3auBAjv02O/,IG reel,,Lifetime,,89,172,0,0,8,10
18043321147721594,17841406860905948,init.fiu,INIT FIU,"‼️ Tomorrow ‼️ @ 3pm - 5pm @ PG6 115

✨ Stacks and Queues ✨ 
Level up your coding ⌨️ skills with Stacks & Queues! Master these interview must-haves through hands-on practice, tackling real-world 🌍 problems and memory 🧠 management challenges. Conquer classic questions and boost your confidence! 🤩

#weareinit #hackathon #miamitech #diversityintech #miami #technology #tech #instatech #techie #innovation #computerscience #programming #software #webdevelopment #artificialintelligence #machinelearning #cybersecurity #womenintech #developer #college #collegelife #student #career #careergoals #internship",0,02/14/2024 11:47,https://www.instagram.com/p/C3VxVw9vfXX/,IG carousel,,Lifetime,,38,28,0,0,0,2
17996782589588359,17841406860905948,init.fiu,INIT FIU,"🩷 Happy Valentine’s Day from INIT 🩷

#weareinit #hackathon #miamitech #diversityintech #miami #technology #tech #instatech #techie #innovation #computerscience #programming #software #webdevelopment #artificialintelligence #machinelearning #cybersecurity #womenintech #developer #college #collegelife #student #career #careergoals #internship",56,02/14/2024 06:46,https://www.instagram.com/reel/C3VOwfUsk11/,IG reel,,Lifetime,,72,140,0,0,20,2
17988874697555661,17841406860905948,init.fiu,INIT FIU,"🚨 Attention Panthers🚨 
🥳We are so proud to also be hosting ✨ NVIDIA ✨ as they come onto campus to inform us on all wonders relating to their extraordinary company!🤩
▶️The event will be part info session and part tech talk as well as an in person networking opportunity to make long lasting connections with recruiters who will help you gain insights on how to navigate 🧭 the internship world 🌎 

🔔 Trust us when we say you don’t want to miss this 🔔 

☀️ February 21st (Wednesday)
⏰ 3:30pm - 5:30pm
🏠 GL 🚪 100

#weareinit #hackathon #miamitech #diversityintech #miami #technology #tech #instatech #techie #innovation #computerscience #programming #software #webdevelopment #artificialintelligence #machinelearning #cybersecurity #womenintech #developer #college #collegelife #student #career #careergoals #internship",0,02/13/2024 19:51,https://www.instagram.com/p/C3UD7Y2t04-/,IG carousel,,Lifetime,,55,169,0,0,6,27
18011830424276032,17841406860905948,init.fiu,INIT FIU,"▶️ In the same room as our social event last week, drop by once more to get the chance to ✨ network with CodePath and BNY Mellon ✨ with snacks 🍕and swag 👜 included 🤭! Not to mention that this is an amazing opportunity to get yourself out there and grab that internship 🚨 

☀️ February 20th (Tuesday)
⏰ 3pm - 5pm
🏠 AHC5 🚪 201

#weareinit #hackathon #miamitech #diversityintech #miami #technology #tech #instatech #techie #innovation #computerscience #programming #software #webdevelopment #artificialintelligence #machinelearning #cybersecurity #womenintech #developer #college #collegelife #student #career #careergoals #internship",0,02/13/2024 16:58,https://www.instagram.com/p/C3TwHzvNN0N/,IG image,,Lifetime,,55,55,0,0,6,16
18015953150488033,17841406860905948,init.fiu,INIT FIU,"‼️ Tomorrow ‼️ @ 2pm - 4pm @ CASE 136

🩷 In this workshop, participants will dive into the world of Reinforcement Learning (RL) 🤩, a branch of Artificial Intelligence that focuses on how agents take actions in an environment to maximize their reward 🎁. Reinforcement Learning is at the core of numerous groundbreaking achievements in AI, including innovations in autonomous vehicles 🚗 , AI strategies in gaming 🎮, and advancements in robotic control 🤖 . Attendees will learn about ✨ key concepts ✨ such as agents, environments, states, actions, and rewards, and discuss how these elements interact within the RL framework!! 🥳

#weareinit #hackathon #miamitech #diversityintech #miami #technology #tech #instatech #techie #innovation #computerscience #programming #software #webdevelopment #artificialintelligence #machinelearning #cybersecurity #womenintech #developer #college #collegelife #student #career #careergoals #internship",0,02/13/2024 08:27,https://www.instagram.com/p/C3S1uvds6jf/,IG carousel,,Lifetime,,44,40,0,0,0,3
17959731374608836,17841406860905948,init.fiu,INIT FIU,"📢 We are so excited to announce our new mentorship program 🥳

✨ You can apply to be a mentee! ✨ 

▶️This is what you will gain from having a mentor 🤩, you’ll gain and maintain confidence 😎 in your tech 💻 skills as well as improve excitement 🤩 to continue studying CS so that you can apply for technical roles by the end of the year. You’ll also grow as a person so that one day, you could also become a mentor and help other students😊! Along with all of this, you’ll develop a meaningful and professional relationship.

▶️As a mentee, just be yourself and your role will simply be to meet with your mentor as least once every two weeks for the whole semester for about 30 minutes to 1 hour each meeting while giving notes 📝 back and forth with your mentor so that both of you can grow. Also, at the end of the program, you would fill out a quick post-program survey 🫣. 

✨ Super simple✔️, super easy✔️, and super fun✔️! ✨ 

🚨 If you’re interested in applying, please do so by checking out the link in our bio and on our story. Feel free to always DM for help!

#weareinit #hackathon #miamitech #diversityintech #miami #technology #tech #instatech #techie #innovation #computerscience #programming #software #webdevelopment #artificialintelligence #machinelearning #cybersecurity #womenintech #developer #college #collegelife #student #career #careergoals #internship",0,02/12/2024 13:09,https://www.instagram.com/p/C3QxLoKvC49/,IG carousel,,Lifetime,,61,77,0,0,3,9
17981576369636645,17841406860905948,init.fiu,INIT FIU,"🚀 Congratulations to Luis Canada for being our January ✨ Member Of the Month ✨ !

“Never stop learning and being curious about how something works, because even if that knowledge isn’t useful today, it will be somewhere down the line.” —Luis Canada

Luis started coding 💻 four years ago during COVID in an attempt to cure his boredom (very relatable) and he enjoys learning 🧠 about random and obscure things: “Jack of all trades, master of none”

Some of Luis’ hobbies include wood working 🪵,canoeing 🛶, fishing 🎣 , working with electronics 📱 , ✨ obscure programming tricks ✨, and robotics 🤖

One of his most proudest achievements is when he made a small web 🖥️ application for his High School that helped with the dismissal process ⏰; he also got to work with the principal and administrators!

#weareinit #hackathon #miamitech #diversityintech #miami #technology #tech #instatech #techie #innovation #computerscience #programming #software #webdevelopment #artificialintelligence #machinelearning #cybersecurity #womenintech #developer #college #collegelife #student #career #careergoals #internship",0,02/10/2024 11:08,https://www.instagram.com/p/C3LZsQfOmdw/,IG image,,Lifetime,,136,78,0,0,5,1
18014619392286731,17841406860905948,init.fiu,INIT FIU,"‼️ Tomorrow ‼️ @ 1pm - 3pm @ PG6 114

😱<—don’t wait and be like this guy and prepare for the ✨ Career Fair ✨ with us this Friday! 

🤩 Boost confidence, refine your resume 📄 , and master networking 🤝 strategies in a brief workshop!

#weareinit #hackathon #miamitech #diversityintech #miami #technology #tech #instatech #techie #innovation #computerscience #programming #software #webdevelopment #artificialintelligence #machinelearning #cybersecurity #womenintech #developer #college #collegelife #student #career #careergoals #internship",0,02/08/2024 20:27,https://www.instagram.com/p/C3HQDyjtIYT/,IG carousel,,Lifetime,,68,56,0,0,4,2
18253298302236499,17841406860905948,init.fiu,INIT FIU,"‼️ Tomorrow ‼️ @ 3pm - 5pm @ PG6 115

🤩 Achieve a greater understanding of Linked Lists, a fundamental data 📊 structure for interview prep! Explore the techniques of node manipulation and pointer management 🧐 with a hands-on experience to enhance your problem-solving abilities 🧩 .

#weareinit #hackathon #miamitech #diversityintech #miami #technology #tech #instatech #techie #innovation #computerscience #programming #software #webdevelopment #artificialintelligence #machinelearning #cybersecurity #womenintech #developer #college #collegelife #student #career #careergoals #internship",0,02/07/2024 15:55,https://www.instagram.com/p/C3EMMlgsVdA/,IG carousel,,Lifetime,,71,35,0,0,0,0
18094089802396040,17841406860905948,init.fiu,INIT FIU,"‼️ Tomorrow ‼️ @ 2pm - 4pm @ CASE 136

✨ Join us for the second workshop in the Subway Surfers series 🏄‍♀️ ! Explore aspects of game development using Unity as we delve deeper into the game 🎮 design of Subway Surfers. Perfect for beginners, this session builds upon the basics covered in Part 1, expanding your knowledge of essential concepts for games, tools, and techniques. 🚀 Unleash your creativity once again and bring your game ideas to life!

#weareinit #hackathon #miamitech #diversityintech #miami #technology #tech #instatech #techie #innovation #computerscience #programming #software #webdevelopment #artificialintelligence #machinelearning #cybersecurity #womenintech #developer #college #collegelife #student #career #careergoals #internship",0,02/06/2024 16:13,https://www.instagram.com/p/C3BpaIbNH12/,IG carousel,,Lifetime,,54,53,0,0,2,1
18012276410491555,17841406860905948,init.fiu,INIT FIU,"🚨 Careful while crossing the street because you don’t want to miss our first social event of the semester 😱! We’re in a ✨ new ✨ building this time and don’t want you guys to get lost or be late, so here’s a quick video on where to find us tomorrow!

P.S: look both ways when crossing :)

🏠 Location: AHC5
🚪 Room: 201
⏰ Time: 3:30pm - 6pm

#weareinit #hackathon #miamitech #diversityintech #miami #technology #tech #instatech #techie #innovation #computerscience #programming #software #webdevelopment #artificialintelligence #machinelearning #cybersecurity #womenintech #developer #college #collegelife #student #career #careergoals #internship",31,02/05/2024 18:38,https://www.instagram.com/reel/C2_VHoPtuKd/,IG reel,,Lifetime,,96,146,0,0,39,7
17890663529977120,17841406860905948,init.fiu,INIT FIU,"🚀 Check out our BUILD leads for this semester! 💫 (pt.2)

These passionate individuals have taken the initiative to lead such awesome projects that you can join! Become part of one of these teams and learn so many valuable skills that’ll help you in your future CS career now! 

⚠️ Register now: https://lnkd.in/eWXhm5Qb ⚠️

💻 There are so many different teams you can join such as:

✨ If you want more information about the team projects and their leads, check out our notion: bit.ly/build-team-notion

#weareinit #hackathon #miamitech #diversityintech #miami #technology #tech #instatech #techie #innovation #computerscience #programming #software #webdevelopment #artificialintelligence #machinelearning #cybersecurity #womenintech #developer #college #collegelife #student #career #careergoals #internship",0,02/05/2024 08:34,https://www.instagram.com/p/C2-QKl9rbv5/,IG carousel,,Lifetime,,168,128,1,0,26,5
17865131784037022,17841406860905948,init.fiu,INIT FIU,"🚀 Check out our BUILD leads for this semester! 💫 (pt.1)

These passionate individuals have taken the initiative to lead such awesome projects that you can join! Become part of one of these teams and learn so many valuable skills that’ll help you in your future CS career now! 

⚠️ Register now: https://lnkd.in/eWXhm5Qb ⚠️

💻 There are so many different teams you can join such as:
that
✨ If you want more information about the team projects and their leads, check out our notion:

bit.ly/build-team-notion

#weareinit #hackathon #miamitech #diversityintech #miami #technology #tech #instatech #techie #innovation #computerscience #programming #software #webdevelopment #artificialintelligence #machinelearning #cybersecurity #womenintech #developer #college #collegelife #student #career #careergoals #internship",0,02/05/2024 07:15,https://www.instagram.com/p/C2-HBRprosp/,IG carousel,,Lifetime,,179,118,0,0,13,2
18018411143012223,17841406860905948,init.fiu,INIT FIU,"🚨 DEADLINE FOR APPLYING HAS BEEN EXTENDED: February 7th (this Wednesday)

⚠️ Register now: https://lnkd.in/eWXhm5Qb ⚠️

💻 There are so many different teams you can join such as:

⭐️ Game Development 2D
⭐️ Game Development 3D

⭐️ Virtual Reality 

⭐️ Web Development (Beginner)
⭐️ Web Development (Intermediate)
⭐️ Web Development (Advanced)

⭐️ Artificial Intelligence (Beginner)
⭐️ Artificial Intelligence (Intermediate)

⭐️ Mobile Development (Android/ IOS)

⭐️ Cybersecurity

✨ If you want more information about the team projects and their leads, check out our notion:
bit.ly/build-team-notion

#weareinit #hackathon #miamitech #diversityintech #miami #technology #tech #instatech #techie #innovation #computerscience #programming #software #webdevelopment #artificialintelligence #machinelearning #cybersecurity #womenintech #developer #college #collegelife #student #career #careergoals #internship",0,02/04/2024 11:51,https://www.instagram.com/p/C28B4-SPv6d/,IG image,,Lifetime,,46,38,0,0,0,8
18026878003757587,17841406860905948,init.fiu,INIT FIU,"Show off your skills 🏄‍♀️ and win some prizes 🎁 at our first game night of the semester ‼️ We’re going to have so many games like Smash Bros, GeoGuesser 🌎, Typing races 👨‍💻, Robot racing 🤖 and so much more. This will be such a fun event, you don’t want to miss it!

🚨 February 6th @ 3:30pm @ AHC 5, room 201

#weareinit #hackathon #miamitech #diversityintech #miami #technology #tech #instatech #techie #innovation #computerscience #programming #software #webdevelopment #artificialintelligence #machinelearning #cybersecurity #womenintech #developer #college #collegelife #student #career #careergoals #internship",0,02/02/2024 09:17,https://www.instagram.com/p/C22mr8NOEa-/,IG image,,Lifetime,,43,96,0,0,16,6
18053758471550782,17841406860905948,init.fiu,INIT FIU,"You want a job? 🫣Get your foot in the door by attending our networking and job searching event tomorrow ‼️ 

#weareinit #hackathon #miamitech #diversityintech #miami #technology #tech #instatech #techie #innovation #computerscience #programming #software #webdevelopment #artificialintelligence #machinelearning #cybersecurity #womenintech #developer #college #collegelife #student #career #careergoals #internship",0,02/01/2024 14:40,https://www.instagram.com/p/C20my4KvEKq/,IG carousel,,Lifetime,,33,58,0,0,0,6
18059755177503754,17841406860905948,init.fiu,INIT FIU,"‼️ Tomorrow ‼️ @ 3pm @ PG6 115

Explore hash tables and learn how to employ their use in a variety of data structures, algorithms, and problems to help ace technical interviews! 💪🏻

#weareinit #hackathon #miamitech #diversityintech #miami #technology #tech #instatech #techie #innovation #computerscience #programming #software #webdevelopment #artificialintelligence #machinelearning #cybersecurity #womenintech #developer #college #collegelife #student #career #careergoals #internship",0,01/31/2024 07:57,https://www.instagram.com/p/C2xT4SlsuKo/,IG carousel,,Lifetime,,33,36,0,0,1,2
17992415672605302,17841406860905948,init.fiu,INIT FIU,"‼️ Tomorrow ‼️ @ 2pm @ CASE 136

✨ Introduction to Deep Learning ✨

This workshop introduces the basics of Deep Learning. Attendees will learn about Neural Networks and how they are used for tasks like image recognition 🫢. The workshop will cover basic Python programming and key concepts in Deep Learning, tailored for beginners 😍. No prior experience with Neural Networks is needed, as the focus will be on foundational Deep Learning principles. 

#weareinit #hackathon #miamitech #diversityintech #miami #technology #tech #instatech #techie #innovation #computerscience #programming #software #webdevelopment #artificialintelligence #machinelearning #cybersecurity #womenintech #developer #college #collegelife #student #career #careergoals #internship",0,01/30/2024 05:00,https://www.instagram.com/p/C2ua1KnsUlm/,IG carousel,,Lifetime,,30,58,0,0,1,2
17886541973931614,17841406860905948,init.fiu,INIT FIU,"🚀 Build a Super Powered Portfolio 😱 

‼️ Tomorrow ‼️ @ 3pm @ PG6 115

✨ Join us for an exciting workshop where you will learn the basics of Web Development and create your personalized online portfolio. You will be guided through the process of designing and developing a sleek and professional portfolio website that showcases your skills and achievements. But that’s not all – we’ll elevate your portfolio to the next level by incorporating NFC cards. Discover how to seamlessly connect your digital identity to a physical NFC card, allowing for a unique and interactive experience and making it very simple to showcase your skills to recruiters. 😎 

#weareinit #hackathon #miamitech #diversityintech #miami #technology #tech #instatech #techie #innovation #computerscience #programming #software #webdevelopment #artificialintelligence #machinelearning #cybersecurity #womenintech #developer #college #collegelife #student #career #careergoals #internship",0,01/29/2024 14:26,https://www.instagram.com/p/C2s23MDv3-q/,IG carousel,,Lifetime,,42,71,0,0,2,4
17921731100765270,17841406860905948,init.fiu,INIT FIU,"Shake my hand if you dare. Let’s see how EBoard responds 🤔 

#weareinit #hackathon #miamitech #diversityintech #miami #technology #tech #instatech #techie #innovation #computerscience #programming #software #webdevelopment #artificialintelligence #machinelearning #cybersecurity #womenintech #developer #college #collegelife #student #career #careergoals #internship",30,01/26/2024 14:46,https://www.instagram.com/reel/C2lKviEP9ow/,IG reel,,Lifetime,,108,150,1,0,26,3
18037461733667243,17841406860905948,init.fiu,INIT FIU,"‼️ Today ‼️ on DISCORD

⭐️Join us through discord in inviting Jose Pujol in talking about his experiences as an incoming software engineer at Google✨

#weareinit #hackathon #miamitech #diversityintech #miami #technology #tech #instatech #techie #innovation #computerscience #programming #software #webdevelopment #artificialintelligence #machinelearning #cybersecurity #womenintech #developer #college #collegelife #student #career #careergoals #internship",0,01/25/2024 13:34,https://www.instagram.com/p/C2idr24PfZk/,IG carousel,,Lifetime,,62,133,1,0,4,2
17987428583387018,17841406860905948,init.fiu,INIT FIU,"‼️ Today ‼️ @ 3pm @ PG6 115

⭐️Unlock the power of arrays and dive into the intricacies of algorithmic efficiency in our workshop! Learn how to manipulate arrays effectively and master complexity analysis techniques to optimize your code for better performance in interviews.✨

#weareinit #hackathon #miamitech #diversityintech #miami #technology #tech #instatech #techie #innovation #computerscience #programming #software #webdevelopment #artificialintelligence #machinelearning #cybersecurity #womenintech #developer #college #collegelife #student #career #careergoals #internship",0,01/25/2024 06:35,https://www.instagram.com/p/C2htsywMKDP/,IG carousel,,Lifetime,,53,44,0,0,3,3
18043225636624276,17841406860905948,init.fiu,INIT FIU,"⚠️ INIT Build member applications are OPEN ⚠️ 
 

💻 There are so many different teams you can join such as:

⭐️ Game Development 2D
⭐️ Game Development 3D

⭐️ Web Development (Beginner)
⭐️ Web Development (Intermediate)
⭐️ Web Development (Advanced)

⭐️ Artificial Intelligence (Beginner)
⭐️ Artificial Intelligence (Intermediate)

⭐️ Mobile Development (Android/ IOS)

⭐️ Virtual Reality

⭐️ Cybersecurity

🚨 DEADLINE FOR APPLYING: February 4th
‼️ Register now: bit.ly/init-member-application ‼️ 

✨ If you want more information about the team projects and their leads, check out our notion:
bit.ly/build-team-notion

#weareinit #hackathon #miamitech #diversityintech #miami #technology #tech #instatech #techie #innovation #computerscience #programming #software #webdevelopment #artificialintelligence #machinelearning #cybersecurity #womenintech #developer #college #collegelife #student #career #careergoals #internship",0,01/24/2024 10:57,https://www.instagram.com/p/C2fm5DVv78L/,IG carousel,,Lifetime,,113,83,0,6,5,20
18016892162045853,17841406860905948,init.fiu,INIT FIU,"‼️ Tomorrow ‼️ @ 2pm @ CASE 136

Join us in re-creating Subway Surfers! 🏄 

This is going to be an interactive workshop introducing the fundamentals of game development using Unity🥳! Dive into the world of game design by learning to replicate the thrilling gameplay of Subway Surfers 😱. Perfect for beginners, this session will cover basic concepts, tools, and techniques essential to kickstart your game development journey 🙏✨

🤩 Unleash your creativity and let’s bring creative game ideas to life! 🚀 

#weareinit #hackathon #miamitech #diversityintech #miami #technology #tech #instatech #techie #innovation #computerscience #programming #software #webdevelopment #artificialintelligence #machinelearning #cybersecurity #womenintech #developer #college #collegelife #student #career #careergoals #internship",0,01/23/2024 15:21,https://www.instagram.com/p/C2dgXFGvRGi/,IG carousel,,Lifetime,,41,92,0,0,7,6
17985045446621649,17841406860905948,init.fiu,INIT FIU,"If you’re an FIU student interested in tech, come join INIT! 🤩

🚀 More info on our profile!

#weareinit #hackathon #miamitech #diversityintech #miami #technology #tech #instatech #techie #innovation #computerscience #programming #software #webdevelopment #artificialintelligence #machinelearning #cybersecurity #womenintech #developer #college #collegelife #student #career #careergoals #internship",13,01/23/2024 06:59,https://www.instagram.com/reel/C2cmk3nOPP1/,IG reel,,Lifetime,,67,145,0,0,24,5
17989827950339752,17841406860905948,init.fiu,INIT FIU,"❗️ Tomorrow ❗️ @ 3pm @ PG6 115

🚀 Join us at our workshop tomorrow where you can acquire foundational knowledge of Fusion360 CAD software and its application in 3D printing. You will also learn to understand the nuances that differentiate various 3D printers. Furthermore, we will apply what is learned to design ready to print models!!🤩

So come join us🥳

#weareinit #hackathon #miamitech #diversityintech #miami #technology #tech #instatech #techie #innovation #computerscience #programming #software #webdevelopment #artificialintelligence #machinelearning #cybersecurity #womenintech #developer #college #collegelife #student #career #careergoals #internship",0,01/22/2024 10:13,https://www.instagram.com/p/C2aYRX9x6CU/,IG carousel,,Lifetime,,49,55,0,0,2,1
18019641433953130,17841406860905948,init.fiu,INIT FIU,"‼️ Tomorrow ‼️@ 3 PM @ PG6 115 🚀 

✨ Dive into the world of strings with our introductory workshop! Whether strings are foreign to you or you’re looking for practice, this concise session covers the essentials of string manipulation. Join us for hands-on exercises, practical insights, and take your coding expertise to the next level!! ✨

#weareinit #hackathon #miamitech #diversityintech #miami #technology #tech #instatech #techie #innovation #computerscience #programming #software #webdevelopment #artificialintelligence #machinelearning #cybersecurity #womenintech #developer #college #collegelife #student #career #careergoals #internship",0,01/17/2024 11:43,https://www.instagram.com/p/C2NqrSKv9E0/,IG carousel,,Lifetime,,47,58,0,0,2,0
18015892331027204,17841406860905948,init.fiu,INIT FIU,"‼️ Tomorrow ‼️@ 2 PM @ CASE 136

✨ Members will be introduced to the basics of AI and machine learning. 🤖 They will learn about classification and prediction problems and how to find the most efficient ML algorithm for these different types of problems by comparing the accuracy of each algorithm.  For this workshop, members will be using Python 🐍 , learn the basics of this language and some general programming concepts required in order to get a clear understanding of the field of AI ✨

We hope to see you there tomorrow 😎 

#weareinit #hackathon #miamitech #diversityintech #miami #technology #tech #instatech #techie #innovation #computerscience #programming #software #webdevelopment #artificialintelligence #machinelearning #cybersecurity #womenintech #developer #college #collegelife #student #career #careergoals #internship",0,01/16/2024 13:40,https://www.instagram.com/p/C2LTM6Iv18v/,IG carousel,,Lifetime,,46,96,1,0,5,7
18116358403344283,17841406860905948,init.fiu,INIT FIU,"‼️ Today @ 3 PM @ PG6 115‼️ 

✨ This workshop is designed to help participants craft compelling resumes that stand out to employers. Attendees will learn how to effectively showcase their skills, experiences, and achievements. We’ll cover topics like choosing the right format, using powerful language, and customizing resumes for specific job applications. Bring your current resume for a hands-on, personalized improvement session ✨ 

Can’t wait to see you there!! 🚀 

#weareinit #hackathon #miamitech #diversityintech #miami #technology #tech #instatech #techie #innovation #computerscience #programming #software #webdevelopment #artificialintelligence #machinelearning #cybersecurity #womenintech #developer #college #collegelife #student #career #careergoals #internship",0,01/16/2024 09:33,https://www.instagram.com/p/C2K2_UJR6Mm/,IG carousel,,Lifetime,,34,36,0,0,0,2
17898492491862030,17841406860905948,init.fiu,INIT FIU,"😎Get ready for a week packed with exciting and interactive events!🚀 

⭐INIT REACH: Tailoring your Resume (❗Tomorrow❗): Tuesday, 3pm - 5pm @ PG6 115

⭐INIT EXPLORE: Intro to Artificial Intelligence: Wednesday, 2pm - 4pm @ CASE 136

⭐INIT REACH: Intro to Strings// Interview Prep: Thursday, 3pm - 5pm @ PG6 115

Register now! 🔗 go.fiu.edu/init

#weareinit #hackathon #miamitech #diversityintech #miami #technology #tech #instatech #techie #innovation #computerscience #programming #software #webdevelopment #artificialintelligence #machinelearning #cybersecurity #womenintech #developer #college #collegelife #student #career #careergoals #internship",0,01/15/2024 15:31,https://www.instagram.com/p/C2I7F6nMa_2/,IG image,,Lifetime,,39,70,0,0,0,12
18075258460445835,17841406860905948,init.fiu,INIT FIU,"We’re so grateful for everyone who came to our first general body meeting of the semester, all the returning members and new members, we’re so thankful with how this meeting went!😊

Join us by becoming a member via this link 🔗: 
https://airtable.com/appkfpQOssQZfmORj/shrNlrSaT073i6fog (https://airtable.com/appkfpQOssQZfmORj/shrNlrSaT073i6fog)

Once again, we’re so thankful for everyone who came and everyone we have yet to meet! Keep an eye out for future events we’re going to host this semester! 🚀",29,01/15/2024 11:14,https://www.instagram.com/reel/C2IdpN0vWRi/,IG reel,,Lifetime,,70,197,1,0,30,4
17879316810006476,17841406860905948,init.fiu,INIT FIU,"🚀 Welcome to the Spring semester Panthers! Start the semester by joining us at our Spring Kickoff Meeting this Friday, January 12 @ 3:30 pm in GL100!

😎 Come and learn about our organization, membership, benefits, programs, and upcoming events! You can also meet our community and make friends, all while you enjoy some refreshments on us!

✅ Register now at go.fiu.edu/init

#weareinit #hackathon #miamitech #diversityintech #miami #technology #tech #instatech #techie #innovation #computerscience #programming #software #webdevelopment #artificialintelligence #machinelearning #cybersecurity #womenintech #developer #college #collegelife #student #career #careergoals #internship",0,01/08/2024 08:51,https://www.instagram.com/p/C12Lv94OxVx/,IG carousel,,Lifetime,,189,159,0,0,2,10
18338360248109652,17841406860905948,init.fiu,INIT FIU,"💫INIT REACH: International Student Workshop 🌎
✨ Join us for a workshop for those interested in applying for internships as an international student, understanding FIU’s CPT process and policies, and exploring pre-OPT and post-OPT options! 

🗓️ Friday, March 29
⏰ 1pm - 3pm 
🚪 PG6 - Room 114

#weareinit #hackathon #miamitech #diversityintech #miami #technology #tech #instatech #techie #innovation #computerscience #programming #software #webdevelopment #artificialintelligence #machinelearning #cybersecurity #womenintech #developer #college #collegelife #student #career #careergoals #internship",0,03/28/2024 12:08,https://www.instagram.com/p/C5EbHXeP48o/,IG image,,Lifetime,,85,51,0,0,3,3
18014195174667172,17841406860905948,init.fiu,INIT FIU,"Welcome to the spring semester panthers ⭐️  We’re excited to be back on campus and kicking off the semester with our spring kickoff week, come meet our team at our table!  Don’t miss our first General Body Meeting this Friday we’ll have food and swag for everyone who comes.  #weareinit #miamitechnology #fiu #init #miami #diversityintech #technology #internship #collegelife #computerscience #cybersecurity #informationtechnology #womenintech",0,01/07/2025 12:40,https://www.instagram.com/p/DEiHjQ-vjB7/,IG carousel,,Lifetime,3701,1845,118,6,2,5,4
18033752147179084,17841406860905948,init.fiu,INIT FIU,"Ready to launch your tech career?   Join us at the INIT Spring Kickoff Meeting this Friday. Connect with our amazing community, explore opportunities in technology, and enjoy free food and swag! 🌟  Don’t miss out—open to everyone! See you there!  #FIU #INIT #TechCommunity #SpringKickoff #TechCareers #FIUEngineering #FIUSCIS #Innovation #Networking #TechOpportunities #WeAreINIT #KnightFoundation #StudentLife #futureintech",0,01/08/2025 12:00,https://www.instagram.com/p/DEknu1GuPp-/,IG carousel,,Lifetime,4038,2071,144,11,1,1,4
18052310417027359,17841406860905948,init.fiu,INIT FIU,Ever been curious about creating your own video game? 🎮  Join us for our Intro to Game Development workshop this Thursday! We’ll provide you with the tools and guidance you need to start building and succeeding at game development. Don’t miss out! 👾  #FIU #INIT #Gamingworkshop #TechBasics #gamebuilding #WeAreINIT #FIUEngineering #FIUSCIS #CodingCommunity #KnightFoundation #womenintech #cybersecurity #computerscience #artificialintelligence,0,01/13/2025 12:00,https://www.instagram.com/p/DExfu6WO8U7/,IG carousel,,Lifetime,3086,1528,104,8,0,1,4
18097623121500963,17841406860905948,init.fiu,INIT FIU,Have you ever wanted to learn how to use Github?  Join us for the Intro to GitHub Workshop! This beginner-friendly session will teach you the basics of GitHub and help you kickstart your journey in version control. 🚀  Open to everyone—no prior experience needed! Let’s explore GitHub together.  *Time & Location has been updated as shown on poster*  #FIU #INIT #GitHubWorkshop #TechBasics #VersionControl #WeAreINIT #FIUEngineering #FIUSCIS #CodingCommunity #knightfoundation,0,01/13/2025 17:00,https://www.instagram.com/p/DEyCBnDPIzR/,IG carousel,,Lifetime,2358,1033,54,3,0,1,0
18479867923001146,17841406860905948,init.fiu,INIT FIU,"Curious about the different career paths and wondering which one is right for you?  Our Reach program is here to help! Join this workshop to explore your options and find the perfect path for you. Ready, set, plan your future!📙  #CareerPath #CareerGoals #CareerPlanning #ReachProgram #FIU #WeAreINIT #TechCareers #FutureReady #CareerWorkshop #PlanYourFuture #FIUStudents #Networking #ProfessionalDevelopment #FIUEngineering #knightfoundation",0,01/14/2025 12:00,https://www.instagram.com/p/DE0Ek0lO-tl/,IG carousel,,Lifetime,2448,1138,50,4,0,2,2
18034541831404026,17841406860905948,init.fiu,INIT FIU,Get a sneak peak into this year’s 2025 E-Board members 🤭  Comment down below who is your favorite E-Board member!  #FIU #INIT #E-Board #TechBasics #womenintech #WeAreINIT #FIUEngineering #FIUSCIS #CodingCommunity #knightfoundation #technology #computerscience,0,01/15/2025 00:00,https://www.instagram.com/reel/DE1W73quVOn/,IG reel,,Lifetime,7106,3201,228,16,0,3,1
18329405998087318,17841406860905948,init.fiu,INIT FIU,"Ready to lead and build your skills? ⭐️  Join INIT Build as a Team Lead and turn ideas into reality! Lead a team, gain hands-on experience, and showcase your project to industry professionals. Plus, boost your resume and career prospects! 💻🚀  Don’t wait—start your leadership journey now!  #INITBuild #Leadership #TechProjects #FIU #WeAreINIT #HandsOnLearning #TechCommunity #Networking #FIUEngineering #knightfoundation",0,01/16/2025 12:00,https://www.instagram.com/p/DE5OIPuN7Oq/,IG carousel,,Lifetime,3693,1664,92,11,0,4,7
17853791541367462,17841406860905948,init.fiu,INIT FIU,"Want to level up your skills and build your resume? Our Explore program is here for you!  Pick a track—AI, game dev, web dev, or hardware—and start building real projects through hands-on workshops. Gain skills, grow your resume, and have fun doing it! 🔧🎮  Don’t miss out—kickstart your tech journey today!  #ExploreProgram #TechSkills #LearnAndBuild #FIU #WeAreINIT #TechWorkshops #HandsOnLearning #AI #GameDev #WebDev #hardware",0,01/18/2025 13:07,https://www.instagram.com/p/DE-fXKlvtcG/,IG carousel,,Lifetime,3215,1446,104,14,1,7,13
18095964163454248,17841406860905948,init.fiu,INIT FIU,"Ready to kick off the semester with some fun?   Join us for the Karaoke Kick-Off and enjoy karaoke and mocktails with friends! It’s the perfect way to connect, unwind, and start the year right. 🎶🍹  Open to everyone—don’t miss out!  #Karaoke #FIU #WeAreINIT #StudentLife #KickOffFun #KaraokeParty #CampusEvents #womenintech #computerscience #informationtechnology #cybersecurity",0,01/19/2025 11:32,https://www.instagram.com/p/DFA5R75uq25/,IG carousel,,Lifetime,4071,1980,80,24,0,9,4
17963044778845315,17841406860905948,init.fiu,INIT FIU,Ready to build your first website?   Join us for our Intro to Web Dev Workshop and learn how to create a site step by step! No experience needed—just bring your curiosity and get ready to start coding. 🖱️✨  Open to everyone—let’s make something awesome together!  #WebDevelopment #LearnToCode #INITExplore #FIU #WeAreINIT #TechSkills #StudentLife #HandsOnLearning #CodingJourney #techcommunity,0,01/20/2025 14:14,https://www.instagram.com/p/DFDwnluP9s5/,IG carousel,,Lifetime,2475,1200,42,6,2,8,3
18023449964350538,17841406860905948,init.fiu,INIT FIU,How many did you get right?  #computerscience #miami #fiu #technology #interview #programminglanguage #floridainternationaluniversity,0,01/21/2025 12:00,https://www.instagram.com/reel/DFGGH50vzPw/,IG reel,,Lifetime,5138,2757,212,17,0,21,9
17852795715378162,17841406860905948,init.fiu,INIT FIU,Ever wanted to create your own game character? Now’s your chance!   Join our Game Dev Workshop and learn step-by-step how to bring your player character to life with scripting and creativity. 🕹️✨  No experience? No problem—this workshop is for everyone! Let’s get building!  #GameDev #LearnToCode #INITExplore #FIU #WeAreINIT #TechWorkshops #CreativeCoding #GamingCommunity #StudentLife,0,01/21/2025 15:30,https://www.instagram.com/p/DFGeLqZPTII/,IG carousel,,Lifetime,2350,1105,47,11,0,3,2
18075068449648621,17841406860905948,init.fiu,INIT FIU,"Ready to ace your interviews?   Join us for Technical Interview Prep and learn how to confidently tackle string problems, step by step—even if you’re just starting out! Perfect for beginners and open to everyone. Let’s tackle this together! 🚀  #technicalinterview #practice #INITReach #fiu #weareinit #tech #handsonlearning #leetcode",0,01/22/2025 12:00,https://www.instagram.com/p/DFGhjTnOwNU/,IG carousel,,Lifetime,2132,900,45,1,0,0,2
18036310979153312,17841406860905948,init.fiu,INIT FIU,Dreaming of designing your own website? This is your moment!  Join our Web Dev: Intro to HTML/CSS workshop and learn how to use these powerful tools to create stunning web pages. 🌐✨  No experience? No problem-this hands-on workshop is open to everyone. Let’s bring your ideas to life!  #webdevelopment #htm|cssbasics #INITExplore #FIU #WeAreINIT #techworkshop #creativecoding #studentlife,0,01/23/2025 12:00,https://www.instagram.com/p/DFLPs3qP3Eu/,IG carousel,,Lifetime,2382,1031,57,9,0,0,3
17922263369917350,17841406860905948,init.fiu,INIT FIU,Tell us your favorite part about being in INIT?🤭⬇️  #weareinit #cybersecurity #womenintech #computerscience #miami #technology #career #instatech #board #tech #fiu #floridainternationaluniversity,0,01/24/2025 08:24,https://www.instagram.com/reel/DFNblH0uIof/,IG reel,,Lifetime,5009,2363,100,48,0,5,3
17855775441306049,17841406860905948,init.fiu,INIT FIU,Ever wanted to teach a computer how to think? Or at least how to recommend the best pizza toppings? 🍕🤖  Join our Intro AI workshop and learn how to use Python to build your own AI. This beginner-friendly session will guide you step-by-step in creating something amazing with AI  No experience needed—just bring your curiosity and get ready to learn!  #initfiu #init #machinelearning #ai #fiu #deepthinking #computerscience,0,01/25/2025 20:00,https://www.instagram.com/p/DFRQMiqPSX7/,IG carousel,,Lifetime,8150,3776,167,29,3,2,17
18318051151166713,17841406860905948,init.fiu,INIT FIU,Ready to bring game characters to life that are more interesting than your friends in group chats? This is your moment!🕹️✨  Join our Game Dev: Create Your Own NPC workshop and learn how to design engaging and interactive NPCs to bring your game to life.  No experience? No problem—this hands-on workshop is open to everyone. Let’s make your game world unforgettable!  #games #gamedevelopment #npcdesign #initexplore #fiu  #WeAreINIT #techworkshop #creativecoding #studentlife,0,01/26/2025 20:56,https://www.instagram.com/p/DFT7YWKO4gP/,IG carousel,,Lifetime,2724,1236,88,3,0,1,2
18059307697793002,17841406860905948,init.fiu,INIT FIU,"Ready to land your dream job or internship? The Spring Career Fair is coming up fast-make sure your resume and Linkedin are ready to impress!🧳✨  Join our Resume & LinkedIn Review workshop and get expert feedback to help you stand out to recruiters. Whether you need a full revamp or just a few tweaks, we’ve got you covered!  Not much experience on your resume? It’s okay! This hands-on workshop is open to everyone. Let’s get career-fair ready and set yourself up for success!  #career #resume #linkedin #springcareerfair #initreach #fiu #networking",0,01/28/2025 12:00,https://www.instagram.com/p/DFYHodSOkkl/,IG carousel,,Lifetime,2232,903,58,1,0,0,5
18053544731089083,17841406860905948,init.fiu,INIT FIU,"Ever wanted to build your own robot army? Okay, maybe just one friendly robot to start with?🤖✨  Join our Intro to Robotics workshop and learn how to build and control your own hardware. No experience needed—just bring your curiosity (and maybe a little imagination for world domination)!  #weareinit #init #robotics #hardware #tech #computerscience #initexplore #fiu",0,01/29/2025 12:00,https://www.instagram.com/p/DFascEEu411/,IG carousel,,Lifetime,2435,1056,54,10,0,0,3
18057437090084874,17841406860905948,init.fiu,INIT FIU,"Ever wanted to meet the brains behind INIT’s biggest projects? Or find the perfect team to bring your ideas to life? 🚀🔥  Join our Team Lead Mixer and connect with INIT Build Leads and potential team members. Whether you’re looking to lead, collaborate, or just network with like-minded innovators, this is the place to be!  No experience? No problem—everyone is welcome. Let’s build something amazing together! 💡✨  #INITBuild #INITExplore #FIU #WeAreINIT #technetworking #leadership #innovation",0,01/29/2025 20:53,https://www.instagram.com/p/DFbpdC9uLRr/,IG carousel,,Lifetime,2656,1240,73,6,0,2,1
18033337739444982,17841406860905948,init.fiu,INIT FIU,"🔐 Want to break into cybersecurity? The INIT x MITRE Security Workshop is your chance to connect with industry experts and learn how to protect the digital world!  Get hands-on insights into the latest cybersecurity trends, network with professionals, and discover how you can level up your skills in this fast-growing field. Whether you’re just starting or already diving into security, this workshop is for you!  No prior experience needed—just bring your curiosity and get ready to explore the world of cybersecurity!  #cybersecurity #INITxMITRE #techworkshop #fiu #networking #cybersec",0,01/30/2025 12:00,https://www.instagram.com/p/DFdRTE_Owrw/,IG carousel,,Lifetime,2986,1376,94,20,0,0,8
17973739736687020,17841406860905948,init.fiu,INIT FIU,"Ever wanted to make your website actually listen? Or at least stop breaking over a missing semicolon? 😆💻  Learn the fundamentals of JavaScript and how to bring websites to life with dynamic features. Whether you’re new to coding or looking to sharpen your skills, this hands-on session is for you!  No experience? No problem! Just bring your curiosity and get ready to code.  #webdevelopment #javascript #INITExplore #FIU #codingworkshop #learntocode",0,01/30/2025 16:00,https://www.instagram.com/p/DFdsubUuMpI/,IG carousel,,Lifetime,2221,953,56,9,0,1,5
18055304510092330,17841406860905948,init.fiu,INIT FIU,Let us know what should we ask students next? ⤵️  #weareinit #career #cybersecurity #computerscience #miami #technology #java #assembly #python #css #html #programming,0,01/31/2025 12:06,https://www.instagram.com/reel/DFf1pxyJ7of/,IG reel,,Lifetime,7212,4017,196,17,0,11,4
18057057982995654,17841406860905948,init.fiu,INIT FIU,Every wanted to build a team project from idea to launch? 🚀   This is your opportunity to work in a team and make that project come to life in just nine weeks! You will also be able to build your resume with this experience. Link to register in Bio!!  Open to everyone - Take advantage of this once in a semester opportunity 🌟  #floridainternationaluniversity #applicationsopen #teamwork #womenintech #computerscience #artificialintelligence #webdeveloper #gamedevelopment,0,01/31/2025 17:58,https://www.instagram.com/p/DFgfBFFPVc2/,IG carousel,,Lifetime,3443,1623,77,14,1,1,6
18044685254335279,17841406860905948,init.fiu,INIT FIU,"Curious about how AI knows what you need before you do? Or how it picks the perfect playlist? 🎶🤖  Join our AI Foundations workshop and uncover the magic behind AI! Learn the key algorithms that power today’s technology and start your journey into the world of artificial intelligence.  No experience? No worries—this workshop is fun, hands-on, and open to everyone. Let’s turn your curiosity into creation!   #ai #aifoundation #initexplore #fiu #techworkshop #machinelearning",0,02/01/2025 12:00,https://www.instagram.com/p/DFia2a6uKOm/,IG carousel,,Lifetime,2083,794,42,3,0,0,0
18046360250191795,17841406860905948,init.fiu,INIT FIU,"Ever wanted to create a game mode so good that even the NPCs would high-five you? Or design a multiplayer experience your friends won’t stop talking about? 🎮✨  Join our Create Your Own Game Mode workshop and turn your gaming ideas into reality! Learn how to build custom game modes for Player and NPC battles in a fun, hands-on session.  No experience? No problem—this workshop is open to everyone. Let’s level up your game design skills! 💡🚀  #gamedevelopment #INITExplore #FIU #WeAreINIT #techworkshop #gamedesign #studentlife",0,02/02/2025 12:00,https://www.instagram.com/p/DFk_oduObSK/,IG carousel,,Lifetime,2022,840,44,2,0,0,0
18061348783755479,17841406860905948,init.fiu,INIT FIU,"Ever feel like graph problems are just a cruel joke by interviewers? Or that BFS and DFS are just fancy ways to get lost? 😆🧩  Join us for Graph-Based Interview Prep, where you’ll finally conquer graph problems and master key algorithms to ace your next technical interview. No more wandering through cycles—let’s find the shortest path to success!  #graphtheory #codinginterview #algorithm #INITReach #FIU #techprep #DSA",0,02/03/2025 12:00,https://www.instagram.com/p/DFnkdTWumQR/,IG carousel,,Lifetime,2255,934,48,32,0,0,1
18489519784029661,17841406860905948,init.fiu,INIT FIU,What series would you guys like to see next? 🔥  #weareinit #computerscience #cybersecurity #artificialintelligence #interviewquestions #programming #floridainternationaluniversity,0,02/04/2025 18:54,https://www.instagram.com/reel/DFq4JbBvoNw/,IG reel,,Lifetime,5708,2933,161,18,0,10,10
18049790950960390,17841406860905948,init.fiu,INIT FIU,"Ever wanted to build your own R2-D2? Or at least make an LED blink without setting something on fire? 🤖💡  Join us for Arduino Fundamentals, where you’ll learn how to bring circuits to life and create interactive projects from scratch!  No experience? No problem-just bring your curiosity, ano we’ll make the magic happen (safely, hopefully).  #arduino #electronic #techmagic #INITExplore #FIU #hardwarehack #buildsomethingcool",0,02/06/2025 12:00,https://www.instagram.com/p/DFvSymEO-lc/,IG carousel,,Lifetime,2156,906,57,4,2,2,4
18116160583439584,17841406860905948,init.fiu,INIT FIU,Not all love letters are written… some are crafted 💌  Join us this Thursday for our Valentine’s event! Link in bio.  #weareinit #wics #womenintech #cybersecurity #valentinesevent #loveletter #mail #floridainternationaluniversity,0,02/07/2025 12:52,https://www.instagram.com/reel/DFx812rPJhx/,IG reel,,Lifetime,4608,2193,118,28,0,13,6
18482365549032283,17841406860905948,init.fiu,INIT FIU,"Ever wished you could see your music move?Imagine your beats transforming into mesmerizing visuals—and you built it. 🎶💡✨  Join us for a hands-on session where you’ll create a Spotify Visualizer using HTML, CSS, and JavaScript! Whether you’re a coding newbie or a web dev pro, this workshop will bring your music to life like never before.   No experience needed—just bring your creativity and let’s make magic happen!  #webdevelopment #javascript #spotifyvisualizer #INITExplore #FIU #creativecoding #musictech",0,02/08/2025 12:00,https://www.instagram.com/p/DF0cavIulxu/,IG carousel,,Lifetime,2377,1014,78,5,0,0,5
18058454497826099,17841406860905948,init.fiu,INIT FIU,Ever wished you could predict house prices like a real estate genius? Or at least know if that Zillow listing is actually a good deal? 🏡📊  Learn how to build a House Price Predictor with AI! This hands-on session will teach you the fundamentals of machine learning and real estate price forecasting.   No prior experience needed—just bring your curiosity and get ready to code!  #ai #machinelearning #realestate #houseprices #INITExplore #FIU #datascience #codingworkshop,0,02/09/2025 12:00,https://www.instagram.com/p/DF3BM01uas4/,IG carousel,,Lifetime,2307,940,54,8,0,0,2
18078259384722597,17841406860905948,init.fiu,INIT FIU,"Ever wished you could craft the perfect Valentine’s gift without the glitter disaster? Or at least make something that says “I care” without breaking the bank? 💘🎨  Join us for LOVE, CRAFTED with INIT x WiCS! We’ve got Valentine’s crafts, sweet treats, and tons of fun waiting for you.  No crafting expertise needed—just bring your creativity and your sweet tooth! 🍭✨  #valentinesday #craftwithlove #INITxWiCS #FIU #lovecrafted #studentlife #campusevents",0,02/10/2025 12:22,https://www.instagram.com/p/DF5ohzNJ0KG/,IG carousel,,Lifetime,4249,1953,111,12,0,3,4
18375352624186344,17841406860905948,init.fiu,INIT FIU,"Your resume is your first impression. Your elevator pitch is your chance to stand out. Are you ready?💼  Join us for Career Fair Ready & Elevator Pitch, where you’ll learn how to refine your resume, optimize your Linkedin, and confidently introduce yourself to recruiters. Make every interaction count and take the next step toward your career goals.  #careerfair #resumetips #LinkedIn #elevatorpitch #INITReach #FIU #networking #jobsearch",0,02/11/2025 13:50,https://www.instagram.com/p/DF8XW70vDjB/,IG carousel,,Lifetime,2666,1229,50,5,0,0,0
17947705235927226,17841406860905948,init.fiu,INIT FIU,Did you figure out the date? Drop it below 🫣🤭  #cybersecurity #technology #fiu #weareinit #somethingnewiscooking #computerscience,0,02/12/2025 20:53,https://www.instagram.com/reel/DF_rocVpIr9/,IG reel,,Lifetime,3889,1746,113,18,0,10,5
18262803037259428,17841406860905948,init.fiu,INIT FIU,"Ever wanted to bring your hardware to life—like a real-life WALL-E? 🤖✨ Or at least get it to do more than just sit there collecting dust?   Join us for a hands-on session where you’ll unlock the magic of I/O and real-world hardware control! Whether you’re a beginner or already building the next generation of robots, this workshop is for you.   No experience? No problem—just bring your curiosity and let’s make some tech come alive!  #hardware #machine #robot #INITExplore #FIU #techworkshop #buildthefuture",0,02/13/2025 12:00,https://www.instagram.com/p/DF-vpaWOQGn/,IG carousel,,Lifetime,2004,814,32,2,0,0,2
18060065410806125,17841406860905948,init.fiu,INIT FIU,Happy Valentine's from the INIT. We hope your day is filled with love and endless possibilities. ❤️  #valentinesDay #WeareINIT #init #fiu,0,02/14/2025 14:22,https://www.instagram.com/p/DGEJe4bv5Y3/,IG carousel,,Lifetime,3473,1586,87,23,0,1,0
18057213115989871,17841406860905948,init.fiu,INIT FIU,Ever wished you could predict stock prices like a fortune teller? Or at least not panic every time the market dips? 📉📈  Learn how to predict stock prices using advanced ML models! This hands-on session will teach you the fundamentals of machine learning for financial forecasting. No prior experience needed—just bring your curiosity and get ready to code!  #ml  #machinelearning #stockmarket #financetech #INITExplore #FIU #datascience #codingworkshop,0,02/15/2025 12:00,https://www.instagram.com/p/DGGd7z0OUOp/,IG carousel,,Lifetime,3002,1234,86,19,0,2,6
18027685817626796,17841406860905948,init.fiu,INIT FIU,"Struggling to escape the endless loop of recursion confusion? 🔄😵 Or just want to level up your problem-solving skills for tech interviews?  Learn recursion for tech interviews by solving problems from simple to advanced! This hands-on session will break it down step by step, so you can ace those tricky coding questions with confidence. No prior recursion mastery required—just bring your curiosity and get ready to code!  #recursion #coding #codinginterview #techprep #fiu #WeAreINIT #dsa #codingworkshop #techcareers",0,02/17/2025 12:00,https://www.instagram.com/p/DGLnkvjOoPw/,IG carousel,,Lifetime,2393,1058,46,12,0,0,3
18092483344541216,17841406860905948,init.fiu,INIT FIU,"🚀 Ready to BUILD something great? 🔧💡 Meet our 2025 BUILD Team Leads!  These leaders are ready to innovate, collaborate, and guide teams in building amazing projects.   #weareinit #build #Build2025 #leadership #innovation #teamwork #init",0,02/19/2025 12:00,https://www.instagram.com/p/DGQxM7EuXhO/,IG carousel,,Lifetime,4906,2130,133,26,1,3,1
17955040328783623,17841406860905948,init.fiu,INIT FIU,"Ever wanted to build your own VPN? Now’s your chance! 🌐  Join INIT x AWS as Bryant Pickford walks you through designing a secure, private network in the cloud. No experience needed—just bring your curiosity! 🚀  #INITxAWS #VPNWorkshop #CloudNetworking #CyberSec #FIU",0,02/24/2025 17:30,https://www.instagram.com/p/DGeO7Ovv6mo/,IG carousel,,Lifetime,3591,1588,131,11,0,3,14
18017731532667132,17841406860905948,init.fiu,INIT FIU,We have been keeping this secret for quite some time 🫣  More info will be coming out soon...  #floridainternationaluniversity #comingsoon #somethingnew #tech #computerscience #cybersecurity,0,02/26/2025 13:12,https://www.instagram.com/p/DGi693xPM6T/,IG image,,Lifetime,2751,1394,90,7,0,3,2
18314222434201752,17841406860905948,init.fiu,INIT FIU,"Struggling to make your Roomba do more than just bump into walls? 🤖💥 Or just want to finally say you’ve built a robot (without duct tape and hope)?  Learn to build your own mini robot in this hands-on workshop! No skills required—just bring your curiosity (and maybe a tiny bit of fear for the robot uprising 👀). We’ll break it down step by step, so you can bring your creation to life!  #robotics #coding #tech #STEM #FIU #WeAreINIT #engineering #robotworkshop #technology",0,02/27/2025 12:00,https://www.instagram.com/p/DGlXetEv6Jh/,IG carousel,,Lifetime,2219,921,49,3,1,1,3
18057028334084982,17841406860905948,init.fiu,INIT FIU,Any clues yet what it might be? 🤭  Exclusive Launch Event this Wednesday don’t miss out! 🔒  #computerscience #trendingreels #floridainternationaluniversity #womenintech #cybersecurity #technology,0,02/28/2025 12:17,https://www.instagram.com/reel/DGn-J-1pphb/,IG reel,,Lifetime,7624,3555,179,20,0,7,5
18064330018744143,17841406860905948,init.fiu,INIT FIU,"Explore Web Dev is back! 🚀💻  Missed out last time? No worries—Web Dev 101 is here again to help you set up your dev tools and get started! Whether you’re a total beginner or a seasoned coder, we’ve got you covered. 🔥  No experience needed—just bring your laptop and your curiosity! We’ll walk you through everything step by step so you can start coding with confidence.  #WebDev101 #ExploreWebDev #Coding #Tech #STEM #FIU #WeAreINIT #LearnToCode #WebDevelopment",0,02/28/2025 17:00,https://www.instagram.com/p/DGoem8Nv8mQ/,IG carousel,,Lifetime,2403,966,46,3,0,1,4
18022799393436424,17841406860905948,init.fiu,INIT FIU,"Halfway through the build—time to kick it into high gear! 🚀  The Mid-Build Hackathon is your chance to collaborate with your team, make serious progress, and get ahead before finals hit. Work, debug, and grind—it’s all about pushing your project to the next level!   Only for Build members—see you there! 👀  #HackathonVibes #TechProjects #FIU #WeAreINIT #BuildAndGrind #Teamwork #CodingNight #computerscience",0,03/02/2025 12:42,https://www.instagram.com/p/DGtKsNzPlhD/,IG carousel,,Lifetime,2338,980,48,3,0,0,1
18350659633199741,17841406860905948,init.fiu,INIT FIU,"The battlefield is set- Will you answer the call? 🫡  The INIT Exclusive Launch Event is almost here! Be there as we introduce something exciting, set the stage for what’s to come, and kick things off in a big way. This is just the beginning—don’t miss your chance to be part of it from day one!  Only for those ready to take INIT to the next level—see you there! 👀  #INIT #comingsoon #launchevent #newbegginings #techlaunch #getready #staytune #nextlevel",0,03/03/2025 12:00,https://www.instagram.com/p/DGvqsGsNMpm/,IG image,,Lifetime,2083,1039,35,4,0,1,1
17944080506952108,17841406860905948,init.fiu,INIT FIU,You won’t want to miss out on this!! ⭐️  Register for this event on our link in the bio  #weareinit #computerscience #aws #amazon #womenintech #floridainternationaluniversity #cybersecurity,0,03/04/2025 15:01,https://www.instagram.com/reel/DGyjtVpxFOH/,IG reel,,Lifetime,4335,2181,137,37,0,17,6
17881208637250001,17841406860905948,init.fiu,INIT FIU,"Shape the future of INIT—Committee Applications Now Open! 🚀  Ready to make an impact? Join an INIT committee and help shape the future of our community! Whether you’re passionate about building, marketing, outreach, or engagement, there’s a place for you.  ✅ Gain leadership experience ✅ Work with an amazing team ✅ Help bring INIT’s vision to life  This is your chance to step up and be part of something bigger. Apply now and take INIT to the next level!  #init #LeadWithINIT #CommitteeApplications #techcommunity #innovation #letsbuild #jointheteam",0,03/04/2025 17:00,https://www.instagram.com/p/DGyPhx9tP0K/,IG carousel,,Lifetime,3955,1825,142,14,0,2,10
18036986495235753,17841406860905948,init.fiu,INIT FIU,"Flag Ops Deployed—will you answer the call? 🎯  The mission is almost here! Be there as we infiltrate, exploit, and capture, setting the stage for what’s to come and kicking things off in a big way. This is just the beginning—don’t miss your chance to be part of it from day one!  Only for those ready to dominate the battlefield—see you on the front lines! ⚡🏴‍☠️  #CTF #FlagOps #missionready #hackthesystem #comingsoon",0,03/05/2025 17:00,https://www.instagram.com/p/DG1WmX_OeKl/,IG image,,Lifetime,2001,992,54,6,0,1,3
18058919530859558,17841406860905948,init.fiu,INIT FIU,Want to build a portfolio website but don’t know where to start? We got you!   Join our Portfolio Building w/ HTML workshop and learn how to structure your site using HTML elements. No experience needed—just bring your creativity and let’s get coding! 💻✨  Open to everyone—see you there!  #WebDev #PortfolioGoals #FIU #WeAreINIT #LearnToCode #HTMLBasics #TechSkills #studentlife #computerscience #informationtechnology #cybersecurity,0,03/07/2025 10:05,https://www.instagram.com/p/DG5wsLbOUaU/,IG carousel,,Lifetime,2211,963,54,11,0,0,7
18087029242593240,17841406860905948,init.fiu,INIT FIU,"You went to THAT workshop?! 🤖🔥 Relive the action from our ‘Build Your Own Mini Robot’ event! From circuits to coding, we brought robots to life.  #weareinit #initexplore #robot #robotics #hardware",0,03/07/2025 15:25,https://www.instagram.com/reel/DG6U_AQPYn3/,IG reel,,Lifetime,2837,1376,83,11,0,0,2
17926741581033781,17841406860905948,init.fiu,INIT FIU,"Want to make games but don’t know where to start? Right now, you’re just jumping around like Mario without a platform—let’s fix that! 🍄🎮  Join Game Dev 101 and learn how to set up your tools and start building your own games. No experience needed—just bring your creativity and maybe a fire flower for extra power. 🔥💻  Open to everyone—don’t get stuck in a tutorial level forever! 🚀  #gamedev #levelup #FIU #WeAreINIT #1UpYourSkills #techskills #gamedevelopment #studentlife",0,03/08/2025 12:00,https://www.instagram.com/p/DG8isjqOHgp/,IG carousel,,Lifetime,1885,744,31,17,0,0,1
18051884129233844,17841406860905948,init.fiu,INIT FIU,"Does your portfolio look like a Google Doc? 😬 No worries—we got you!  Join Portfolio Styling w/ CSS and learn how to turn your plain website into a stylish masterpiece. Beginners are more than welcome—no experience needed, just bring your creativity (and maybe say goodbye to Comic Sans forever). 🎨💻  Open to everyone—because bad design is a crime! 🚀  #cssglowup #FIU #WeAreINIT #learntocode #webdev #techskills #beginnerswelcome #stylematters",0,03/09/2025 12:10,https://www.instagram.com/p/DG_BuPJuW2c/,IG carousel,,Lifetime,2334,1000,62,7,0,2,3
18081579787623986,17841406860905948,init.fiu,INIT FIU,We made this video so you’d stop procrastinating. 👀 Now go sign up! 🚀  No experience needed—just bring your creativity and join our awesome events!  #computerscience #init #fiu #technology #event #awesome #weareinit,0,03/11/2025 17:28,https://www.instagram.com/reel/DHEu_zNvUfN/,IG reel,,Lifetime,2997,1364,60,2,0,11,4
18100290217504171,17841406860905948,init.fiu,INIT FIU,"Think you’ve got what it takes to dominate Game Day? 🎮🔥 Let’s find out!  Join us for an epic showdown of games, fun, and friendly competition! Whether you’re a casual player or a reigning champ, there’s a spot for you at the table. Bring your skills, your strategy, and maybe a little bit of luck! 🎱🏆  Tuesday, March 18 | 4–6 PM | GC Game Room  Open to everyone—because game night is better with a crowd! 🚀",0,03/12/2025 12:00,https://www.instagram.com/p/DHGu-UsuDCj/,IG carousel,,Lifetime,2406,1049,68,16,0,0,0
18160842421340232,17841406860905948,init.fiu,INIT FIU,Game preparation starts now ‼️  We have officially launched our New Capture the Flag Hackathon & it’s open to everyone!  Register for FlagOps now- Link is in our bio 🔥  #weareinit #capturetheflag #hackathon #cybersecurity #womenintech #computerscience,0,03/15/2025 10:54,https://www.instagram.com/reel/DHOUaCEJ88X/,IG reel,,Lifetime,4500,2350,140,25,0,15,6
18117205126450482,17841406860905948,init.fiu,INIT FIU,"Does your coding portfolio still have 200 lines of “print(‘Hello, World!’)”? 😬 No worries—we got you!  Join CREATE FLAPPY BIRD: GAME LOOP and learn how to build an endless loop script to bring your own Flappy Bird to life! 🕹️🐦  No experience needed—just bring your curiosity (and maybe prepare to rage quit when your bird keeps crashing). 🚀💻  Open to everyone—because game dev should be fun (even if Flappy Bird makes you cry). 😭🔥  #gamedeveloper #FIU #WeAreINIT #codingworkshops #flappybird #learntocode #techskills",0,03/17/2025 12:00,https://www.instagram.com/p/DHTm6hrOWxl/,IG carousel,,Lifetime,2088,838,41,13,0,0,4
17857711653330640,17841406860905948,init.fiu,INIT FIU,"Does AI still feel like magic to you? 🎩✨ No worries—we got you!  Join ARTIFICIAL INTELLIGENCE 101 and learn the basics of Python, set up essential tools, and test your skills with a fun review game! 🧠💻  No prior experience needed—just bring your curiosity (and maybe let AI do your homework… just kidding, or are we? 🤖).  Open to everyone—because understanding AI is the future! 🚀🔥  #AI101 #FIU #WeAreINIT #learnai #pythonbasics #techskills #futureready #machine learning",0,03/17/2025 12:00,https://www.instagram.com/p/DHTm7tOOByY/,IG carousel,,Lifetime,2035,819,57,14,0,1,4
17982923270665316,17841406860905948,init.fiu,INIT FIU,"🤖 Ever wanted to build your own robot army? (Just for fun, of course… 😏) No worries—we got you!  Join ROBOTICS 101 and learn the basics of robotics, electronics, and Arduino! Whether you’re a total beginner or already dreaming of building your own R2-D2, this workshop is for you! 🔧⚡  No experience needed—just bring your curiosity (and maybe a backup plan in case your robot takes over).  Open to everyone—because the future is robotic! 🚀🔥  #Robotics101 #FIU #WeAreINIT #arduino #learnelectronics #techskills #buildthefuture",0,03/18/2025 12:00,https://www.instagram.com/p/DHWLxIrpwVe/,IG carousel,,Lifetime,1786,676,37,7,0,0,2
18387429880116082,17841406860905948,init.fiu,INIT FIU,"🚀 Preparing for tech interviews? Capital One is here to help you land that dream job—and yes, there’s free Chick-fil-A too! 👀🍗  Join TECH INTERVIEW PREP to get insider tips, strategies, and confidence for your next coding interview. Because great prep = great results! 💻🔥  Open to everyone—because nailing an interview should be as satisfying as free food. 😉  #techinterviewprep #FIU #WeAreINIT #capitalone #codinginterview #acetheinterview #techcareers",0,03/19/2025 12:00,https://www.instagram.com/p/DHYwjREudSY/,IG carousel,,Lifetime,3517,1182,68,20,2,0,2
17931842198901092,17841406860905948,init.fiu,INIT FIU,"🚀 Is your portfolio looking a little… basic? Time for an upgrade!  Join UPGRADE PORTFOLIO W/ JAVASCRIPT and learn how to add interactivity, animations, and cool effects to make your portfolio stand out! 💻✨  No experience? No problem! Just bring your creativity and get ready to level up. 🚀🔥  Open to everyone—because your portfolio should work as hard as you do! 😉  #javascriptmagic #FIU #WeAreINIT #codingworkshop #webdev #portfolioglowup #learntocode",0,03/20/2025 12:00,https://www.instagram.com/p/DHbVTlROs-W/,IG carousel,,Lifetime,1906,692,42,0,0,0,1
18058457093020333,17841406860905948,init.fiu,INIT FIU,"Tech Interviews + Free Chick-fil-A? Say Less! 👀🍗  Got a tech interview coming up? Or just here for the free food? Either way, we got you!  Join TECH INTERVIEW PREP with Capital One and learn how to ace your interviews while enjoying some Chick-fil-A. 💻🔥  📍 Insider tips 📍 Practice strategies 📍 Free food—because why not?  Don’t miss out! Register now through the link in our bio! 🚀  #capitalone #techinterview #codinginterview #techcareer #interview #networking #computerscience",0,03/21/2025 17:10,https://www.instagram.com/reel/DHedI_4PZxG/,IG reel,,Lifetime,3286,1657,111,21,0,2,15
18083766418615761,17841406860905948,init.fiu,INIT FIU,"🤖 Thinking about getting into AI but don’t know where to start? No worries—we got you!  Join AI FUNDAMENTALS and learn about data types, AI models, and K-Nearest Neighbors (KNNs)! 📊🧠  No experience needed—just bring your curiosity (and maybe let AI predict your future while you’re at it). 🚀💻  Open to everyone—because understanding AI is the future! 🔥  #AIFundamentals #FIU #WeAreINIT #machinelearning #techskills #learnai #futureready",0,03/22/2025 12:00,https://www.instagram.com/p/DHge_PRu1tz/,IG carousel,,Lifetime,2103,782,38,2,0,0,2
18017658368691400,17841406860905948,init.fiu,INIT FIU,"The battlefield is set. Are you ready to secure the flag? 🚨  INIT presents FlagOps—our official Capture The Flag (CTF) competition! 🚩  This competition will push you to think critically, work under pressure, and uncover vulnerabilities—just like real cybersecurity professionals.  Think you’ve got what it takes? Register now and dominate the battlefield! 🔥  #hackathon #capturetheflag #competition #winprizes #floridainternationaluniversity #weareinit",0,03/24/2025 12:00,https://www.instagram.com/p/DHlog0JPW5d/,IG image,,Lifetime,1812,756,24,8,0,0,1
18305162254230975,17841406860905948,init.fiu,INIT FIU,"If you’ve ever been stuck in a queue or stacked with assignments… you’re halfway there.  Come learn how stacks and queues actually work (in code, not in life). We’ll walk you through it with fun, hands-on coding—no stress, just good logic. 💻✨  #INITReach #StacksAndQueues #CSConcepts #LearnToCode #FIU #WeAreINIT #TechWorkshop #CodingMadeFun #computerscience",0,03/25/2025 12:00,https://www.instagram.com/p/DHoNVHXOAJ5/,IG carousel,,Lifetime,2005,716,43,2,0,1,1
18076427752703248,17841406860905948,init.fiu,INIT FIU,"Ever wondered how games make characters jump, fall, or flap just right?  In this workshop, you’ll break down the player physics behind Flappy Bird and build it yourself from the ground up. Let’s turn gravity into code!   #weareinit #floridainternationaluniversity #gamedeveloper #computerscience #cybersecurity",0,03/26/2025 12:00,https://www.instagram.com/p/DHqyIMmOYGh/,IG carousel,,Lifetime,1968,740,23,4,0,0,2
18081100798649818,17841406860905948,init.fiu,INIT FIU,"Want to try building something real with code? We’ve got you. 👾  Join us for Intro to Arduino— A hands-on workshop where you’ll learn the basics and start playing around with hardware. No experience? No problem. Just show up and start making cool stuff. ⚙️  It’s fun, beginner-friendly, and open to everyone!  #INITExplore #ArduinoWorkshop #HandsOnTech #FIU #WeAreINIT #BuildSomethingCool #fiu",0,03/28/2025 09:00,https://www.instagram.com/p/DHvnHaGJek3/,IG carousel,,Lifetime,2234,820,57,15,0,0,3
18002062406751974,17841406860905948,init.fiu,INIT FIU,Drop any questions you want to ask our INIT leaders! ⬇️  Next week they will be answering all your questions to help you navigate the world of internships. 🔍   #weareinit #computerscience #womenintech #career #internships #floridainternationaluniversity #fiu,0,03/28/2025 14:25,https://www.instagram.com/reel/DHwK5YxJRCD/,IG reel,,Lifetime,3157,1337,104,9,0,6,8
17899222683168770,17841406860905948,init.fiu,INIT FIU,"Ever look at your electricity bill and think, “how did it get that high?”  Now’s your chance to build an AI model that helps predict it! Join us for a hands-on workshop where we’ll walk you through creating your own Electricity Bill Price Predictor using AI tools—no prior experience needed. ⚡💻  #INITExplore #AIBasics #ElectricityBillPredictor #FIU #WeAreINIT #HandsOnLearning #TechWorkshop",0,03/29/2025 09:00,https://www.instagram.com/p/DHyL3NTJaBk/,IG carousel,,Lifetime,2910,1218,47,6,0,0,3
17886253620240384,17841406860905948,init.fiu,INIT FIU,"Ready to take your Flappy Bird game to the next level?🐥  Come through for Creating Flappy Bird: Game Mode—we’re building full-on Flappy clones, talking game logic, and yes… there will be pizza. Oh, and you might even snag some exclusive Explore merch. 🍕✨  #INITExplore #GameDevWorkshop #FlappyBirdClone #FIU #WeAreINIT #CodeAndCreate #PizzaAndProjects #TechWorkshops",0,03/29/2025 18:00,https://www.instagram.com/p/DHzJrUQJsA9/,IG carousel,,Lifetime,2137,675,24,2,0,0,2
18065651554778428,17841406860905948,init.fiu,INIT FIU,"Trying to land that dream tech internship but not sure where to start? We got you!  Come to our Tech Intern Panel and hear directly from students who’ve interned at companies like Google, UKG, NVIDIA & Capital One. 💼🤭  Get real advice, ask your questions, and leave with tips you won’t find on Google.  #INITReach #TechInternPanel #InternshipTips #FIU #WeAreINIT #CareerGrowth #RealTalk #StudentTolntern",0,04/02/2025 09:01,https://www.instagram.com/p/DH8gRRxuZRr/,IG carousel,,Lifetime,3003,1232,58,7,0,0,4
18075448597758859,17841406860905948,init.fiu,INIT FIU,"You’ve been building all semester-now it’s time to kick back and compete (with snacks, of course)!  Build Game Day is here! Bring your team and play your favorite games, while we celebrate all the progress you’ve made. 🎮  #ComputerScience #TechStudents #Gaming #Student #FIUEvents #Teamwork #WeAreINIT",0,04/03/2025 09:00,https://www.instagram.com/p/DH8fI2FPrPR/,IG carousel,,Lifetime,2758,1006,74,4,0,0,1
18049180979339002,17841406860905948,init.fiu,INIT FIU,"Tired of coding things you can’t see?  Pull up to Interacting with Your Hardware! and actually make stuff do things. Lights, sensors, buttons—we’re wiring it up and making it move. No experience needed, just come ready to build and vibe. 🔧✨  #INITExplore #HardwareVibes #FIU #WeAreINIT #HandsOnTech #BuildStuff #TechMadeFun #computerscience",0,04/03/2025 21:00,https://www.instagram.com/p/DIAWS8Aphc6/,IG carousel,,Lifetime,2250,686,37,2,0,0,3
18054360893237311,17841406860905948,init.fiu,INIT FIU,Applying for internships can be tough but the key is never giving up!  Our Reach workshops can help you reach that dream internship 💫  #weareinit #computerscience #cybersecurity #womenintech #technology #career #fiu,0,04/04/2025 22:22,https://www.instagram.com/reel/DIDDRGBOltJ/,IG reel,,Lifetime,2815,1436,81,5,0,1,8
18276673009251434,17841406860905948,init.fiu,INIT FIU,"Want to work at a top tech company? 👀  Here’s your chance!  We’re teaming up with Splunk for a virtual info session where you can connect directly with recruiters, learn about open roles, and get tips on landing internships and jobs in tech.  It’s free, it’s online, and it might just be your next big opportunity. 💼💻  #ComputerScience #TechCareers #InternshipSearch #RecruiterConnect #SplunkCareers #FIU #WeAreINIT #STEMJobs #TechNetworking",0,04/06/2025 11:43,https://www.instagram.com/p/DIHE7IMO3iB/,IG carousel,,Lifetime,3302,1102,67,11,0,3,6
18024768401676783,17841406860905948,init.fiu,INIT FIU,"Ever wondered if AI could help you predict the stock market? 📈  Come through for Stock Market Insights with AI and learn how to use machine learning models to spot trends and forecast prices—no finance degree needed. Oh, and did we mention there’s free pizza? 🍕🤖   #MachineLearning #AIPowered #StockMarketInsights #TechStudents #FIU #WeAreINIT #STEMEvents #PizzaAndPredictions",0,04/07/2025 09:00,https://www.instagram.com/p/DIJXBX5PUlQ/,IG carousel,,Lifetime,2617,861,49,5,0,2,3
18395999122109654,17841406860905948,init.fiu,INIT FIU,"Movie + snacks + good people = best kind of study break! 🍿🎬  Come to Movie Night and chill with us—no code, no stress, just good vibes.  #fiu #movienight #womenintech #computersciencestudent #cybersecurity #unwindwithfriends",0,04/07/2025 18:00,https://www.instagram.com/p/DIKU0VWPt8Y/,IG carousel,,Lifetime,3458,1324,88,6,0,2,3
18122638078429558,17841406860905948,init.fiu,INIT FIU,"Interview season’s coming... and you know what’s always on the menu? Dynamic Programming.  Learn how to recognize patterns, break down problems, and impress recruiters-one subproblem at a time. 💼  #fiu #interviewprep #dynamicprogramming #computersciencestudent #cvbersecuritv #programming init",0,04/08/2025 09:00,https://www.instagram.com/p/DIL72MhOkow/,IG carousel,,Lifetime,2390,676,38,2,0,0,0
18074855386655396,17841406860905948,init.fiu,INIT FIU,When it’s life or death but the Shellhack form comes first 🫣🤣  #weareinit #computerscience #cybersecurity #womenintech #technology #hackathon #fiu,0,04/08/2025 12:00,https://www.instagram.com/reel/DIMQgjFOc7x/,IG reel,,Lifetime,3786,1772,78,8,0,3,4
18043345385149231,17841406860905948,init.fiu,INIT FIU,"Join us to build your own mini bot and grab some free pizza while you’re at it. It’s hands-on, beginner-friendly, and open to everyone. 🚀🍕  #fiu #computerscience #buildrobot #weareinit #cybersecurity #stem",0,04/10/2025 09:00,https://www.instagram.com/p/DIRFciZvO1P/,IG carousel,,Lifetime,3042,950,57,0,0,1,2
18501515956012012,17841406860905948,init.fiu,INIT FIU,"It’s time to show off what we’ve been building 👀  Join us for Demo Day as our Build teams reveal the awesome projects they’ve been working on all semester long! From AI to web apps to hardware hacks—you’ll see it all. Come support your peers, get inspired, and celebrate innovation with us 🧡💻  #TechShowcase #FIU #StudentProjects #Innovation #STEM #BuildProgram #WeAreINIT #ComputerScience #EngineeringLife #DemoDay2025",0,04/11/2025 21:00,https://www.instagram.com/p/DIU8oR5vg4I/,IG carousel,,Lifetime,4016,1380,111,5,1,0,4
18022359860492158,17841406860905948,init.fiu,INIT FIU,"Meta is here to tell you how you can land a internship or even full time with them!  You’ll get the inside scoop on their recruiting process, hear from engineers and get tips to stand out in the application process ⭐️  This is our last industry event of the semester- you will not want to miss out!  #weareinit #fiu #computerscience #meta #facebook  #instagram #onlineevent #recruitingtips",0,04/14/2025 09:51,https://www.instagram.com/p/DIbedw4OiYB/,IG carousel,,Lifetime,5014,1895,114,20,1,0,3
18065771644966480,17841406860905948,init.fiu,INIT FIU,Build Demo Day was last friday and so many teams demonstrated such amazing projects 🤩  Which project was your favorite?   #weareinit #computerscience #cybersecurity #womenintech #artificialintelligence #floridainternationaluniversity,0,04/25/2025 14:54,https://www.instagram.com/reel/DI4VKHdveV4/,IG reel,,Lifetime,4524,2228,165,16,0,17,4
17927944266002590,17841406860905948,init.fiu,INIT FIU,What a successful semester this has been and we just wanted to thank you all for always showing up and giving it your all! 🤩  We’ve reached many milestones with your help—and we’re not stopping here! We are beyond excited to continue to reach new heights alongside you all this year 🚀,0,05/02/2025 15:24,https://www.instagram.com/p/DJKa1KdvcEe/,IG carousel,,Lifetime,6431,2405,210,45,2,5,7
18004752692757374,17841406860905948,init.fiu,INIT FIU,ShellHacks is officially coming to FlU this September!  Get early access to registration today 🫧  #hackathon #fiu #computerscience #weareinit,0,05/06/2025 13:22,https://www.instagram.com/p/DJUgDpvPH26/,IG image,,Lifetime,6741,3103,77,18,12,0,4
18061937126147689,17841406860905948,init.fiu,INIT FIU,🇺🇸 Happy Memorial Day! 🇺🇸 We hope you’re having a wonderful day and celebrating with those you love!  #weareinit #memorialday #miamitech #miami #diversityintech #technology #tech #instatech #computerscience #programming #coding #software #webdevelopment #artificalintelligence #developer #engineer #college #collegelife #student #career #internship #job,0,05/26/2025 18:51,https://www.instagram.com/p/DKIlmgLPe8z/,IG image,,Lifetime,3132,635,20,0,0,0,0
18045236978563845,17841406860905948,init.fiu,INIT FIU,👩‍💻 Check out our E-board member Tasnimah as she takes us through a day in the life at ContinuED! 🤩  #weareinit #hackathon #miamitech #technology #intern #interniship #instatech #computerscience #womenintech #programming #college #student #career #recruiting #recruitment,0,05/29/2025 09:06,https://www.instagram.com/reel/DKPQcNBOUOK/,IG reel,,Lifetime,5137,2570,194,20,0,6,11
18045499343230223,17841406860905948,init.fiu,INIT FIU,Can you guess the ShellHacks Theme? Drop your comments below👇   #weareinit #hackathon #shellhacks #computerscience #technology,0,06/19/2025 09:33,https://www.instagram.com/reel/DLFYwWxunkF/,IG reel,,Lifetime,4008,1758,108,16,0,2,4
18102632716538852,17841406860905948,init.fiu,INIT FIU,The ShellHacks site just went live! 🚨  Registration opens June 27th—mark your calendars!  #ShellHacks #biggesthackathon #TechCommunity #WeAreINIT #computerscience,0,06/20/2025 17:00,https://www.instagram.com/p/DLIwy5IvleX/,IG image,,Lifetime,6158,1815,79,18,7,0,10
18064436446935890,17841406860905948,init.fiu,INIT FIU,"🎉 ShellHacks 2025 Registration is NOW OPEN! Florida’s largest hackathon is back from September 26–28 at FIU! 🌊  ✨ Learn new tech 💡 Build cool projects 🎮 Win prizes (like a Nintendo Switch 2 👀) 🤝 Meet recruiters, mentors & new friends!  🎁 Giveaway Alert: 1. Follow @init.fiu  2. Tag 3 friends  3. Post on your story and tag us  4. Register for Shellhacks!! for a chance to win a Nintendo Switch 2!🕹️  📲 Don’t wait — register now at shellhacks.net  #shellhacks #hackathon #computerscience #fiu #techevent #technology",0,07/02/2025 12:02,https://www.instagram.com/p/DLnIO3jOjEw/,IG carousel,,Lifetime,26519,8487,300,287,65,48,56
18068515946009690,17841406860905948,init.fiu,INIT FIU,SITE IS LIVE 🚨🚨  Go check it out now and register if you haven’t!  #weareinit #computerscience #cybersecurity #womenintech #technology #career #hackathon #shellhacks,0,07/05/2025 15:10,https://www.instagram.com/reel/DLvLbs9PxGt/,IG reel,,Lifetime,3129,1599,72,15,0,5,3
18068602141872779,17841406860905948,init.fiu,INIT FIU,"ShellHacks registration for Judges, Mentors, and Volunteers is officially OPEN! 💥💻  No matter your role, you’ll be part of the crew that makes Florida’s biggest hackathon come to life!   Are you an FIU alum, tech professional, or experienced student? This is your chance to inspire, support, and help hackers build something amazing! 	•	Judge awesome projects 	•	Mentor talented hackers 	•	Volunteer behind the scenes  Don’t wait — this is your moment. 💪 If you want to be part of the ShellHacks team, apply today at  https://airtable.com/apppBaYAcqJvfkaX6/shr1DEMFY6iN6GUGo  #shellhacks #fiu #techcommunity #init #tech #computerscience",0,07/07/2025 09:45,https://www.instagram.com/p/DLzwlQLu2D3/,IG carousel,,Lifetime,7351,1370,49,6,0,0,4
18494875783067629,17841406860905948,init.fiu,INIT FIU,Huge thanks to @cityfurniture for being a sponsor for ShellHacks! 🙌 Come meet their team at the event and explore tech internships and job opportunities they have to offer!  #shellhacks #tech #hackathon #cityfurniture #computerscience,0,07/10/2025 10:20,https://www.instagram.com/p/DL7i_K9ueGc/,IG image,,Lifetime,3483,738,34,2,0,0,1
17902204500217662,17841406860905948,init.fiu,INIT FIU,Huge thanks to @google for sponsoring ShellHacks! 🙌 Come meet their team at the event and explore tech internships and job opportunities they have to offer! Don’t miss out — register now at shellhacks.net   #shellhacks #hackathon #google #technology #computerscience,0,07/11/2025 09:17,https://www.instagram.com/p/DL-AjMtOnxQ/,IG image,,Lifetime,3489,759,53,2,0,0,3
18197254072313153,17841406860905948,init.fiu,INIT FIU,🎉Huge thanks to @netflix for sponsoring ShellHacks! 🎉 Come meet their team at the event and explore tech internships and job opportunities they have to offer! Don’t miss out — register now at shellhacks.net   #shellhacks #hackathon #netflix #technology #computerscience,0,07/12/2025 09:51,https://www.instagram.com/p/DMApOsAO65v/,IG image,,Lifetime,3415,723,42,2,0,1,2
17857982136452947,17841406860905948,init.fiu,INIT FIU,Huge thanks to @waymo for sponsoring ShellHacks! 🤩 Come meet their team at the event and explore tech internships and job opportunities they have to offer! Don’t miss out — register now at shellhacks.net   #shellhacks #hackathon #waymo #technology #computerscience,0,07/13/2025 09:41,https://www.instagram.com/p/DMDM0-1OrsK/,IG image,,Lifetime,2923,543,26,2,0,0,0
18121154899426114,17841406860905948,init.fiu,INIT FIU,Huge thanks to  @assurantinc for sponsoring ShellHacks! 🎉🎉 Come meet their team at the event and explore tech internships and job opportunities they have to offer! Don’t miss out — register now at shellhacks.net   #shellhacks #hackathon #assurant #technology #computerscience,0,07/14/2025 09:29,https://www.instagram.com/p/DMFwTHuuw0l/,IG image,,Lifetime,3053,631,23,4,0,0,0
17870731476308807,17841406860905948,init.fiu,INIT FIU,🎉Huge thanks to @ford for sponsoring ShellHacks! 🎊  Come meet their team at the event and explore tech internships and job opportunities they have to offer! Don’t miss out — register now at shellhacks.net  INIT  #shellhacks #hackathon #ford #technology #computerscience,0,07/15/2025 10:02,https://www.instagram.com/p/DMIY2M3u0F-/,IG image,,Lifetime,3244,726,22,0,0,0,0
18070904282093872,17841406860905948,init.fiu,INIT FIU,😎Huge thanks to @dell for sponsoring ShellHacks! 🎊  Come meet their team at the event and explore tech internships and job opportunities they have to offer! Don’t miss out — register now at shellhacks.net     #shellhacks #hackathon #dell #technology #computerscienc,0,07/16/2025 09:51,https://www.instagram.com/p/DMK8aSouJJ1/,IG image,,Lifetime,3420,781,21,1,0,0,2
18363830998149861,17841406860905948,init.fiu,INIT FIU,🚨Huge thanks to @vanguardgroup for sponsoring ShellHacks! 🎉🎉 Come meet their team at the event and explore tech internships and job opportunities they have to offer! Don’t miss out — register now at shellhacks.net    #shellhacks #hackathon #vanguard #technology #computerscienc,0,07/17/2025 09:55,https://www.instagram.com/p/DMNhnyPuooM/,IG image,,Lifetime,3244,689,20,3,0,0,1
18105465040550494,17841406860905948,init.fiu,INIT FIU,🚨Huge thanks to @codepathorg for sponsoring ShellHacks! 🚨 Come meet their team at the event and explore tech programs and multiple opportunities they have to offer! Don’t miss out — register now at shellhacks.net   #shellhacks #hackathon #codepath #technology #computerscience,0,07/18/2025 09:07,https://www.instagram.com/p/DMQA_x7OcYH/,IG image,,Lifetime,3883,1001,12,1,0,0,2
18124281607459850,17841406860905948,init.fiu,INIT FIU,Huge thanks to @lab22c for sponsoring ShellHacks! 🎊 Come meet their team at the event and explore tech programs and multiple opportunities they have to offer! Don’t miss out — register now at shellhacks.net   #shellhacks #hackathon #lab22c #technology #computerscience,0,07/19/2025 09:25,https://www.instagram.com/p/DMSn0YkuAHQ/,IG image,,Lifetime,3650,726,7,0,0,0,0
18103195480495530,17841406860905948,init.fiu,INIT FIU,Huge thanks to @mlhacks for sponsoring ShellHacks! 🎊 Come meet their team at the event and explore tech programs and multiple opportunities they have to offer! Don’t miss out — register now at shellhacks.net   #shellhacks #hackathon #mlh #technology #computerscience,0,07/20/2025 10:45,https://www.instagram.com/p/DMVVtC1u_UU/,IG image,,Lifetime,4387,1294,17,1,3,0,0
18419415661098358,17841406860905948,init.fiu,INIT FIU,Huge thanks to @nvidia for sponsoring ShellHacks! 🙌🙌 Come meet their team at the event and explore tech internships and job opportunities they have to offer! Don’t miss out — register now at shellhacks.net  @init.national  #shellhacks #hackathon #nvidia #technology #computerscience,0,07/21/2025 09:15,https://www.instagram.com/p/DMXwNoQujO1/,IG image,,Lifetime,4220,846,33,4,0,2,3
17904179727210405,17841406860905948,init.fiu,INIT FIU,Huge thanks to @cityofmiami for sponsoring ShellHacks! 🙌🙌 Come meet their team at the event and explore tech internships and job opportunities they have to offer! Don’t miss out — register now at shellhacks.net   #shellhacks #hackathon #miami #technology #computerscience,0,07/22/2025 09:00,https://www.instagram.com/p/DMaTRggMVwO/,IG image,,Lifetime,4135,782,14,0,0,0,1
18160994182362938,17841406860905948,init.fiu,INIT FIU,Huge thanks to @init.national for sponsoring ShellHacks! 🤩🤩 Come meet their team at the event and explore tech programs and multiple opportunities they have to offer! Don’t miss out — register now at shellhacks.net   #shellhacks #hackathon #init #technology #computerscience,0,07/23/2025 09:00,https://www.instagram.com/p/DMc4GaOvrgm/,IG image,,Lifetime,4102,597,19,0,0,0,0
18079235764921324,17841406860905948,init.fiu,INIT FIU,ShellHacks is making waves this season! 🌊 We’re thrilled to officially join Major League Hacking 2026. Ready to explore the depths of innovation? 🚀 Register now at shellhacks.net – you might even reel in a Nintendo Switch 2! 🎮✨  #shellhacks #mlh #hackathon #fiu #hack #computerscience,0,07/25/2025 09:00,https://www.instagram.com/p/DMiBwgAsGZG/,IG image,,Lifetime,5243,1122,37,4,2,0,4
17886690567202460,17841406860905948,init.fiu,INIT FIU,Don’t get caught anywhere else other than ShellHacks on September 26-28 🙌 Register now - shellhacks.net P.S. you could win a Nintendo Switch 2  #hackathon #shellhacks #init #computerscience #coldplay #weareinit #technology,0,07/31/2025 09:30,https://www.instagram.com/reel/DMxh21vMcIU/,IG reel,,Lifetime,7722,3345,219,51,0,11,5
18074703002293505,17841406860905948,init.fiu,INIT FIU,We’re answering some of the most asked questions about IGNITE so you can know exactly what to expect!  📌 Have more questions? Drop them below!  ✨ Interested in signing up? Visit: https://airtable.com/appkfpQOssQZfmORj/shr7SIsmvgFQPjw9n  #init #weareinit #computerscience #ignite #technology #fiu #program,0,08/04/2025 16:59,https://www.instagram.com/reel/DM8oEWhPbL3/,IG reel,,Lifetime,5180,2382,119,31,0,4,3
17857063629438687,17841406860905948,init.fiu,INIT FIU,"Through Ignite, FIU students get the chance to teach coding at local high schools — and in the process, they become stronger coders, more confident leaders, and better communicators 💡💻  Luana started just like any other student… and ended up discovering a passion for mentoring and tech education 🔥  Apply now at https://airtable.com/appkfpQOssQZfmORj/shr7SIsmvgFQPjw9n",0,08/19/2025 10:30,https://www.instagram.com/reel/DNiga4FufAB/,IG reel,,Lifetime,4594,2234,117,10,0,0,8
18107892520552558,17841406860905948,init.fiu,INIT FIU,AURA farming our way to SHELLHACKS Ready to grow your skills and hack the future? Sign up now at shellhacks.net 🚀  #shellhacks #computerscience #weareinit #technology #hackathon #miami,0,08/22/2025 09:30,https://www.instagram.com/reel/DNqLWZpOwOy/,IG reel,,Lifetime,5253,2704,152,28,0,9,6
18079198228939106,17841406860905948,init.fiu,INIT FIU,WELCOME BACK PANTHERS! 🐾  This Friday we are having our first event - join us as we will be discussing all the new exciting things we have planned for you guys this semester.  #floridainternationaluniversity #init #computerscience #hackathon #womeninstem,0,08/25/2025 09:00,https://www.instagram.com/p/DNx2YP8WBIt/,IG carousel,,Lifetime,5675,1039,87,15,2,1,1
17957268626843818,17841406860905948,init.fiu,INIT FIU,Do you think he knows we switched out his voice?🤭   See you all there this Friday at our general body meeting. Definitely not something you will want to miss!  #computerscience #weareinit #technology #hackathon #cybersecurity #womenintech #career,0,08/26/2025 09:48,https://www.instagram.com/reel/DN0gQbT3NbJ/,IG reel,,Lifetime,6341,3145,158,24,0,8,6
17898734079266617,17841406860905948,init.fiu,INIT FIU,"The first wave of ShellHacks acceptances is out! 🎉  Check your inbox to see if you’ve been selected, and get ready to join us for an unforgettable weekend of hacking, learning, and building with the community   #shellhacks #post #fiu #hackathon #technology",0,08/26/2025 14:00,https://www.instagram.com/p/DN09bFa3G9p/,IG image,,Lifetime,6284,1497,59,11,0,0,3
17879087739389453,17841406860905948,init.fiu,INIT FIU,"Nothing beats a Shellhacks Hackathon!!! Get ready to dive into an exciting weekend filled with workshops, networking events and building amazing projects!!  If you haven’t already signed up here is your chance: shellhacks.net SIGN UP NOW ‼️  #computerscience #weareinit #technology #hackathon #shellhacks #womenintech #career #init",0,08/28/2025 09:48,https://www.instagram.com/reel/DN5qBnTEfBh/,IG reel,,Lifetime,3510,1897,98,17,0,5,6
18089533267754413,17841406860905948,init.fiu,INIT FIU,A huge thank you to our Title Sponsor – Google Cloud Gemini for supporting ShellHacks 2025!  We’re excited to have their amazing team with us — come meet the Google Cloud Gemini representatives at ShellHacks to learn about their A2A/ADK and all the exciting things they’re working on in tech 🚀💡  Don’t miss the chance to connect with them and explore your future in tech!  👉 Register now at shellhacks.net  #shellhacks #googlecloud #gemini #machinelearning #hackathon #fiu #weareinit,0,08/28/2025 16:00,https://www.instagram.com/p/DN6UzhRj2lU/,IG image,,Lifetime,4119,726,39,2,0,1,1
18173675641354198,17841406860905948,init.fiu,INIT FIU,PART 1: E-BOARD INTERNSHIPS THROUGH THE SUMMER!  We’re so proud of our leaders who spent the summer gaining amazing experiences in tech!   Swipe to see their journeys.  #computerscience #softwareengineering #cybersecurity #projectmanager #internships,0,08/29/2025 13:19,https://www.instagram.com/p/DN8nHg0jnhS/,IG carousel,,Lifetime,7584,1432,134,3,1,6,4
17891982162184089,17841406860905948,init.fiu,INIT FIU,PART 2: E-BOARD SUMMER SPOTLIGHT  Our E-Board members took their skills to new heights this summer at top companies. Check out where they interned!  #computerscience #womenintech #internship #cybersecurity,0,08/29/2025 17:58,https://www.instagram.com/p/DN9HHflj0Yd/,IG carousel,,Lifetime,6514,1275,80,6,0,2,4
18069824533920301,17841406860905948,init.fiu,INIT FIU,"PART 3: E-Board Internship Experience 🌟  This summer, our E-Board members represented INIT across the tech industry gaining skills, building networks, and making an impact.   #computerscience #intern #internship #weareinit #cybersecurity",0,08/29/2025 20:15,https://www.instagram.com/p/DN9WvDUj_o3/,IG carousel,,Lifetime,6174,1091,85,5,0,1,2
18079450763501363,17841406860905948,init.fiu,INIT FIU,"Join us for our Intro to GitHub Workshop this Tuesday, Sept 2nd from 2:30 – 4:30 PM at AHC5 201!  Learn GitHub fundamentals to get prepared for ShellHacks —Attend & receive a raffle ticket for a chance to win an MSI Claw 7 AI This workshop is open to everyone – don’t miss it!  👉 Register now at go.fiu.edu/init   Don’t forget to register for SHELLHACKS: shellhacks.net‼️  #fiu #technology #shellhacks #workshop #hackathon",0,08/30/2025 10:00,https://www.instagram.com/p/DN-1MGcDHlV/,IG carousel,,Lifetime,6238,1231,73,8,0,0,8
17886703491225730,17841406860905948,init.fiu,INIT FIU,Huge thank you to Microsoft for sponsoring ShellHacks 2025! 💻✨ Check them out at ShellHacks and connect with their team about internships and career opportunities! 🌊  🔗 Register now at shellhacks.net  #fiu #microsoft #hackathon #weareinit #shellhacks #technology,0,08/30/2025 16:05,https://www.instagram.com/p/DN_e_Euj52H/,IG image,,Lifetime,3957,829,37,2,0,0,2
18521964682022660,17841406860905948,init.fiu,INIT FIU,"Join us for our Intro to Machine Learning Workshop this Wednesday, Sept 3rd from 3:00 – 5:00 PM at VH 131!  Learn the fundamentals and explore beginner-friendly tools —Attend & get a raffle ticket for a chance to win an MSI Claw 7 AI Open to everyone – no experience needed!  👉 Register today at go.fiu.edu/init  If you haven’t already also register for SHELLHACKS: shellhacks.net ‼️  #fiu #workshop #weareinit #machinelearning #shellhacks #technology",0,08/31/2025 10:00,https://www.instagram.com/p/DOBZ7lnDVoK/,IG carousel,,Lifetime,5812,1098,62,6,0,1,2
18290955505256309,17841406860905948,init.fiu,INIT FIU,Huge thank you to Base44 for sponsoring ShellHacks 2025‼️ Check them out at ShellHacks to learn more about their internships and career opportunities in tech!   🔗 Register now at shellhacks.net‼️  #fiu #shellhacks #base44 #hackathon #technology,0,08/31/2025 16:00,https://www.instagram.com/p/DOCDJbvD3BG/,IG image,,Lifetime,4593,879,21,1,0,0,2
17947403931040643,17841406860905948,init.fiu,INIT FIU,"Not sure which path in tech is right for you? Come to our Find Your Career Workshop this Wednesday, Sept 3rd from 1:30 – 3:00 PM at CASE 132!  Explore different careers in tech and discover what fits you best ✨ Attend & earn a raffle ticket for a chance to win an MSI Claw 7 AI Open to everyone – don’t miss out‼️  👉 Register now at go.fiu.edu/init  Make sure to register for SHELLHACKS: shellhacks.net ‼️  #fiu #shellhacks #workshop #computerscience #technology #hackathon",0,09/01/2025 10:00,https://www.instagram.com/p/DOD-yQ-DcV3/,IG carousel,,Lifetime,5822,1180,51,5,0,0,4
17881695972378872,17841406860905948,init.fiu,INIT FIU,Huge thank you to Wix.com for sponsoring ShellHacks 2025‼️ Check them out at ShellHacks to learn more about their internships and career opportunities in tech!  🔗 Register now at shellhacks.net ‼️  #fiu #shellhacks #wix #hackathon #technology,0,09/01/2025 16:05,https://www.instagram.com/p/DOEokptD00l/,IG image,,Lifetime,4129,786,11,3,0,0,0
18045913388324820,17841406860905948,init.fiu,INIT FIU,"Want to take your web skills to the next level? Join us for our Web Dev Frameworks Workshop this Thursday, Sept 4th from 4:00 – 6:00 PM at PG5 155!  Learn best practices and explore tools to grow as a web developer 💻 Attend & get a raffle ticket for a chance to win an MSI Claw 7 AI Open to everyone – perfect for beginners and beyond‼️  👉 Register today at go.fiu.edu/init  Make sure to register for SHELLHACKS: shellhacks.net ‼️  #fiu #workshop #technology #computerscience #shellhacks #hackathon",0,09/02/2025 10:00,https://www.instagram.com/p/DOGjk-UjZJ2/,IG carousel,,Lifetime,5368,971,52,14,0,0,1
17993673377684873,17841406860905948,init.fiu,INIT FIU,Huge thank you to StateFarm for sponsoring ShellHacks 2025‼️ Check them out at ShellHacks to learn more about their internships and career opportunities in tech!  🔗 Register now at shellhacks.net ‼️  #fiu #shellhacks #statefarm #hackathon #technology,0,09/02/2025 16:05,https://www.instagram.com/p/DOHNZoGj8pM/,IG image,,Lifetime,4062,798,16,4,0,0,1
18094710481732602,17841406860905948,init.fiu,INIT FIU,"Ready to take the lead? INIT Build Team Lead Applications are NOW OPEN!  Lead a team from idea to launch in just 9 weeks and gain hands-on experience in: 💻 Web Development 📱 Mobile Development 🤖 AI & Robotics 🎮 Game Development 🔐 Cybersecurity …and more!  -Add real project + leadership experience to your resume -Work in an agile team environment -Showcase your project at INIT Build Demo Day to industry partners & FIU faculty  📅 Deadline to apply: September 5, 2025 👉 Apply now at go.fiu.edu/buildlead",0,09/03/2025 10:00,https://www.instagram.com/p/DOJIYmVjk3L/,IG carousel,,Lifetime,7548,1688,98,6,0,0,7
17858449905493729,17841406860905948,init.fiu,INIT FIU,"Thank you to everyone who came out to our General Body Meeting! We’re especially grateful to NextEra Energy for sponsoring the event and supporting our community   🙌 Shoutout to all the amazing students who showed up — your energy makes INIT what it is!  📢 Don’t forget: our ShellHacks Workshop Series is happening this week! From GitHub to Machine Learning, Career Development, and Web Dev Frameworks — we’ve got something for everyone. Come learn, connect, and get ready for ShellHacks!  👉 Register at go.fiu.edu/init",0,09/03/2025 14:00,https://www.instagram.com/reel/DOJjEKhiaEN/,IG reel,,Lifetime,2964,1472,84,18,0,0,2
18040549805383365,17841406860905948,init.fiu,INIT FIU,"The first Ignite meeting is here! Join us this Monday, Sept 8th from 5:30 – 7:00 PM in PG6 116 🚀  ✨ Teach coding, make an impact in the community, and earn service hours along the way. This is your chance to teach, lead, and inspire with INIT!  🌟 Open to everyone – come check it out and see how you can get involved.  👉 Register at go.fiu.edu/init   #weareinit #ignite #fiu #computerscience #technology",0,09/04/2025 10:00,https://www.instagram.com/p/DOLtJXrDYJG/,IG carousel,,Lifetime,6449,1408,80,10,0,0,2
18071735387115438,17841406860905948,init.fiu,INIT FIU,Huge thank you to Lennar for sponsoring ShellHacks 2025‼️ Check them out at ShellHacks to learn more about their internships and career opportunities in tech!  🔗 Register now at shellhacks.net ‼️  #fiu #shellhacks #lennar #hackathon #technology,0,09/04/2025 16:00,https://www.instagram.com/p/DOMWXPqj1W6/,IG image,,Lifetime,3851,763,12,2,0,0,1
18075447640852749,17841406860905948,init.fiu,INIT FIU,"Ready to get hands-on with tech? Join us for our Intro to Electronics Workshop this Monday, Sept 8th from 3:30 – 5:30 PM at VH 131!  -Learn the basics of electronics by creating mini projects you can build yourself -Plus, attend & receive a raffle ticket for a chance to win an MSI Claw 7 AI -Open to everyone – no prior experience needed!  👉 Register now at go.fiu.edu/init   If you haven’t already registered for SHELLHACKS: shellhacks.net ‼️  #fiu #weareinit #technology #workshop #computerscience #shellhacks",0,09/05/2025 10:01,https://www.instagram.com/p/DOOTD-1jkWE/,IG carousel,,Lifetime,4998,858,38,7,0,1,0
18079552004311067,17841406860905948,init.fiu,INIT FIU,Huge thank you to MSI for sponsoring ShellHacks 2025‼️ Check them out at ShellHacks to learn more about their internships and career opportunities in tech!  🔗 Register now at shellhacks.net ‼️  #fiu #shellhacks #msi #hackathon #technology,0,09/05/2025 16:00,https://www.instagram.com/p/DOO7Jw-j0nP/,IG image,,Lifetime,3688,687,21,1,0,0,0
18168276991362210,17841406860905948,init.fiu,INIT FIU,"Want your resume to stand out? Join us for our Power-Up Your Resume Workshop this Wednesday, Sept 10th from 1:30 – 3:00 PM at CASE 132!  -Learn tips to highlight your skills, showcase your experiences, and grab recruiter attention. 🎟 Plus, attend & receive a raffle ticket for a chance to win an MSI Claw 7 AI -Open to everyone – don’t miss it!  👉 Register now at go.fiu.edu/init   Register for SHELLHACKS: shellhacks.net ‼️  #fiu #technology #workshop #computerscience #resume #init #shellhacks",0,09/06/2025 11:00,https://www.instagram.com/p/DOQ9mh4Df1k/,IG carousel,,Lifetime,4835,852,28,8,0,0,1
17867548542442729,17841406860905948,init.fiu,INIT FIU,Huge thank you to NextEra Energy for sponsoring ShellHacks 2025‼️ Check them out at ShellHacks to learn more about their internships and career opportunities in tech!  🔗 Register now at shellhacks.net ‼️  #fiu #shellhacks #nexteraenergy #hackathon #technology,0,09/06/2025 16:00,https://www.instagram.com/p/DORf9Y2Dn4M/,IG image,,Lifetime,3876,665,16,1,0,0,0
18089598763694195,17841406860905948,init.fiu,INIT FIU,"Ever wanted to bring characters to life in a game? Join us for our Create Your Own NPC Workshop this Wednesday, Sept 10th from 4:30 – 6:30 PM at VH 131!  -Learn how to build a basic NPC with movement and behaviors using Unity 🎟 Attend & receive a raffle ticket for a chance to win an MSI Claw 7 AI -Open to everyone – no experience needed!  👉 Register today at go.fiu.edu/init   Make sure to register for SHELLHACKS: shellhacks.net‼️  #fiu #workshop #init #technology #hackathon",0,09/07/2025 11:00,https://www.instagram.com/p/DOTibn_jApK/,IG carousel,,Lifetime,5633,1063,43,9,0,0,2
18067620320187046,17841406860905948,init.fiu,INIT FIU,"Want to sharpen your cybersecurity skills? Join us for our Best Security Practices Workshop this Wednesday, Sept 11th from 4:30 – 6:30 PM at PG5 155!  -Learn how to hack responsibly while exploring SQL injections, leaks, and more 🎟 Attend & receive a raffle ticket for a chance to win an MSI Claw 7 AI -Open to everyone – come level up your security knowledge!  👉 Register now at go.fiu.edu/init  Make sure to register for SHELLHACKS: shellhacks.net‼️  #fiu #technology #workshop #init",0,09/08/2025 11:00,https://www.instagram.com/p/DOWHOTojrZo/,IG carousel,,Lifetime,5438,951,29,7,0,0,1
17938831521062328,17841406860905948,init.fiu,INIT FIU,Huge thank you to American Express for sponsoring ShellHacks 2025‼️ Check them out at ShellHacks to learn more about their internships and career opportunities in tech!  🔗 Register now at shellhacks.net ‼️  #fiu #shellhacks #americanexpress #hackathon #technology,0,09/08/2025 16:11,https://www.instagram.com/p/DOWqzP4D83S/,IG image,,Lifetime,4529,835,25,4,0,0,4
18082875859910434,17841406860905948,init.fiu,INIT FIU,"Big thank you to @nvidia for sponsoring ShellHacks 2025!  At ShellHacks, you’ll get the chance to: - Learn more about NVIDIA’s cutting-edge opportunities - Explore internships, new grad roles, and career pathways 🛠️ Join their exclusive workshop on Saturday, Sept 27 to dive deeper into what they’re building ✨Network directly with recruiters and discover how you can be part of NVIDIA’s journey in AI, graphics, and beyond✨  👉Reminder: Registration closes September 15 — don’t miss your chance to be part of the largest hackathon in Florida!  ‼️Apply now at shellhacks.net‼️  #nvidia #fiu #init #hackathon #technology",0,09/09/2025 14:05,https://www.instagram.com/reel/DOZBIWgiSgs/,IG reel,,Lifetime,4078,2057,89,42,0,1,8
18050851445265101,17841406860905948,init.fiu,INIT FIU,The second wave of ShellHacks acceptances is out — check your email!  Haven’t applied yet? The deadline is September 15 and it’s approaching fast ⏳ Don’t miss your chance to be part of the ShellHacks experience!  🔗 Apply now at shellhacks.net 🌊  #fiu #shellhacks #hackathon #technology #applynow,0,09/10/2025 13:56,https://www.instagram.com/p/DObk8lUCYYT/,IG image,,Lifetime,4722,1138,27,7,1,0,0
18478266109077567,17841406860905948,init.fiu,INIT FIU,"Excited to welcome Assurant back for their 7th year at ShellHacks!  They’ll be joining us once again to connect with students and share their amazing internship and full-time opportunities 🌟. Don’t miss your chance to meet their team, learn about career pathways, and explore how you can grow with Assurant!  ‼️Reminder: Registration for ShellHacks closes September 15 – secure your spot today‼️  👉 Apply now at shellhacks.net  We can’t wait to have Assurant back at ShellHacks 2025 💙💛  #fiu #weareinit #assurant #computerscience #technology #hackathon",0,09/10/2025 15:00,https://www.instagram.com/reel/DObsTulj1fb/,IG reel,,Lifetime,2151,1114,49,6,0,4,0
18283888570273113,17841406860905948,init.fiu,INIT FIU,"🚨 FINAL CALL – ShellHacks Registration Closes Monday! 🚨  Don’t miss your chance to be part of Florida’s largest hackathon later this month! Registration ends this Monday, September 15th - if you’ve been putting it off, be sure to register ASAP! ShellHacks is open to students of all majors and skill levels. Register now at ShellHacks.net (Link in Bio!)  ✅ Learn new skills at our workshops, build cool projects with fellow students, and win awesome prizes  ✅ Meet recruiters from Google, Microsoft, Xbox, Netflix, NVIDIA, and more - and potentially land an internship or full time job  ✅ Connect with 1,400+ students from across Florida and make friends you’ll keep long after the weekend.  👉 Haven’t signed up yet? Sign up now at ShellHacks.net (and enter to win a Nintendo Switch 2 w/Mario Kart!)  👉 Already registered? Share with your friends and student orgs so they don’t miss out! If you’re looking to form a team, your friends must also be registered.  This is your last chance to secure your spot! We can’t wait to see you at a very special ShellHacks this year 🎉",0,09/11/2025 12:42,https://www.instagram.com/p/DOeBNvwjv-E/,IG image,,Lifetime,12193,3206,97,48,9,1,12
17921599608079074,17841406860905948,init.fiu,INIT FIU,"We’re excited to welcome @statefarm back to ShellHacks 2025!  They’ll be here to: -Host workshops to help you sharpen your skills -Connect you with recruiters and engineers about upcoming internships and full-time roles -Launch a special challenge for hackers to complete and showcase their talent!  This is your chance to learn, network, and take on real-world problems with one of the most recognized companies in the nation.  ‼️Reminder: Registration for ShellHacks closes September 15 – don’t miss it‼️  👉 Apply now at shellhacks.net  We can’t wait to have State Farm back at ShellHacks! 💙💛  #fiu #computerscience #statefarm #init #hackathon",0,09/11/2025 17:00,https://www.instagram.com/reel/DOeevEGD-4k/,IG reel,,Lifetime,2780,1518,76,7,0,1,1
18040209164429571,17841406860905948,init.fiu,INIT FIU,"META IS COMING TO FIU!  Get ready for an exclusive inside look at AI, engineering, and the recruiting game from Meta themselves. Learn what it takes to stand out, hear from real engineers, and connect with recruiters who want to meet you. 👀💥  #MetaCareers #TechAtFIU #WeAreINIT #BreakIntoTech",0,09/12/2025 14:15,https://www.instagram.com/p/DOgwwLkibhN/,IG carousel,,Lifetime,9020,1562,135,26,4,0,11
18040110389431236,17841406860905948,init.fiu,INIT FIU,"We’re excited to have Base 44 and Wix joining us at ShellHacks 2025!  Make sure to: 🤝 Stop by their table and meet the team - Join their workshop on Saturday at 1PM to learn about web development using Base 44 - Take on one of their two challenges for a chance to win awesome prizes - Get access to a free premium builder on Base 44  This is the perfect chance to sharpen your skills, connect with industry professionals, and level up your web development journey!  ‼️Reminder: Registration for ShellHacks closes September 15 – apply now and don’t miss out‼️  👉 Apply today at shellhacks.net  Thank you to Base 44 and Wix for being part of ShellHacks 2025 💙💛  #fiu #wix #base44 #hackathon #weareinit #computerscience #technology",0,09/12/2025 18:27,https://www.instagram.com/reel/DOhNJEiD0fI/,IG reel,,Lifetime,1653,974,14,1,0,0,1
18071550422143701,17841406860905948,init.fiu,INIT FIU,"Here are all the Pre-ShellHacks workshops happening this week!  Whether you’re designing, building, or pitching — there’s something for you 💡  • UI/UX Fundamentals – Sep 16 • How to Succeed in ShellHacks – Sep 17 • Popular ML Models – Sep 18  🎟️ Reminder: Every workshop you attend = another raffle ticket for the MSI Claw 7 AI",0,09/13/2025 12:00,https://www.instagram.com/p/DOjGClcDDrg/,IG carousel,,Lifetime,5129,1029,50,9,0,1,5
18071355020131415,17841406860905948,init.fiu,INIT FIU,Huge thank you to MLT for sponsoring ShellHacks 2025‼️ Check them out at ShellHacks to learn more about their internships and career opportunities in tech!  🔗 Register now at shellhacks.net ‼️  #fiu #shellhacks #mlt #hackathon #technology,0,09/13/2025 15:00,https://www.instagram.com/p/DOjan4bjhXS/,IG image,,Lifetime,3572,555,9,1,0,0,0
18373776109180829,17841406860905948,init.fiu,INIT FIU,Huge thank you to Capital One for sponsoring ShellHacks 2025‼️ Check them out at ShellHacks to learn more about their internships and career opportunities in tech!  🔗 Register now at shellhacks.net ‼️  #fiu #shellhacks #capitalone #hackathon #technology,0,09/14/2025 12:00,https://www.instagram.com/p/DOlq3EcjiEY/,IG image,,Lifetime,3886,731,12,0,0,0,1
18018720968761755,17841406860905948,init.fiu,INIT FIU,Huge thank you to Brooksource for sponsoring ShellHacks 2025‼️ Check them out at ShellHacks to learn more about their internships and career opportunities in tech!  🔗 Register now at shellhacks.net ‼️  #fiu #shellhacks #brooksource #hackathon #technology,0,09/14/2025 14:00,https://www.instagram.com/p/DOl4mxfDhaP/,IG image,,Lifetime,4033,746,9,0,0,0,0
18073272377135334,17841406860905948,init.fiu,INIT FIU,"We’re excited to welcome Microsoft back to ShellHacks 2025!  Here’s what they’ve got planned: - Their challenge: “AI 4 Good” — build projects using AI for sustainability, accessibility, wellness, and community impact - A workshop on Immersive AI Agents — don’t miss this chance to dive deep into the future of AI 🤝 Meet the team at the career fair to learn more about internships, new grad roles, and opportunities at Microsoft  This is your chance to innovate, connect, and create with one of the biggest names in tech!  ‼️Reminder: Registration for ShellHacks closes September 15 – apply now and secure your spot‼️  👉 Apply today at shellhacks.net  Thank you to Microsoft for supporting ShellHacks 2025 💙💛  #fiu #microsoft #computerscience #weareinit #hackathon #technology #ai",0,09/15/2025 12:00,https://www.instagram.com/reel/DOoPr2ZDkXh/,IG reel,,Lifetime,4056,2022,105,9,0,4,5
18056136110172164,17841406860905948,init.fiu,INIT FIU,Huge thank you to GitHub for sponsoring ShellHacks 2025‼️ Check them out at ShellHacks to learn more about their internships and career opportunities in tech!  👉Register now at shellhacks.net ‼️  #fiu #shellhacks #github #hackathon #technology,0,09/15/2025 14:00,https://www.instagram.com/p/DOoda6fjk2W/,IG image,,Lifetime,4217,779,17,0,0,0,3
18138326269436691,17841406860905948,init.fiu,INIT FIU,"🚨ShellHacks registration deadline has been EXTENDED!🚨  But don’t wait too long — spots are filling up fast and we’re almost at capacity‼️  This is your LAST CHANCE to join Florida’s largest hackathon happening Sept 26–28 at FIU Graham Center✨  -36 hours of coding, workshops, mentorship, networking, prizes, and fun — you won’t want to miss it!  👉Register before Monday, Sept 22nd at shellhacks.net  Let’s make ShellHacks 2025 the biggest and best yet🔥  #fiu #hackathon #init #technology #computerscience #ai #machinelearning",0,09/16/2025 09:00,https://www.instagram.com/p/DOqf2V6DV5r/,IG image,,Lifetime,6156,1784,26,14,4,0,2
17849285814524837,17841406860905948,init.fiu,INIT FIU,"INIT Build Team Member Applications are NOW OPEN!🚨  ✨Want to work on a real project, gain experience, and boost your resume? This is your chance to: -Join a team in Web Dev, Mobile, AI, Game Dev, Cybersecurity, Robotics, & more 🤝 Collaborate with other students in an agile environment -Take a project from idea → launch in just 9 weeks -Showcase your work at INIT Build Demo Day to industry partners, faculty, and peers  ✨ Add a technical project + teamwork experience to your resume (and stand out to recruiters!)  📅 Deadline: October 1, 2025 👉 Apply now at go.fiu.edu/buildmember  #build #projects #technology #computerscience #gamedev #ai #webdev",0,09/16/2025 12:17,https://www.instagram.com/p/DOrJBXKjkAc/,IG carousel,,Lifetime,7788,1704,72,9,0,3,6
17893613469322263,17841406860905948,init.fiu,INIT FIU,"Want your resume to stand out? We’re teaming up with Google recruiters for an exclusive Google Resume Workshop!  - Learn insider tips on how to craft a strong resume - Get personalized feedback directly from Google recruiters - Discover how to showcase your skills and experiences to land your dream role  📅 Tuesday, Sept 23 🕑 2:00 – 4:00 PM 📍 GC 140  ✨Open to everyone – don’t miss this chance to level up your resume!  👉 Register now at go.fiu.edu/init  #fiu #workshop #google #init #resume",0,09/16/2025 17:43,https://www.instagram.com/p/DOrbtO1D9wX/,IG carousel,,Lifetime,5831,1038,73,10,1,2,4
17984135297855083,17841406860905948,init.fiu,INIT FIU,"Huge thank you to MSI for sponsoring ShellHacks 2025!  Through their MSI Student Program, they support collegiate events nationwide by providing laptops, monitors, and cutting-edge hardware ✨. This year, MSI has equipped us with PRO MP275Q Monitors and the Claw 7 AI+ to give away 🎉  At ShellHacks, you’ll also get the chance to: - Learn about career opportunities with MSI - Visit their booth to explore the latest in gaming & tech innovation - Enter giveaways for MSI gear throughout the event  🚨Don’t wait — registration closes soon! Secure your spot at Florida’s largest hackathon happening Sept 26–28 at FIU.🚨  👉 Register now at shellhacks.net  #msi #hackathon #init #computerscience #technology #career",0,09/17/2025 12:00,https://www.instagram.com/reel/DOtZPI-jkUb/,IG reel,,Lifetime,1658,955,38,1,0,0,1
18069192344228812,17841406860905948,init.fiu,INIT FIU,"🚨FINAL CALL! 🚨 ShellHacks 2025 registration closes Sept 22 – don’t miss your chance to be part of Florida’s Largest Hackathon!  💻 36 hours of coding, creating, and innovating 🤝 Network with recruiters & engineers from top tech companies 📚 Attend workshops to level up your skills 🎯 Compete in challenges & win amazing prizes 🌟 Meet students from CS, IT, Cybersecurity, and beyond  This is your last chance to apply and join us Sept 26–28 at FIU Graham Center for a weekend full of coding, community, and career opportunities!  👉 Apply now at shellhacks.net  #hackathon #fiu #init #technology #computerscience",0,09/17/2025 14:54,https://www.instagram.com/p/DOtvAadj9lg/,IG image,,Lifetime,13709,2291,54,19,4,1,4
18096987778728613,17841406860905948,init.fiu,INIT FIU,"Thinking about purchasing PC hardware? Students can save up to 10% when purchasing from the MSI US Store! Learn more at https://msi.gm/S0EEF3A1  Don’t miss this chance to upgrade your setup for school, coding, or gaming 🔥 👉 Shop now and save big!  #sponsored #msi #hardware #fiu #msigaming",0,09/17/2025 17:05,https://www.instagram.com/p/DOt8FH8DyZP/,IG image,,Lifetime,3513,560,16,1,1,0,0
18036460139695996,17841406860905948,init.fiu,INIT FIU,"🚨Wave 3 of ShellHacks Acceptances is OUT!🚨  Check your email to see if you’ve been accepted to join Florida’s Largest Hackathon 🎉  ✨We can’t wait to welcome even more of you to a weekend full of coding, networking, workshops, prizes, and unforgettable memories 🌊  #shellhacks #hackathon #fiu #technology #computerscience",0,09/18/2025 09:00,https://www.instagram.com/p/DOvpZ4bjAjy/,IG image,,Lifetime,3707,660,22,6,1,0,0
17848808730559413,17841406860905948,init.fiu,INIT FIU,"Your degree isn’t enough, here’s why: Most entry-level jobs want 1–2 years of experience.  To get that experience, you need to land an internship. How can you land one? Hackathons!  At ShellHacks, you’ll meet recruiters and connect with over 35+ top companies like Google, Microsoft, and NVIDIA. You’ll also build projects to grow your portfolio and join workshops that strengthen your technical and soft skills.  We’re preparing you to be more than internship ready.   This is why you should register for ShellHacks.   Check it out now — link in bio.",0,09/18/2025 12:20,https://www.instagram.com/reel/DOwAQYHDude/,IG reel,,Lifetime,6198,3054,192,33,0,11,18
18021453602561745,17841406860905948,init.fiu,INIT FIU,Huge thank you to 1517 Fund for sponsoring ShellHacks 2025‼️ Check them out at ShellHacks to learn more about their internships and career opportunities in tech!  🔗 Register now at shellhacks.net ‼️  #fiu #shellhacks #1517fund #hackathon #technology,0,09/18/2025 16:00,https://www.instagram.com/p/DOwLvuHjyZ7/,IG image,,Lifetime,3746,589,12,0,0,0,0
18083241691928227,17841406860905948,init.fiu,INIT FIU,Huge thank you to O’Reilly for sponsoring ShellHacks 2025‼️ Check them out at ShellHacks to learn more about their internships and career opportunities in tech!  🔗 Register now at shellhacks.net ‼️  #fiu #shellhacks #oreilly #hackathon #technology,0,09/18/2025 17:00,https://www.instagram.com/p/DOwSqNbj1X5/,IG image,,Lifetime,3612,535,9,0,0,0,0
18048762974317300,17841406860905948,init.fiu,INIT FIU,"A huge thank you to all our Wave 2 Sponsors & Partners for supporting ShellHacks 2025! We can’t wait to see you at Florida’s largest hackathon!  If you haven’t registered yet, the deadline is September 22 — don’t miss your chance to code, network, and create with us! 👉 Register now at shellhacks.net  #fiu #sponsors #hackathon #tech #computerscience #shellhacks",0,09/19/2025 09:00,https://www.instagram.com/p/DOyOPvzje7m/,IG image,,Lifetime,4476,898,50,6,0,0,2
17916705600177956,17841406860905948,init.fiu,INIT FIU,"We’re excited to welcome City Furniture to ShellHacks 2025!  More than just furniture — they’re a tech-driven company leading with innovation and kindness   Here’s how you can connect with them at ShellHacks: 🤝 Meet their recruiters and engineers at the career fair - Attend their inspiring workshop: “Kindness is a Strategy” - Learn about career pathways, internships, and opportunities with City Furniture  Don’t miss the chance to connect, grow, and get inspired with a company that’s redefining the future of tech + retail!  👉 Apply now at shellhacks.net  #fiu #cityfurniture #tech #internships #hackthon #shellhacks",0,09/19/2025 12:00,https://www.instagram.com/reel/DOyi3WmDXfh/,IG reel,,Lifetime,2327,1286,50,1,0,1,3
18087761422671776,17841406860905948,init.fiu,INIT FIU,Huge thank you to JetBrains for sponsoring ShellHacks 2025‼️ Check them out at ShellHacks to learn more about their internships and career opportunities in tech!  🔗 Register now at shellhacks.net ‼️  #fiu #shellhacks #jetbrains #hackathon #technology,0,09/19/2025 14:00,https://www.instagram.com/p/DOywmmDj5kG/,IG image,,Lifetime,4003,588,22,0,0,0,0
18158296255390281,17841406860905948,init.fiu,INIT FIU,"Big thank you to Netflix for sponsoring ShellHacks 2025!  They’ll be bringing an incredible lineup to the hackathon: - Workshop: “Netflix and Skill” – go behind the scenes with a Netflix engineer & recruiter to learn what they look for - Challenge: “Beyond the Bench” – build the next big thing in interactive entertainment (choose-your-own-adventure style!) 🤝 Visit their booth to connect with recruiters, get tips on how to stand out, and learn about their internships releasing this October  ⚡ Don’t miss out on your chance to meet Netflix and explore all they have to offer at ShellHacks!  🚨 Reminder: Today, Sept 22, is the FINAL day to apply for ShellHacks! 👉 Register now at shellhacks.net  #hackathon #fiu #netflix #init #technology",0,09/22/2025 12:31,https://www.instagram.com/reel/DO6VOjbjpg0/,IG reel,,Lifetime,2404,1303,54,5,0,2,5
17911402800211560,17841406860905948,init.fiu,INIT FIU,Huge thank you to our Final Wave of Sponsors & Partners for supporting ShellHacks 2025‼️ We’re so grateful for their support in making ShellHacks possible and helping us create opportunities for students in tech 🌊✨  🔗 Register now at shellhacks.net ‼️  #fiu #shellhacks #hackathon #technology #sponsors,0,09/22/2025 15:04,https://www.instagram.com/p/DO6mStLj35U/,IG image,,Lifetime,4553,1171,38,6,0,0,1
17843148063581020,17841406860905948,init.fiu,INIT FIU,Huge thank you to Deloitte for sponsoring ShellHacks 2025‼️ Check them out at ShellHacks to learn more about their internships and career opportunities in tech!  🔗 Register now at shellhacks.net ‼️  #fiu #shellhacks #deloitte #hackathon #technology,0,09/22/2025 16:00,https://www.instagram.com/p/DO6srY-jx8h/,IG image,,Lifetime,3841,665,12,0,0,0,2
18058403309571818,17841406860905948,init.fiu,INIT FIU,"Ready to find your team and start building? Join us for the INIT Build Team Lead Mixer on Wednesday, Sept 23 from 3–4 PM in PG6 112!  - Meet the INIT Build Leads 🤝 Connect with potential team members - Learn how you can join a project and take it from idea → launch in just 9 weeks  🌟 Open to everyone — the perfect chance to get involved, network, and sign up for INIT Build!  👉 Register now at go.fiu.edu/init 🔗 Become a member at weareinit.org  #fiu #build #mixer #weareinit",0,09/22/2025 18:18,https://www.instagram.com/p/DO68cjbj2V2/,IG carousel,,Lifetime,10087,2444,97,17,0,4,4
17872179636430425,17841406860905948,init.fiu,INIT FIU,Huge thank you to Break Through Tech for sponsoring ShellHacks 2025‼️ Check them out at ShellHacks to learn more about their programs and opportunities in tech!  🔗 Register now at shellhacks.net ‼️  #fiu #shellhacks #breakthroughtech #hackathon #technology,0,09/23/2025 09:35,https://www.instagram.com/p/DO8lb2XDopm/,IG image,,Lifetime,3750,645,10,0,0,0,0
18188671021322588,17841406860905948,init.fiu,INIT FIU,"We’re proud to announce Google Cloud A2A/ADK as our Title Sponsor for ShellHacks 2025! 🐚  At ShellHacks, you’ll have the chance to: 🤝 Connect with Google Cloud recruiters and learn about internship opportunities - Explore how their A2A/ADK tools make it possible to build and innovate projects in seconds - Get inspired by the same technology powering the future of cloud innovation  A huge thank you to Google Cloud A2A/ADK for sponsoring and supporting Florida’s Largest Hackathon — we can’t wait to see you there❗️  #fiu #googlecloud #A2A #ADK #hackathon",0,09/23/2025 15:00,https://www.instagram.com/reel/DO9Ki12Ce5_/,IG reel,,Lifetime,5691,3279,249,19,0,18,16
18164388970372859,17841406860905948,init.fiu,INIT FIU,Huge thank you to Xbox for sponsoring ShellHacks 2025‼️ Check them out at ShellHacks to learn more about their internships and career opportunities in tech!  🔗 Register now at shellhacks.net ‼️  #fiu #shellhacks #xbox #hackathon #technology,0,09/23/2025 18:00,https://www.instagram.com/p/DO9fKRcjqeM/,IG image,,Lifetime,3682,624,20,0,0,0,0
18067424735519829,17841406860905948,init.fiu,INIT FIU,Huge thank you to React Miami for sponsoring ShellHacks 2025‼️ They’ve generously donated tickets to the React Miami Conference 🎟️🔥 — the ultimate React conference in the US!  Don’t miss your chance to win at ShellHacks 🌊  #fiu #shellhacks #reactmiami #hackathon #technology,0,09/23/2025 19:00,https://www.instagram.com/p/DO9mBNyD9Eg/,IG image,,Lifetime,4343,797,11,2,0,0,0
17935160747962422,17841406860905948,init.fiu,INIT FIU,Huge thank you to LearnPack for sponsoring ShellHacks 2025‼️ Check them out at ShellHacks to learn more about their products and opportunities in tech!  We can’t wait to see you at ShellHacks! 🐚  #fiu #shellhacks #learnpack #hackathon #technology,0,09/24/2025 09:00,https://www.instagram.com/p/DO_GOuBjYN8/,IG image,,Lifetime,3790,535,7,0,0,0,0
18089372569882611,17841406860905948,init.fiu,INIT FIU,"First time at ShellHacks? Here’s what you can expect:      1    Over a thousand hackers, mentors, and sponsors ready to connect     2    Workshops happening all day and night     3    Free food and free merch     4    Hackers working and sleeping at the venue     5    Big giveaways—from an MSI Claw and Nintendo Switch to even bigger prizes revealed at the event  It’s more than just a hackathon—it’s an experience. Are you ready?  #ShellHacks #Hackathon #weareinit #fiu",0,09/24/2025 11:56,https://www.instagram.com/reel/DO_Zk-Wjm9q/,IG reel,,Lifetime,6999,3982,240,31,0,6,16
18055358627198781,17841406860905948,init.fiu,INIT FIU,"The final round of ShellHacks acceptances is out. Check your email to see if you got in, we can’t wait to have you join us this year.  #fiu #shellhacks #hackathon #tech",0,09/24/2025 17:56,https://www.instagram.com/p/DPADfTGj-ob/,IG image,,Lifetime,5047,958,25,1,0,0,0
18051050708296925,17841406860905948,init.fiu,INIT FIU,"🚀 We're excited to announce the Autonomous AI Agent Challenge from Google Cloud at ShellHacks!  Our title sponsor has brought ShellHacks a revolutionary challenge - Use Google’s Agent Development Kit (ADK) and Agent2Agent protocol (A2A) to design an innovative AI agent that solves a real-world business or developer problem!   Your agent will tackle complex workflows with autonomous loops and parallel processes. Sounds exciting, right? This is your chance to build an impactful solution that showcases the future of AI.   🏆 Prizes include: 1st place - $1,000 in credits for each team member 2nd place - $800  in credits for each team member 3rd place - $500  in credits for each team member Featured on Google social media channels Google Cloud jackets  Learn more about this challenge and get started by visiting your ShellHacks Hacker Guide!  ADK website: https://google.github.io/adk-docs/  A2A website: https://a2a-protocol.org/latest/#what-is-a2a-protocol  #shellhacks #googlecloud #a2a #adk #hackathon",0,09/25/2025 09:00,https://www.instagram.com/p/DPBrB65jWnH/,IG image,,Lifetime,5428,1131,49,7,0,0,6
18062846054524784,17841406860905948,init.fiu,INIT FIU,Huge thank you to World Kinect for sponsoring ShellHacks 2025! Check them out at ShellHacks to learn more about their internships and career opportunities. We can’t wait to see you at ShellHacks! 🐚  #fiu #shellhacks #worldkinect #hackathon #technology,0,09/25/2025 09:30,https://www.instagram.com/p/DPBuctLjUyZ/,IG image,,Lifetime,4139,555,8,1,0,0,0
18106282975587537,17841406860905948,init.fiu,INIT FIU,Huge thank you to 4Geeks for sponsoring ShellHacks 2025! Meet their team at ShellHacks to learn more about their products and exciting opportunities in tech. We can’t wait to see you at ShellHacks! 🐚  #fiu #shellhacks #4geeks #hackathon #technology,0,09/25/2025 12:00,https://www.instagram.com/p/DPB_lPyDnMz/,IG image,,Lifetime,5172,619,7,0,0,0,1
17920952778159551,17841406860905948,init.fiu,INIT FIU,"At ShellHacks 2025, hackers will have the chance to win incredible prizes while showcasing their innovation and creativity.  Prizes include: 	•	Apple MacBook Air 13” 	•	MSI PRO MP275Q Business & Productivity Monitor 	•	Tickets to the 2026 React Miami Conference ($500 value) 	•	Apple AirPods 4 for the Best First-Time Hacker  We can’t wait to see the projects our hackers bring to life and the impact they’ll make during Florida’s Largest Hackathon.  #shellhacks #weareinit #fiu #technology #hackathon",0,09/25/2025 13:30,https://www.instagram.com/p/DPCJ1rejlAf/,IG image,,Lifetime,7515,1168,61,4,0,1,0
18077076374040198,17841406860905948,init.fiu,INIT FIU,Huge thank you to Wolfram for sponsoring ShellHacks 2025! We’re excited to have them join us and share more about their internships and opportunities in tech. We can’t wait to see you at ShellHacks! 🐚  #fiu #shellhacks #wolfram #hackathon #technology,0,09/25/2025 15:00,https://www.instagram.com/p/DPCUOQoDmcx/,IG image,,Lifetime,6145,654,9,0,0,0,0
18105855595573477,17841406860905948,init.fiu,INIT FIU,Huge thank you to Addigy for sponsoring ShellHacks 2025! Come connect with their team at ShellHacks to learn more about their internships and job opportunities. We can’t wait to see you at ShellHacks! 🐚  #fiu #shellhacks #addigy #hackathon #technology,0,09/25/2025 18:00,https://www.instagram.com/p/DPCoxgVDgTV/,IG image,,Lifetime,6837,832,12,1,0,0,1
17993380475834398,17841406860905948,init.fiu,INIT FIU,A big thank you to INIT National for sponsoring ShellHacks 2025! We’re excited to have them join us — make sure to check them out and talk to their team about their programs and opportunities. We can’t wait to see you at ShellHacks! 🐚  #fiu #shellhacks #init #hackathon #technology,0,09/26/2025 12:00,https://www.instagram.com/p/DPEkZc7jpvL/,IG image,,Lifetime,7764,1288,29,3,0,0,0
18052752458557034,17841406860905948,init.fiu,INIT FIU,Hackers summed up @googlecloud at ShellHacks in one word and showed us how A2A and ADK took their projects to the next level 🔥  #ShellHacks2025 #GoogleCloud #HackTheFuture #init,0,09/28/2025 13:47,https://www.instagram.com/reel/DPJ6NiwCQ01/,IG reel,,Lifetime,3498,1912,100,7,0,0,4
18419914510110354,17841406860905948,init.fiu,INIT FIU,"🎮 Ready to level up your skills? Join us for Game Dev 101 — learn the fundamentals of game development and set up your tools with the INIT Explore series!  🗓 Wednesday, Oct 8 | 4:30–6:30 PM 📍 VH 131 | Open to everyone!  Register now → go.fiu.edu/init Become a member → weareinit.org  #weareinit #fiu #technology #gamedev #initexplore",0,10/06/2025 09:00,https://www.instagram.com/p/DPd_rwuDYwb/,IG carousel,,Lifetime,4197,906,48,0,0,0,1
17884139919265841,17841406860905948,init.fiu,INIT FIU,"💼 Want to make a lasting impression on recruiters? Join us for INIT Reach: Stand Out to Recruiters and learn tips on how to stand out during career fairs, interviews, and networking events!  🗓 Wednesday, Oct 8 | 1:30–3:00 PM 📍 CASE 132 | Open to everyone!  Register now → go.fiu.edu/init Become a member → weareinit.org  #weareinit #fiu #technology #careerprep #initreach",0,10/06/2025 12:00,https://www.instagram.com/p/DPeUVC9DR12/,IG carousel,,Lifetime,5125,1232,93,8,0,1,3
18065921705601726,17841406860905948,init.fiu,INIT FIU,"Brunch with E-Board Come hang out with the INIT team, enjoy some good food, and learn more about the open E-Board positions and what it’s like to be part of FIU’s largest tech community.  It’s the perfect chance to chat with current members, ask questions, and see where you might fit in!  📅 Monday, October 13 | 2–3:30 PM 📍 PG6 116 | Open to everyone  Register now → go.fiu.edu/init View open roles → go.fiu.edu/e-board  #weareinit #fiu #technology #leadership #community #computerscience",0,10/08/2025 12:00,https://www.instagram.com/p/DPjd59ljUpj/,IG carousel,,Lifetime,4385,1076,37,3,1,0,2
18153038974406358,17841406860905948,init.fiu,INIT FIU,"Build smarter with Google Cloud ☁️  Ever wondered what it would be like to create an AI that automates your daily tasks? With Google Cloud’s A2A protocol and ADK toolkit, you can build, connect, and scale autonomous agents that work with you — not just for you.  Explore how you can get started and take your projects to the next level: 🔗 ADK on GitHub → github.com/google/adk 🔗 Learn more about A2A → a2a-protocol.org/latest/#what-is-a2a-protocol  Keep experimenting. Keep connecting. Keep pushing what’s possible. #weareinit #fiu #googlecloud #adk #a2a #technology #innovation",0,10/09/2025 12:00,https://www.instagram.com/p/DPmCwWiju1j/,IG carousel,,Lifetime,4702,1033,37,6,0,1,17
17895231573338062,17841406860905948,init.fiu,INIT FIU,"Arduino in Action 🤖 Ready to dive into hardware? Learn how Arduino controls LEDs, motor speeds, and brings your projects to life!  Whether you’re new to microcontrollers or want hands-on experience with real hardware, this session is for you. Come explore, experiment, and create with us.  📅 Monday, October 13 | 4–6 PM 📍 PG 116 | Open to everyone  Register now → go.fiu.edu/init Become a member → weareinit.org  #weareinit #fiu #technology #arduino #innovation #initexplore",0,10/10/2025 12:18,https://www.instagram.com/p/DPopmbDjinv/,IG carousel,,Lifetime,3640,892,37,3,0,0,2
17875760922328798,17841406860905948,init.fiu,INIT FIU,"Crack the Tech Interview Get insider tips on technical interviews, coding prep, and how to stand out to recruiters. Perfect for anyone looking to level up their interview game.  📅 Wednesday, October 15 | 1:30–3 PM 📍 CASE 132 | Open to everyone  Register now → go.fiu.edu/init Become a member → weareinit.org  #weareinit #fiu #technology #careerprep #reach #techinterviews",0,10/11/2025 12:00,https://www.instagram.com/p/DPrMSzEjgYl/,IG carousel,,Lifetime,4070,975,46,12,0,3,5
18040323692694339,17841406860905948,init.fiu,INIT FIU,"Ready to start coding? Learn HTML basics and create your very first webpage — perfect for anyone looking to kickstart their web dev journey.  📅 Thursday, October 16 | 4–6 PM 📍 PG5 155 | Open to everyone  Register now → go.fiu.edu/init Become a member → weareinit.org  #weareinit #fiu #webdev #initexplore #technology",0,10/13/2025 12:07,https://www.instagram.com/p/DPwXFUgjkY_/,IG carousel,,Lifetime,3912,959,32,2,0,2,3
18076035026515828,17841406860905948,init.fiu,INIT FIU,"🎮 Bring Mario to life! Learn how to program movement, jumping, and camera control — the building blocks behind every platform game.  📅 Wednesday, October 15 | 4–6 PM 📍 VH 131 | Open to everyone  Register now → go.fiu.edu/init Become a member → weareinit.org  #weareinit #fiu #technology #gamedev #initexplore",0,10/13/2025 15:00,https://www.instagram.com/p/DPwqcoxD9DI/,IG carousel,,Lifetime,3303,811,31,3,0,1,1
18056243456248208,17841406860905948,init.fiu,INIT FIU,"🧠At ShellHacks 2025, Team VL-ADK took AI to the real world — building a robot powered by Google Cloud’s ADK that can find and navigate to everyday objects.  Their robot uses a YOLO-based vision model and agentic workflows to locate items, mark their position, and autonomously drive toward them.  By leveraging Google ADK’s orchestration tools, they combined AI reasoning, tool-calling, and robotic control — all with limited resources but maximum creativity.  Interested in building with Google ADK / A2A? Learn more at goo.gle/adk.  @googlecloud #ShellHacks #INITatFIU #VLADK #GoogleADK #A2A #AIinAction #Robotics #AIforGood",0,10/15/2025 21:16,https://www.instagram.com/reel/DP2fD7CjNc2/,IG reel,,Lifetime,4297,2507,156,61,0,18,6
17942400678068920,17841406860905948,init.fiu,INIT FIU,"Come to our next INIT Explore class and keep learning with us! Let’s keep building, creating, and exploring Arduinos together.  📅 Monday, October 20 | 3:30–5:30 PM 📍 PG6 116 | Open to everyone  #weareinit #initexplore #fiu #arduino #technology",0,10/16/2025 15:12,https://www.instagram.com/p/DP4aOZ4jwvz/,IG carousel,,Lifetime,2583,620,32,3,0,0,2
18027804641733133,17841406860905948,init.fiu,INIT FIU,"Check out CtrlARM, one of the incredible projects built at ShellHacks 2025 using Google Cloud’s A2A/ADK! 💪💻  CtrlARM was created to help people with mobility challenges use computers more easily. The team leveraged Google ADK to power intelligent agents that can communicate, deliberate, and decide together which one is best suited to perform a user’s task — from identifying apps on screen to enabling adaptive controls. 🤖✨  By connecting multiple agents through A2A, they built a truly collaborative AI system that makes computers more accessible for everyone.  Interested in building with Google Cloud A2A/ADK? Start your journey today at goo.gle/adk!  @googlecloud #ShellHacks #INITatFIU #GoogleADK #A2A #AccessibilityInTech #AIforGood",0,10/16/2025 16:00,https://www.instagram.com/reel/DP4fuzejhiv/,IG reel,,Lifetime,4514,2641,96,15,0,15,3
18204243499311084,17841406860905948,init.fiu,INIT FIU,"Ready to dive into AI? Learn the core concepts behind Artificial Intelligence and Machine Learning — and how models learn to make predictions.  📅 Tuesday, October 21 | 2:30–4:30 PM 📍 AHC5 201 | Open to everyone  Register now → go.fiu.edu/init Become a member → weareinit.org  #fiu #technology #artificialintelligence #machinelearning #init",0,10/17/2025 12:26,https://www.instagram.com/p/DP6sCEKDmiM/,IG carousel,,Lifetime,2906,717,24,14,0,0,2
17890943997223232,17841406860905948,init.fiu,INIT FIU,"Hear from FIU students who’ve landed internships and learn how you can too! Gain insights, tips, and real experiences that’ll help you take your next big step.  📅 Wednesday, October 22 | 1:30–3 PM 📍 CASE 132 | Open to everyone  Register now → go.fiu.edu/init Become a member → weareinit.org  #fiu #technology #internships #careerprep #init",0,10/17/2025 15:00,https://www.instagram.com/p/DP69rfzDqln/,IG carousel,,Lifetime,3689,988,65,8,0,0,5
18003189890820780,17841406860905948,init.fiu,INIT FIU,"Check out A11Y Tools, one of the amazing projects built at ShellHacks 2025 using Google Cloud’s A2A/ADK! 💡  A11Y Tools is a Gemini-powered Chrome extension designed to make web pages more accessible for everyone. The team built an agentic workflow that integrates Google ADK directly into webpages, allowing users to interact with forms and buttons using natural language and voice commands. 🗣️💻  Their biggest takeaway? Think of agents like a team — each LLM has a role, and the right tools make collaboration seamless.  Interested in building with Google Cloud A2A/ADK? Start your journey today at goo.gle/adk!  @googlecloud #ShellHacks #INITatFIU #GoogleADK #A2A #AccessibilityInTech #AIforGood",0,10/17/2025 16:00,https://www.instagram.com/reel/DP7EfhGDmpM/,IG reel,,Lifetime,1987,1275,46,1,0,0,3
18063934919111263,17841406860905948,init.fiu,INIT FIU,"🎮 Keep your Mario project going! Join us to build platforms, pipes, and layouts for fun and creative gameplay.  📅 Wednesday, October 22 | 4:30–6:30 PM 📍 VH 131 | Open to everyone  Register now → go.fiu.edu/init Become a member → weareinit.org  #weareinit #fiu #technology #gamedev #explore",0,10/18/2025 15:30,https://www.instagram.com/p/DP9l4M5Dw-8/,IG carousel,,Lifetime,2485,534,21,0,0,0,0
18345510046161820,17841406860905948,init.fiu,INIT FIU,"🚗 Team Draura brought driver safety to life at ShellHacks 2025 using Google Cloud’s ADK and Gemini!  After witnessing a serious crash on their way to the event, the team set out to rethink how people learn to drive safely. Draura is a 3D driving simulation that blends real Google Maps data with retro Game Boy-style visuals, letting players navigate real streets, face real hazards, and answer safety questions in real time.  Powered by multi-agent systems built with Google ADK, the game’s AI agents generate dynamic, location-aware scenarios and questions based on real-world traffic data. It’s educational, immersive, and surprisingly fun — turning serious safety training into an engaging experience.  Interested in building with Google Cloud ADK / A2A? Learn more at goo.gle/adk.  @GoogleCloud #ShellHacks #INITatFIU #Draura #GoogleADK #A2A #GeminiAI #AIinAction #SafetyTech #AIforGood #GameDev",0,10/18/2025 16:00,https://www.instagram.com/reel/DP9pYuBDt-t/,IG reel,,Lifetime,4797,1258,38,8,0,0,3
18056486864244512,17841406860905948,init.fiu,INIT FIU,"💻 Time to make your webpage stand out! Learn how to style your project with colors, fonts, and layouts at our next INIT Explore workshop.  📅 Thursday, October 23 | 4–6 PM 📍 PG5 155 | Open to everyone  Register now → go.fiu.edu/init Become a member → weareinit.org  #weareinit #fiu #technology #webdev #explore",0,10/18/2025 18:00,https://www.instagram.com/p/DP93CuZj3Zi/,IG carousel,,Lifetime,3003,658,28,0,0,0,2
17896972548180420,17841406860905948,init.fiu,INIT FIU,"Join our next INIT Explore session and take your robotics skills to the next level! Learn new ways to enhance your projects and keep experimenting with what’s possible.  📅 Monday, October 27 | 3:30–5:30 PM 📍 PG6 116 | Open to everyone  Register now → go.fiu.edu/init Become a member → weareinit.org  #weareinit #fiu #technology #robotics #initexplore #innovation",0,10/20/2025 18:10,https://www.instagram.com/p/DQDBzeOj5iU/,IG carousel,,Lifetime,3467,834,30,7,0,4,2
18100889836659280,17841406860905948,init.fiu,INIT FIU,"Join our next INIT Explore session and dive into the world of AI! Learn the basics of Deep Learning and how models learn to recognize patterns and make decisions.  📅 Tuesday, October 28 | 2:30–4:30 PM 📍 AHC5 201 | Open to everyone  Register now → go.fiu.edu/init Become a member → weareinit.org  #fiu #technology #artificialintelligence #deeplearning #init",0,10/21/2025 12:30,https://www.instagram.com/p/DQE_vHRjuC9/,IG carousel,,Lifetime,4435,1234,53,38,0,0,3
18073323896224491,17841406860905948,init.fiu,INIT FIU,"💡 Simpler web, smarter browsing. That’s what Team Pathfinder set out to create at ShellHacks 2025 using Google Cloud’s ADK + Gemini 2.5 Flash! 🌐✨  Pathfinder is a Chrome extension that turns messy websites into guided experiences — scanning each page, understanding what you need, and highlighting the exact steps to get there. From students hunting for credible sources to workers managing returns, it makes the internet easier for everyone to use.  Built with HTML, CSS, JavaScript, and Google ADK, the team overcame OS issues, Git chaos, and UI challenges to build a tool that actually helps people — not just tech pros.  @googlecloud #ShellHacks #INITatFIU #GoogleADK #A2A",0,10/21/2025 16:38,https://www.instagram.com/reel/DQFb3xejzQH/,IG reel,,Lifetime,1921,1187,32,1,0,0,5
18545996464020418,17841406860905948,init.fiu,INIT FIU,"Practice solving real interview-style data structure problems and get one step closer to landing that tech internship or full-time role. Let’s level up together!  📅 Wednesday, October 29 | 1:30–3 PM 📍 CASE 132 | Open to everyone  Register now → go.fiu.edu/init Become a member → weareinit.org  #init #fiu #technology #careerprep #datastructures #techinterviews",0,10/23/2025 13:30,https://www.instagram.com/p/DQKQIXwjp0P/,IG carousel,,Lifetime,3088,693,27,4,0,0,4
17953494636013352,17841406860905948,init.fiu,INIT FIU,"Come learn JavaScript and keep building your web development skills with us!  📅 Thursday, October 30 | 4–6 PM 📍 PG5 155 | Open to everyone  Register now → go.fiu.edu/init Become a member → weareinit.org  #init #technology #computerscience #fiu #javascript #webdev",0,10/23/2025 15:00,https://www.instagram.com/p/DQKaaijD0T1/,IG carousel,,Lifetime,3547,772,35,0,0,0,3
18099865552709502,17841406860905948,init.fiu,INIT FIU,"Come power up your project and unlock even more gameplay features! Keep building, keep creating, and make your Mario world even more fun.  📅 Wednesday, October 29 | 4:30–6:30 PM 📍 VH 131 | Open to everyone  Register now → go.fiu.edu/init Become a member → weareinit.org  #init #fiu #gamedev #unity #csharp #computerscience #techcommunity",0,10/24/2025 15:00,https://www.instagram.com/p/DQM_SsAjnGh/,IG carousel,,Lifetime,3451,769,29,1,0,0,0
17945240331059406,17841406860905948,init.fiu,INIT FIU,"Wear your best costume and come hang out with us for tricks, treats, and spooky fun!  📅 Thursday, Oct 30 | 2:30–3:30 PM 📍 AHC5 201 | Open to everyone  #init #fiu #halloween #techcommunity 🕸️✨",0,10/25/2025 15:40,https://www.instagram.com/p/DQPonJjj7zQ/,IG carousel,,Lifetime,5015,1266,66,8,0,0,1
18483852838072041,17841406860905948,init.fiu,INIT FIU,"Come learn the basics of computer networks and get hands-on experience analyzing traffic with Wireshark!  📅 Monday, November 3 | 3:30–5:30 PM 📍 PG6 116 | Open to everyone  #init #fiu #technology #computerscience #networking #wireshark",0,10/29/2025 12:00,https://www.instagram.com/p/DQZikq8jrhj/,IG carousel,,Lifetime,3210,721,23,10,0,0,1
18084645541823994,17841406860905948,init.fiu,INIT FIU,"⚙️ Team SLiM took on a big challenge — making AI faster and more efficient.  Instead of running the same heavy tasks over and over, their project teaches smaller models to handle repeat questions while the bigger ones focus on the tough stuff. The result? Smarter performance, less waiting, and way lower costs 💡  Built at ShellHacks 2025 with Google Cloud’s ADK + Gemini, SLiM keeps improving every time you use it — proving that good tech doesn’t have to be complicated to be clever.  @GoogleCloud #ShellHacks #INITatFIU #SLiM #GoogleADK #GeminiAI #A2A #Innovation #SmartTech #AIforGood",0,10/29/2025 15:00,https://www.instagram.com/reel/DQZ3KfPjjM0/,IG reel,,Lifetime,3411,2019,59,6,0,3,6
18071675897249410,17841406860905948,init.fiu,INIT FIU,"Learn how agentic AI and RAG work, and start building your own AI agents with us.  📅 Tuesday, November 4 | 2:30–4:30 PM 📍 AHC5 201 | Open to everyone  #init #fiu #technology #computerscience #ai #machinelearning",0,10/30/2025 15:00,https://www.instagram.com/p/DQccCVejjxW/,IG carousel,,Lifetime,3298,772,30,5,0,0,2
18110472994514764,17841406860905948,init.fiu,INIT FIU,"💙 Huge thank you to the Google Cloud team for joining us at ShellHacks 2025 and powering this year’s ADK + A2A Challenge!  Hackers spent the weekend building incredible projects with Gemini and ADK, pushing the limits of what agentic AI can do. 🚀  🏆 Winning Projects: 🔹 Beacon – a safety app for pedestrians that helps users stay connected and protected on the go. 🔹 iMPOSTURE – an AI-powered posture coach that encourages better habits for focus and wellness. 🔹 A11Y Tools – a Chrome extension that makes web browsing more accessible for everyone.  Massive thanks to the Google mentors and engineers who guided hackers throughout the weekend — we couldn’t have done it without you! 💫  💻 Interested in building with Google Cloud ADK / A2A? 👉 Learn more at goo.gle/adk￼  @googlecloud #ShellHacks #INITatFIU #GoogleADK #GeminiAI #A2A #Hackathon #Innovation #AIforGood",0,10/31/2025 10:50,https://www.instagram.com/p/DQekPDijuXv/,IG carousel,,Lifetime,5484,1267,105,2,0,0,4
18086592820768182,17841406860905948,init.fiu,INIT FIU,"Collaborate with your team, make progress on your projects, and get ahead before finals! Come code, create, and build with us.  📅 Thursday, November 6 | 3–7 PM 📍 PG5 155 | Open to everyone  #init #fiu #technology #computerscience #hackathon #innovation #studentprojects",0,11/04/2025 12:35,https://www.instagram.com/p/DQpKNVuCbjw/,IG carousel,,Lifetime,3786,890,33,15,0,1,1
18062260427154580,17841406860905948,init.fiu,INIT FIU,"Come learn Linux basics and get your virtual machine up and running! Perfect for anyone building their CS foundation.  📅 Monday, November 10 | 3:30–5:30 PM 📍 PG6 116  #init #fiu #computerscience #technology #linux #virtualmachines",0,11/05/2025 12:00,https://www.instagram.com/p/DQrrFELDm01/,IG carousel,,Lifetime,2960,597,19,0,0,0,1
17850661965543912,17841406860905948,init.fiu,INIT FIU,"Come learn how to connect your project to real data and bring your app to life!  📅 Thursday, November 13 | 4–6 PM 📍 PG5 155  #init #fiu #computerscience #technology #webdev #databases #apis",0,11/08/2025 13:30,https://www.instagram.com/p/DQzjvW2j3Jg/,IG carousel,,Lifetime,3222,730,22,3,0,0,3
18071343305345468,17841406860905948,init.fiu,INIT FIU,"Come learn how to design and animate your own third-person player controller — and keep leveling up your game dev skills with us.  📅 Wednesday, November 12 | 4:30–6:30 PM 📍 VH 131  #init #fiu #gamedev #unity #csharp #computerscience #technology",0,11/09/2025 12:30,https://www.instagram.com/p/DQ2Bm4ujqxF/,IG carousel,,Lifetime,3301,749,21,12,0,0,3
17893834950354283,17841406860905948,init.fiu,INIT FIU,"The Capture the Flag showdown is officially back — and this year? New challenges. New puzzles. New prizes. Same adrenaline. Same mind games. Same heat. 🔥  Build your team. Study up. Or don’t. Just be ready.  🗓️ Friday, Nov 21 📍 PG6 116 👥 Teams up to 4  #init #fiu #ctf #cybersecurity #computerscience #capturetheflag",0,11/10/2025 14:52,https://www.instagram.com/reel/DQ42dYVj6Sj/,IG reel,,Lifetime,3228,1659,79,3,0,3,2
17899982778323694,17841406860905948,init.fiu,INIT FIU,FLAGOPS is back. 🏁 Form your squad. Train up. Get ready. Your mission starts here.  🗓️ Nov 17 | 3:30–5:30 PM 📍 PG6 116 🔗 go.fiu.edu/init  #init #fiu #ctf #cybersecurity #flagops,0,11/11/2025 15:00,https://www.instagram.com/p/DQ7cYsvj3Kf/,IG image,,Lifetime,2744,660,13,5,0,1,0
17986919537858123,17841406860905948,init.fiu,INIT FIU,FlagOps is back and the mission is live! Build your squad (up to 4) and get ready to take on the ultimate cybersecurity challenge!   🗓️ Apply by Nov 17 📍 PG6 116 🔗 go.fiu.edu/flagops  Are you in? 👀,0,11/15/2025 15:05,https://www.instagram.com/reel/DRFwLGtj5Ls/,IG reel,,Lifetime,4607,2559,81,8,0,2,7
18210983545313014,17841406860905948,init.fiu,INIT FIU,Build an AI that detects emotions and objects in real time and walk out with a project you can show off 🔥  #init #floridainternationaluniversity #artificialintelligence #technology,0,11/16/2025 19:14,https://www.instagram.com/p/DRIxc7kD_Xh/,IG carousel,,Lifetime,3658,822,33,14,0,0,4
17990076221897659,17841406860905948,init.fiu,INIT FIU,"Come explore advanced Arduino concepts with us and dive deeper into IoT, sensors, and more!  📅 Wednesday, November 19 | 3:30–5:30 PM 📍 VH 131  #init #fiu #technology #computerscience #arduino #hardwareengineering",0,11/17/2025 11:58,https://www.instagram.com/p/DRKkWy1juYw/,IG carousel,,Lifetime,3731,934,23,3,0,0,0
18071746190348781,17841406860905948,init.fiu,INIT FIU,CE problems require CE solutions.   #weareinit #computerscience #technology,0,11/17/2025 14:00,https://www.instagram.com/reel/DRKyS-kCT7m/,IG reel,,Lifetime,7025,3504,232,35,0,0,12
18093593344884320,17841406860905948,init.fiu,INIT FIU,Dump your situationship and sign up for FlagOps! 🚩  📆 Apply by TONIGHT! 📍VH 131 🔗 go.fiu.edu/flagops  #weareinit #technology #capturetheflag,0,11/19/2025 13:14,https://www.instagram.com/reel/DRP2SHjD2xL/,IG reel,,Lifetime,3743,2027,72,13,0,5,1
18070886609060866,17841406860905948,init.fiu,INIT FIU,We heard some of you are still interested…  We decided to open e-board roles again and decided to expand our team to fit everyone’s interest!  Apply now as we will be checking applications on a daily basis 🤭  #floridainternationaluniversity #init #computersciencestudent  #team,0,11/26/2025 20:46,https://www.instagram.com/p/DRir-_dDKws/,IG carousel,,Lifetime,6381,1782,92,14,0,0,11
18543447277061313,17841406860905948,init.fiu,INIT FIU,"If you need a push to study for finals this is it, come get work done with us! 📚  #floridainternationaluniversity #finalsweek #initfiu #study #computerscience",0,12/01/2025 15:24,https://www.instagram.com/p/DRu_FUfj68f/,IG carousel,,Lifetime,3435,875,34,1,0,0,0
18341805817229353,17841406860905948,init.fiu,INIT FIU,"It’s time — Demo Day is here! 🚀 Join us as we wrap up the semester with good vibes, great people, and the incredible projects our teams have been building all season.  Come celebrate, get inspired, and see what INIT students have created! 📅 Friday, December 5 🕔 5–7 PM 📍 PG6 116  Let’s finish the year strong — see you there! 🔥  #init #fiu #demoday #projects #computing #innovation",0,12/02/2025 14:30,https://www.instagram.com/p/DRxdrblD9Ir/,IG carousel,,Lifetime,5046,1657,86,9,0,0,2
18079617869137349,17841406860905948,init.fiu,INIT FIU,Demo Day was last Friday and our teams showed off some seriously impressive projects! 🤩  Which one was your favorite?  #weareinit #computerscience #cybersecurity #womenintech #artificialintelligence #floridainternationaluniversity,0,12/08/2025 14:00,https://www.instagram.com/reel/DSA2_PdkX4T/,IG reel,,Lifetime,7061,4434,171,36,0,12,12
17847031668616708,17841406860905948,init.fiu,INIT FIU,Your yearly wrap is here! INIT Edition 💛  It has been our pleasure hosting you this year and we hope to continue to be part of your personal and professional development. To a new year of continued growth with INIT by your side!  #init #floridainternationaluniversity #wrap #y#spotifywrapped,0,12/08/2025 17:28,https://www.instagram.com/p/DSBO3Slj5qq/,IG carousel,,Lifetime,4579,1264,74,1,0,0,1
17890188393391391,17841406860905948,init.fiu,INIT FIU,Ever thought about leading your own team? 👥  This is your chance to not only lead but gain real world experience that you can share on your resume.  Add this to your new year’s resolution by registering today💫  #floridainternationaluniversity #weareinit #newyearsresolution #resume,0,12/12/2025 13:30,https://www.instagram.com/p/DSLGyP4kaIy/,IG carousel,,Lifetime,4221,1284,64,20,0,1,1
17900497308359284,17841406860905948,init.fiu,INIT FIU,"We’re kicking off the spring the right way ‼️ Join us at our Spring Kickoff Meeting to meet the community, learn what INIT has planned, and start the semester strong in tech.  Whether you’re new or returning, this is the place to be. 📅 Friday, January 9 | 3–5 PM 📍 GL 100  P.S. Yes… there will be Chick-fil-A 👀🐔  #init #fiu #fiuhonors #technology #computerscience",0,01/06/2026 15:02,https://www.instagram.com/p/DTLpK8FD6HU/,IG carousel,,Lifetime,15043,6897,290,37,7,11,10
18095079406917800,17841406860905948,init.fiu,INIT FIU,"If they say it’s for INIT, you already know 👀 GBM loading…  📅 Friday, January 9 🕒 3–5 PM 📍 GL 100  Pull up and kick off the semester with us 🚀  #init #fiu #technology #spring #computerscience",0,01/07/2026 15:41,https://www.instagram.com/reel/DTOSHwmEXwo/,IG reel,,Lifetime,6338,2765,126,14,0,10,0
18301666201282310,17841406860905948,init.fiu,INIT FIU,"Will You Be There? 👀  📅 Friday, January 9 🕒 3–5 PM 📍 GL 100  #init #fiu #technology #spring #computerscience",0,01/08/2026 14:37,https://www.instagram.com/reel/DTQvu7AD8Vl/,IG reel,,Lifetime,4399,2405,87,21,0,3,1
17951702426932521,17841406860905948,init.fiu,INIT FIU,"Not sure where to start in tech?🧐 Join us to explore different career paths in tech and find what fits you best.  📅 Tuesday, January 13 🕒 2:30–3:30 PM 📍 INV1 302  Open to everyone — pull up and learn more 🚀  #init #fiu #reach #computerscience #technology",0,01/12/2026 09:00,https://www.instagram.com/p/DTach2EjbKx/,IG carousel,,Lifetime,3211,1090,58,6,0,0,5
18051892589416523,17841406860905948,init.fiu,INIT FIU,"Join us for our Intro to GitHub Workshop and learn the platform used by real-world software teams.  📅 Thursday, January 15 🕓 4–6 PM 📍 VH 131  Open to everyone — no experience required 🚀  #init #fiu #github #technology #computerscience",0,01/13/2026 12:00,https://www.instagram.com/p/DTdScuaDmo-/,IG carousel,,Lifetime,2598,900,49,4,0,0,5
18079517039213068,17841406860905948,init.fiu,INIT FIU,Meet the 2026 executive board at INIT! 🙌🙌  #weareinit #fiu #computerscience #technology #eboard,0,01/14/2026 12:30,https://www.instagram.com/reel/DTf-Ki6jr-X/,IG reel,,Lifetime,7233,4173,194,51,0,14,13
18547996915020357,17841406860905948,init.fiu,INIT FIU,"UPLIFT is back and mentor applications are OPEN for Spring 26. 🙌🤝  Get trained, lead weekly workshops, and help other students level up through mentorship.💻  #init #fiu #tech #technology #uplift",0,01/14/2026 16:21,https://www.instagram.com/p/DTgYkjGD4it/,IG carousel,,Lifetime,2644,940,50,3,0,0,4
18067289618552261,17841406860905948,init.fiu,INIT FIU,Intro to Robotics is here. 🤖  Come learn Arduino basics and bring your first build to life.✨  #fiu #hardware #arduino #explore #init,0,01/15/2026 15:00,https://www.instagram.com/p/DTi0C8eDs_o/,IG carousel,,Lifetime,1833,651,37,1,0,0,1
17897173800379549,17841406860905948,init.fiu,INIT FIU,"Explore is back for Spring 26 and applications are OPEN.  Pick a track (AI/ML, Game Dev, Hardware, Web Dev), learn the basics, and build something real with us.  #fiu #explore #init #gamedev #webdevelopment",0,01/15/2026 16:55,https://www.instagram.com/p/DTjBRpiDybZ/,IG carousel,,Lifetime,2193,804,46,4,0,0,3
17976482813972384,17841406860905948,init.fiu,INIT FIU,"IGNITE is back 🔥 If you’ve ever wanted to teach, give back, and grow your skills at the same time, this one’s for you. Applications for Spring ’26 are now open, and we’re looking for people ready to make an impact.  Apply now:  🔗 go.fiu.edu/IgniteApplication-ig  #fiu #ignite #fiuhonors #init #teach",0,01/16/2026 12:12,https://www.instagram.com/p/DTlFq4QDqqU/,IG carousel,,Lifetime,2136,746,44,6,0,0,1
18074772455067941,17841406860905948,init.fiu,INIT FIU,"Curious about teaching code and making an impact? 👀  Come learn how IGNITE_ lets you grow your skills by helping others grow theirs. Low pressure, good vibes, real experience 💚  #fiu #ignite #init #teach #community",0,01/16/2026 15:00,https://www.instagram.com/p/DTlY2Rbjkoe/,IG carousel,,Lifetime,2775,995,51,2,0,0,1
17929056804188830,17841406860905948,init.fiu,INIT FIU,Team Lead applications for Build are now open! ⚙️👩🏻‍💻  Lead a team project from idea to launch in 9 weeks.  Apply now:  🔗 go.fiu.edu/buildlead  #computerscience #weareinit #technology #fiu,0,01/17/2026 12:00,https://www.instagram.com/reel/DTnpCdADlK2/,IG reel,,Lifetime,2937,1537,106,4,0,0,4
17995465793728193,17841406860905948,init.fiu,INIT FIU,"Ever wondered how people actually land internships at Microsoft, Google, Amazon, and more? Ask them directly! 🤷🏻‍♀️💡  Join us at the init Tech Intern Panel and ask away!  #fiu #weareinit #technology",0,01/17/2026 15:00,https://www.instagram.com/p/DTn9pppjhwW/,IG carousel,,Lifetime,4784,1522,114,9,0,0,16
17913687069275624,17841406860905948,init.fiu,INIT FIU,We’re looking for… 👀  Ignite Teachers!  💚 Apply now for the chance to give back to the community while growing your own skills.  🔗 go.fiu.edu/IgniteApplication-ig  🗓️ Join us for our Mixer on Jan 22nd from 5-7pm at VH 131  #fiu #ignite #computerscience #technology #community,0,01/20/2026 12:08,https://www.instagram.com/reel/DTvXk5ujlR_/,IG reel,,Lifetime,6360,3245,141,20,0,8,3
18402948001134408,17841406860905948,init.fiu,INIT FIU,"Looking for guidance, support, and a community that’s got your back?  Uplift is here 💗 Applications are now open.  #uplift #init #mentee #computerscience #tech",0,01/20/2026 15:21,https://www.instagram.com/p/DTvueuTjzii/,IG carousel,,Lifetime,2914,996,72,15,0,0,4
18072663839119116,17841406860905948,init.fiu,INIT FIU,Where mentorship begins 🤝 Uplift pairing mixer is the start of it all.  #fiu #uplift #tech #mentor #computerscience,0,01/21/2026 15:50,https://www.instagram.com/p/DTyWiz1jyLV/,IG carousel,,Lifetime,2160,785,40,3,0,0,3
18059276489673321,17841406860905948,init.fiu,INIT FIU,Build something real. Build it with a team. 🚀 Applications are open—let’s get to work.  #fiu #build #init #member #tech,0,01/22/2026 15:05,https://www.instagram.com/p/DT02REmDzC0/,IG carousel,,Lifetime,2400,823,39,7,1,0,6
17979787451963694,17841406860905948,init.fiu,INIT FIU,"Digital signals, real hardware. Come build and see it work 🔌🤖  #fiu #hardware #robotics #init #explore",0,01/22/2026 16:00,https://www.instagram.com/p/DT08jN0D8mc/,IG carousel,,Lifetime,2396,835,52,6,2,0,2
18549620302045341,17841406860905948,init.fiu,INIT FIU,"Brunch 🤝 Tech 🤝 Good conversations Pull up, meet the E-Board, and learn what INIT’s all about 🙌  🔗 Sign up: https://go.fiu.edu/brunch-ig  #fiu #init #brunch #tech #networking",0,01/23/2026 15:00,https://www.instagram.com/p/DT3ac7MjjmQ/,IG carousel,,Lifetime,3627,1251,65,7,0,3,2
18084225341141524,17841406860905948,init.fiu,INIT FIU,"Curious what teams are building this semester? 👀 Meet the leads, hear about their projects, and get inspired.  #fiu #build #projects #webdev #gamedev",0,01/26/2026 16:57,https://www.instagram.com/p/DT_WO2kD8kh/,IG carousel,,Lifetime,3522,1491,54,8,2,2,4
18152196094432336,17841406860905948,init.fiu,INIT FIU,Meet the E-Board + Brunch. Dog included. 🥞  🔗go.fiu.edu/brunch-ig  🗓️Join us for brunch on Thursday at 3:30 p.m. VH131!!!  #fiu #brunch #computerscience #eboard #tech,0,01/27/2026 13:56,https://www.instagram.com/reel/DUBmEhjj3Ua/,IG reel,,Lifetime,6962,4196,145,22,0,9,7
18025191887790847,17841406860905948,init.fiu,INIT FIU,"Making hardware come alive! Learn how sensors and Arduino help machines see, feel, and react to the real world 🤖✨  #fiu #hardware #robotics #init #explore",0,01/27/2026 15:18,https://www.instagram.com/p/DUBvrWUj-Ov/,IG carousel,,Lifetime,2378,823,40,3,0,1,3
18110213302578194,17841406860905948,init.fiu,INIT FIU,"If the sky says it, you gotta listen 👀  Team Lead Mixer is calling — come vibe, meet the leads, and see what’s cooking 🚀  🔗go.fiu.edu/buildmixer-ig  #fiu #computerscience #technology #build #init",0,01/29/2026 15:04,https://www.instagram.com/reel/DUG3gIQj2VX/,IG reel,,Lifetime,3996,2041,85,15,0,0,3
17906470101343432,17841406860905948,init.fiu,INIT FIU,"Ready to level up your interview game? 🚀  Reach applications are now open!  Learn technical interview prep, sharpen your career readiness skills, and get ready to ace that interview and land real opportunities.💼  🔗go.fiu.edu/reachinterest-ig  #init #reach #tech #leetcode",0,02/02/2026 15:01,https://www.instagram.com/p/DURKgNPjwjT/,IG carousel,,Lifetime,2186,773,30,3,0,0,3
18073212470431759,17841406860905948,init.fiu,INIT FIU,Join us for Robotics: Build a Mini Robot and bring hardware to life with a hands-on project. See you there!  #hardware #explore #init #fiu #tech,0,02/03/2026 12:00,https://www.instagram.com/p/DUTam94DtN_/,IG carousel,,Lifetime,1859,597,25,2,0,0,0
18123123523491199,17841406860905948,init.fiu,INIT FIU,"If you want hands-on experience and real teams, init Build is for you!  Apply here: 🔗 https://go.fiu.edu/buildmember-ig  ⚠️ Deadline: Friday, Feb 6th, 2025  #computerscience #technology #weareinit",0,02/04/2026 09:52,https://www.instagram.com/reel/DUVvXyVjl58/,IG reel,,Lifetime,3296,1808,118,14,0,1,8
17855514099613351,17841406860905948,init.fiu,INIT FIU,"Build your own 3D world from scratch with movement, shaders, and all. Intro to Game Dev starts here 🎮✨  🔗go.fiu.edu/gamedev-ig  #init #gamedev #explore #tech #shaders",0,02/04/2026 15:00,https://www.instagram.com/p/DUWUCfvDhrT/,IG carousel,,Lifetime,2068,647,33,2,0,0,2
18164848348405216,17841406860905948,init.fiu,INIT FIU,"Ready to crush interviews and land that internship? 🚀  REACH Cohort applications are now open. Get hands-on with technical interview prep, resume reviews, and career readiness to level up your job search.  🔗 go.fiu.edu/reachinterest-ig  #fiu #init #reach #internships #tech",0,02/05/2026 12:00,https://www.instagram.com/reel/DUYkL48jijx/,IG reel,,Lifetime,3382,1746,80,23,0,4,3
18421547953141737,17841406860905948,init.fiu,INIT FIU,Master string problems used in technical interviews. REACH Tech Interview Prep: Strings 🔥  🔗go.fiu.edu/reachtip-ig  #fiu #init #reach #tech #interviews,0,02/05/2026 15:15,https://www.instagram.com/p/DUY6g4mE3ZG/,IG carousel,,Lifetime,2200,791,56,8,0,0,1
18053393726443811,17841406860905948,init.fiu,INIT FIU,Looking for love this Valentine’s? 🐶💖 Your perfect match might have four paws.  🔗go.fiu.edu/valentines-ig  #dogs #tech #fiu #init #valentines,0,02/06/2026 12:05,https://www.instagram.com/p/DUbJkK2jlQ5/,IG carousel,,Lifetime,3071,1243,56,8,0,1,1
17974542099005303,17841406860905948,init.fiu,INIT FIU,"New semester, new builds 👀 Join us to see what projects are coming this spring.  #init #fiu #build #tech #projects",0,02/06/2026 16:49,https://www.instagram.com/p/DUbqAxHD591/,IG carousel,,Lifetime,3022,1145,73,9,1,0,5
17901257952376078,17841406860905948,init.fiu,INIT FIU,Ever blank in an interview even though you knew the answer?👀  REACH got you. Come to our workshops so that never happens again.  Last day to apply to the interest form!  🔗 https://go.fiu.edu/reachinterest-ig  #init #reach #tech #computerscience #career,0,02/10/2026 12:30,https://www.instagram.com/reel/DUlfkv_Ds8E/,IG reel,,Lifetime,3335,1520,75,6,0,7,3
18008928173835645,17841406860905948,init.fiu,INIT FIU,Press a button. Make something happen. 🎮 Come learn how game mechanics really work.  🔗go.fiu.edu/gamedev2-ig  #explore #init #tech #gamedev #computerscience,0,02/11/2026 12:35,https://www.instagram.com/p/DUoE8UwDmxo/,IG carousel,,Lifetime,1809,580,19,2,0,0,3
18509439805079359,17841406860905948,init.fiu,INIT FIU,Would you hire you? 🤔 Let’s make sure recruiters would too.   🔗 https://go.fiu.edu/reachresume-ig  #resume #tech #init #fiu,0,02/12/2026 13:51,https://www.instagram.com/p/DUqygPBD_0R/,IG carousel,,Lifetime,2027,711,45,3,0,0,2
17952861150074332,17841406860905948,init.fiu,INIT FIU,Professional development looks different for everyone 😌  #init #tech #fiu,0,02/16/2026 12:30,https://www.instagram.com/reel/DU08W9gjmWd/,IG reel,,Lifetime,3245,1673,84,2,0,3,2
18120226792582742,17841406860905948,init.fiu,INIT FIU,Curious about AI but don’t know where to start?  We got you 🤝 Come learn the fundamentals with us.  #explore #ai #machinelearning #init #tech,0,02/17/2026 12:30,https://www.instagram.com/p/DU3hJlrjj_U/,IG carousel,,Lifetime,2057,731,46,5,1,0,3
18104581936830062,17841406860905948,init.fiu,INIT FIU,"Continue your game development journey by adding goals, coins, and an appealing user interface! 🎮  🔗go.fiu.edu/gamedev3-ig  #init #explore #gamedev #computerscience #tech",0,02/18/2026 12:23,https://www.instagram.com/p/DU6FIVPCcso/,IG carousel,,Lifetime,1851,657,34,1,0,0,0
17892505572420222,17841406860905948,init.fiu,INIT FIU,Arrays always show up in interviews 👀 Come review the core concepts and get interview ready with REACH 💻🚀  #reach #tech #init #fiu #arrays,0,02/19/2026 15:31,https://www.instagram.com/p/DU8_aXDD-SH/,IG carousel,,Lifetime,2127,738,50,2,0,1,3
18075988376100314,17841406860905948,init.fiu,INIT FIU,"Meet your Engineering & Computing Science Senator Candidates! Ricardo Garcia and Bryan Gargurevich who are here to make a change.  Here is what they want to do for YOU: - Connecting CEC students to top-tier tech companies through real networking opportunities & internships - Securing funding & resources so organizations like INIT can host impactful events & workshops  - Building stronger bridges between CEC, SGA & university leadership — because you deserve better representation  If you are a student org and want to know how they can help comment “interested” to receive more info  Like, share, repost, and comment.  Voting happens March 10 and March 11  #sga #init #fiu #vote #tech",0,02/20/2026 18:55,https://www.instagram.com/reel/DU_7hBuD0NP/,IG reel,,Lifetime,6725,3555,183,26,0,39,6
18088869086328708,17841406860905948,init.fiu,INIT FIU,We just want the best for you 😌   #init #tech #fiu,0,02/24/2026 12:02,https://www.instagram.com/reel/DVJfYxZjN5L/,IG reel,,Lifetime,6169,3294,124,8,0,7,9
18085007858520456,17841406860905948,init.fiu,INIT FIU,Come learn the fundamentals for building websites!   Check out our Web Development cohort staring this month!  sign up: https://go.fiu.edu/webdev1-ig  #explore #websites #developer #init #fiu,0,03/02/2026 12:30,https://www.instagram.com/p/DVY_dmADhGs/,IG carousel,,Lifetime,1556,550,28,1,0,0,1
18095681668995260,17841406860905948,init.fiu,INIT FIU,Come learn from the cutest game developer! 🐶👾  🔗: https://go.fiu.edu/gamedev3-ig  #fiu #init #weareinit #tech,0,03/02/2026 14:55,https://www.instagram.com/reel/DVZQFTrD6O5/,IG reel,,Lifetime,3111,1480,102,17,0,12,2
18352181938227023,17841406860905948,init.fiu,INIT FIU,Teach AI to recognize handwritten digits 🤖  Neural nets made simple.  Sign up: https://go.fiu.edu/explore-ai2-ig  #fiu #init #explore #neuralnetwork #ai,0,03/03/2026 12:30,https://www.instagram.com/p/DVbkOyjDqRb/,IG carousel,,Lifetime,1516,502,26,6,0,0,2
18072476450180164,17841406860905948,init.fiu,INIT FIU,Keep building your cozy game by adding a nice atmosphere using sounds and starting menu!  🔗https://go.fiu.edu/gamedev4-ig  #init #explore #gamedev #computer #tech,0,03/04/2026 13:59,https://www.instagram.com/p/DVeTSogkdsJ/,IG carousel,,Lifetime,3093,1164,56,4,0,5,1
18241885963306991,17841406860905948,init.fiu,INIT FIU,"Take a break, sing your favorite songs, and enjoy a fun afternoon with the community!  🔗https://go.fiu.edu/karaoke-ig  #karaoke #fiu #tech",0,03/05/2026 12:33,https://www.instagram.com/p/DVguN4hjssF/,IG carousel,,Lifetime,2110,704,50,8,0,0,3
18198038491341197,17841406860905948,init.fiu,INIT FIU,( TIME CHANGE: 4:00pm - 5:30pm )Confidence in interviews starts with preparation. 🚀💬 Practice behavioral questions and get ready for your next opportunity.  🔗 https://go.fiu.edu/behavioral-ig  #fiu #init #reach #interview #tech,0,03/05/2026 14:00,https://www.instagram.com/p/DVg4MJklBva/,IG carousel,,Lifetime,1943,695,39,1,0,2,0
17880235983476921,17841406860905948,init.fiu,INIT FIU,"🚀 The INIT community just got an upgrade!  We've launched a new and improved Discord built for better conversations, career help, and real connections with students in tech.  Join the FIU tech community and start building with us!  🔗 discord.gg/init",0,03/06/2026 17:02,https://www.instagram.com/p/DVjxxESD9NM/,IG carousel,,Lifetime,2960,996,58,1,0,0,2
18093958028006697,17841406860905948,init.fiu,INIT FIU,Have you heard the news? 📰  Polls are officially open! If you are a Computer Science or Engineering major remember to vote with your future in mind and leave a vote for Ricardo and Bryan!  🔗 voting.fiu.edu  #fiu,0,03/10/2026 11:18,https://www.instagram.com/reel/DVtWdyqAh0C/,IG reel,,Lifetime,2719,1686,64,6,0,9,0
18091113134469295,17841406860905948,init.fiu,INIT FIU,Build something you can actually show recruiters 💻✨ Come learn how to create your own portfolio website using HTML and CSS  🔗 https://go.fiu.edu/webdev2-ig  #explore #init #fiu #project #tech,0,03/10/2026 11:53,https://www.instagram.com/p/DVtauzTjuJo/,IG carousel,,Lifetime,1079,369,16,1,0,0,0
17985565517791142,17841406860905948,init.fiu,INIT FIU,Want to learn how to track objects 📍  Join us at our AI workshops and get ready to learn!  🔗https://go.fiu.edu/explore-ai3-ig  #fiu #explore #init #ai #tech,0,03/10/2026 15:11,https://www.instagram.com/p/DVtxb_OjwKE/,IG carousel,,Lifetime,1650,571,31,3,0,0,0
17952780867095264,17841406860905948,init.fiu,INIT FIU,When the lighting in your game finally looks good 😌✨  Come learn shader tools with us.  🔗 https://go.fiu.edu/gamedev5-ig  #fiu #explore #init #shaders #tech,0,03/11/2026 12:00,https://www.instagram.com/p/DVwAYAgjtmT/,IG carousel,,Lifetime,1395,515,10,2,0,0,0
17905831920203332,17841406860905948,init.fiu,INIT FIU,LinkedLists got you like 🤨? Come break them down and practice interview problems with us.  🔗 https://go.fiu.edu/linkedlist-ig  #init #fiu #reach #tech #lists,0,03/12/2026 13:08,https://www.instagram.com/p/DVys3gUjusU/,IG carousel,,Lifetime,2376,1024,30,11,1,0,1
17980887230975586,17841406860905948,init.fiu,INIT FIU,"You’re halfway through the semester 👀 The Mid-Semester Hackathon is your chance to regroup with your team, speed up development, and figure out what to improve before the final stretch.  Build together. Debug together. Ship together. 🚀💻  BUILD members only.  🔗https://go.fiu.edu/buildhack-ig  #fiu #build #tech #code #hackathon",0,03/13/2026 14:05,https://www.instagram.com/p/DV1YOfFFFMq/,IG carousel,,Lifetime,2012,736,36,2,0,2,1
17880357021477823,17841406860905948,init.fiu,INIT FIU,"We’ve launched our new INIT Discord 🎉  A place for our community to stay connected, find upcoming events, join our LeetCode competitions, and talk tech with other builders.  New channels, new conversations, and a space where everyone can feel at home.  Join the community 👇 🔗 https://go.fiu.edu/initdiscord  #fiu #init #community #tech #discord",0,03/13/2026 15:40,https://www.instagram.com/reel/DV1jFPjj5Q1/,IG reel,,Lifetime,2972,1412,72,7,0,4,3
18122987659594707,17841406860905948,init.fiu,INIT FIU,Static pages are cool… but interactive ones are better 😌 Level up your portfolio with CSS and JavaScript.  🔗 go.fiu.edu/webdev3-ig  #explore #fiu #init #tech #websites,0,03/16/2026 14:31,https://www.instagram.com/p/DV9JpQalI9H/,IG carousel,,Lifetime,2024,769,34,4,0,0,0
18190460944362306,17841406860905948,init.fiu,INIT FIU,"Stop by our table at GC Lawn tomorrow to meet the Perplexity team, learn more about their new program, and connect with others interested in tech. Plus, you can grab free Chick-fil-A while you’re there! 💙💻  🔗https://go.fiu.edu/perplexity-ig  #spring #fiu #tech #students",0,03/16/2026 15:55,https://www.instagram.com/p/DV9TOFuD_xV/,IG carousel,,Lifetime,3309,1537,52,11,0,0,7
18101947820497908,17841406860905948,init.fiu,INIT FIU,AI can group things by color… now you can too 🤖🎨 Come learn clustering and how it actually works.  🔗 go.fiu.edu/explore-ai-ig  #explore #init #fiu #ai #tech,0,03/17/2026 12:00,https://www.instagram.com/p/DV_dKNTlTh3/,IG carousel,,Lifetime,1684,593,21,1,1,0,1
18122284675590090,17841406860905948,init.fiu,INIT FIU,He’s just here for the free stuff (everything) 🤩  #weareinit #computerscience #technology,0,03/17/2026 17:20,https://www.instagram.com/reel/DWABtA4gmd2/,IG reel,,Lifetime,5609,2723,94,6,0,1,2
17997784706874858,17841406860905948,init.fiu,INIT FIU,Ever had a good project but it just didn’t look right? 😅 Let’s fix that with Figma.  🔗 go.fiu.edu/uiux-ig  #fiu #init #explore #tech #figma,0,03/18/2026 12:40,https://www.instagram.com/p/DWCGeRTFXG_/,IG carousel,,Lifetime,2039,769,19,4,0,0,2
18101669455738803,17841406860905948,init.fiu,INIT FIU,Want to pitch your project idea? Learn how to create a proper resume?📚  Come to our workshop and learn how to pitch your projects at hackathons and during behavioral interviews!   🔗go.fiu.edu/projectpitch-ig  #fiu #init #reach #resume #tech,0,03/19/2026 12:30,https://www.instagram.com/p/DWEqGEOFbkO/,IG carousel,,Lifetime,1603,607,20,5,0,0,3
18094801751031882,17841406860905948,init.fiu,INIT FIU,Want to learn backend development! 🧑‍💻  Come to our workshop where we will teach you new backend concepts to help improve your website!  🔗go.fiu.edu/webdev4-ig  #fiu #init #explore #backenddeveloper #tech,0,03/23/2026 12:43,https://www.instagram.com/p/DWO-xYzldLK/,IG carousel,,Lifetime,1617,584,21,3,0,0,0
18079012754106230,17841406860905948,init.fiu,INIT FIU,Want to learn more about AI mapping!📍  Come to our workshops and keep developing those skills and ideas!  🔗go.fiu.edu/ai5-ig   #fiu #explore #init #tech #ai,0,03/24/2026 12:34,https://www.instagram.com/p/DWRiipUFfKj/,IG carousel,,Lifetime,1822,665,32,8,0,1,1
18518779819076552,17841406860905948,init.fiu,INIT FIU,Dive in to Cybersecurity! 🔒  Our workshops will focus on learning the fundamentals of cybersecurity!  🔗 go.fiu.edu/ex-cybersecurity-ig  #init #fiu #explore #cybersecurity #tech,0,03/25/2026 12:30,https://www.instagram.com/p/DWUG7UQlZcM/,IG carousel,,Lifetime,1913,726,26,7,0,0,1
18075533084168352,17841406860905948,init.fiu,INIT FIU,Join init REACH to learn how to answer hard behavioral questions! 😌  #fiu #computerscience #technology,0,03/26/2026 14:01,https://www.instagram.com/reel/DWW1zgcAnGy/,IG reel,,Lifetime,5696,2880,113,7,0,3,4
18117616855643306,17841406860905948,init.fiu,INIT FIU,Remember to throw a Hashmap at any leetcode question! 📍  Come learn how to use Hashmaps and how to implement them!  🔗 go.fiu.edu/hashmaps-ig  #fiu #init #reach #tech #hashmap,0,03/26/2026 16:00,https://www.instagram.com/p/DWXDtz0FM_z/,IG carousel,,Lifetime,2016,707,28,2,0,0,1
18066885266370413,17841406860905948,init.fiu,INIT FIU,Get your team together and join us for an exciting Game Day! 🎮🎲  BUILD members only!  🔗https://go.fiu.edu/gameday-ig  #fiu #gameday #tech #computer,0,03/27/2026 14:33,https://www.instagram.com/p/DWZejpSlFPv/,IG carousel,,Lifetime,3219,1198,72,2,1,0,0
17902811556401231,17841406860905948,init.fiu,INIT FIU,E-Board Feud Pt.2? 👀🤔  🔗 discord.gg/init  #computerscience #technology #weareinit,0,03/27/2026 17:59,https://www.instagram.com/reel/DWZ127dgoj6/,IG reel,,Lifetime,5229,3235,145,15,0,11,4
18005069864720214,17841406860905948,init.fiu,INIT FIU,"MOUNT SINAI IS COMING TO FIU! 💙📘  Join us for an exclusive info session with Mount Sinai and hear directly from their CIO, Tom Gillette. Learn how YOU can be part of the their evolving tech program!  🔗 https://go.fiu.edu/mountsinai  #mountsinai #tech #health #internships",0,03/27/2026 19:21,https://www.instagram.com/p/DWZ_fSylKQp/,IG carousel,,Lifetime,4021,1623,73,13,0,2,6
18096024770023239,17841406860905948,init.fiu,INIT FIU,Learn about creating extensions! 👨‍💻  Come to our Workshop on Monday and learn how to develop a working extension for automating job applications!  🔗 go.fiu.edu/webdev5-ig  #init #explore #tech #fiu #cs,0,03/30/2026 15:52,https://www.instagram.com/p/DWhV8fTlC7N/,IG carousel,,Lifetime,2224,921,65,3,1,0,2
18117303289571437,17841406860905948,init.fiu,INIT FIU,Claude Code is here! 🤖  Come learn how to leverage AI and create cool projects with it!  🔗 go.fiu.edu/advanceai-ig  #init #explore #tech #ai #fiu,0,03/31/2026 13:05,https://www.instagram.com/p/DWjnsPfFRu3/,IG carousel,,Lifetime,2280,804,46,6,0,0,6
18148314823478327,17841406860905948,init.fiu,INIT FIU,Don’t want to be hacked? 👾  Come to our workshops and learn about vulnerabilities and how to spot them and prevent attacks!  🔗 go.fiu.edu/cybersecurity2-ig  #init #explore #tech #fiu #cybersecurity,0,04/01/2026 12:30,https://www.instagram.com/p/DWmIdfhlfQF/,IG carousel,,Lifetime,1790,589,24,1,0,0,1
18076237991158460,17841406860905948,init.fiu,INIT FIU,Can you guess what it is? 📻  Comment below your best guess!  #init #fiu #tech #hack #ai,0,04/01/2026 13:39,https://www.instagram.com/reel/DWmQBBSgrjc/,IG reel,,Lifetime,3127,1923,72,13,0,20,2
17920105383321738,17841406860905948,init.fiu,INIT FIU,"ShellHacks 2026: Interest Form OPEN NOW 🚀  ShellHacks is back this Fall for its 10th Anniversary, and it’s shaping up to be our biggest one yet.  This year, we’re bringing: 👾 Our biggest ShellHacks yet 💼 Top-tier sponsors and exclusive opportunities ✨ An unforgettable weekend of building, networking, and leveling up  We’re bringing together the best of tech for a weekend focused on creating, connecting, and pushing ideas further than ever.  🎮 Want early access?  Students who fill out the interest form will get priority registration before applications officially open this summer.  Be the first in line for everything we have planned.  🔗 Sign up now: https://go.fiu.edu/shellhacks  #shellhacks #init #fiu #tech #ai",0,04/02/2026 12:16,https://www.instagram.com/p/DWouW6qlcxS/,IG image,,Lifetime,9545,4349,186,59,5,14,9
18575377156061935,17841406860905948,init.fiu,INIT FIU,UPDATED TIME 3:30 - 5:30pm | Come learn from industry leaders! 💼  Come and talk to our Alumni who now work in tech and learn about their experiences! 📈  🔗 go.fiu.edu/alumnicareer-ig  #init #fiu #tech #career #reach,0,04/02/2026 17:05,https://www.instagram.com/p/DWpMwK9FF1M/,IG carousel,,Lifetime,4357,1591,89,7,0,3,2
17857031052597001,17841406860905948,init.fiu,INIT FIU,To finish off strong 👾  We are having our end of spring semester GBM where we will have fun activities and provide an overview for next semester!   P.S. Food will be provided so come grab a bite!  🔗 go.fiu.edu/wrapup-ig  #fiu #init #tech #ai #spring,0,04/07/2026 12:35,https://www.instagram.com/p/DW1l3SBlcwy/,IG carousel,,Lifetime,5612,2711,45,8,0,2,2
18080769080456031,17841406860905948,init.fiu,INIT FIU,Want to learn about working in the Industry!   Come and talk with our amazing alumni who will be joining us and answering your questions!   🔗 go.fiu.edu/alumnicareer-ig  #fiu #init #tech #ai #reach,0,04/08/2026 12:10,https://www.instagram.com/reel/DW4Nb4zBTM6/,IG reel,,Lifetime,3976,2421,64,13,0,7,2
17873872992584914,17841406860905948,init.fiu,INIT FIU,Showcase your project!🙌  Come to Demo day and see what we have in store!  🔗 go.fiu.edu/demoday-ig  #fiu #init #build #ai #tech,0,04/09/2026 15:44,https://www.instagram.com/p/DW7FBgbFM_w/,IG carousel,,Lifetime,5713,2908,48,7,0,0,0
18121268833555989,17841406860905948,init.fiu,INIT FIU,"If you’re tired of being in airplane mode too, head to Demo Day on Friday! ✈️💻  🔗: go.fiu.edu/demoday-ig  #init #weareinit #technology #fiu",0,04/13/2026 12:33,https://www.instagram.com/reel/DXFB6XOAnVu/,IG reel,,Lifetime,10231,6618,278,43,0,23,19
18576891157016156,17841406860905948,init.fiu,INIT FIU,RSVP below ⬇️ for our Spring WrapUp GBM! 🎁  🔗: go.fiu.edu/wrapup-ig  #weareinit #tech #computerscience #fiu,0,04/14/2026 15:00,https://www.instagram.com/reel/DXH30xtApgc/,IG reel,,Lifetime,8589,4588,182,36,0,33,8
17855398935639463,17841406860905948,init.fiu,INIT FIU,"Don’t fall behind in your career, sign up for the 10th Annual ShellHacks interest form to secure priority registration and be first in line for one of FIU’s biggest tech opportunities, from hands-on projects to networking with top companies! 🚀  🔗 go.fiu.edu/shellhacks  #tech #hackathon #shellhacks",0,04/20/2026 12:15,https://www.instagram.com/reel/DXXB4KPhvjH/,IG reel,,Lifetime,3732,2563,76,8,0,5,8
18556904680064703,17841406860905948,init.fiu,INIT FIU,We see you… and we understand 😌 #fyp,0,04/24/2026 13:00,https://www.instagram.com/reel/DXhaMD_uhch/,IG reel,,Lifetime,5146,2967,139,13,0,9,2
18180588409378678,17841406860905948,init.fiu,INIT FIU,"From workshops and socials to projects, internships, and demo day, spring 2026 was a semester full of growth, community, and unforgettable moments 💻💙  Thank you to everyone who made this semester at INIT so special. See you next season! 🌟   #fiu #technology #university #init",0,05/06/2026 12:00,https://www.instagram.com/p/DYAM0yJFoP_/,IG carousel,,Lifetime,6139,2127,200,13,0,8,2
18072396284438557,17841406860905948,init.fiu,INIT FIU,"Sun Jam Interest Form: OPEN NOW 🎮  INIT FIU’s first-ever Game Jam is coming this summer, and you don’t want to miss it!  This year, we’re bringing: 🕹️ A 24-hour game jam open to ALL skill levels 🍕 Food to keep you fueled 🏆 Prizes for the best builds ✨ An unforgettable weekend of creating, competing, and leveling up  We’re bringing together FIU’s builders and creatives for a weekend focused on making something from nothing in just 24 hours!  🎯 Want early access?  Students who fill out the interest form will get priority registration before spots officially open this summer.  Be the first in line for everything we have planned.  🤝 Plus, a great opportunity to network with fellow developers and creatives in the FIU tech community!  🔗 Sign up now: https://go.fiu.edu/SunJam  #SunJam #INITFIU #GameJam #FIU #GameDev",0,05/18/2026 13:39,https://www.instagram.com/p/DYfRKfOCkMu/,IG image,,Lifetime,4476,2282,44,14,0,7,6
18078644564195768,17841406860905948,init.fiu,INIT FIU,"Celebrating a successful school year and our upcoming tenth anniversary of ShellHacks, heres our redesign! 🤔🪩  What do we think?   #spotify #logo #init",0,05/21/2026 13:07,https://www.instagram.com/p/DYm8ZF3FfAI/,IG image,,Lifetime,3096,1316,145,9,1,15,2
18105475714958119,17841406860905948,init.fiu,INIT FIU,"Get ready to press start! 🎮✨ Sun Jam is officially coming soon, and the hype is real!  We’re preparing an unforgettable game jam filled with endless creativity, epic builds, and great vibes. And the best part? It’s completely open to the public! Whether you’re an FIU student, repping another university, or just want to make something awesome from scratch, we can’t wait to see you there. 👾  Don’t miss out on the action—fill out the interest form to be the first in line when official registration drops.  🔗 Interest Form: https://go.fiu.edu/SunJam  #fiu #sunjam #init #gamejam #hackathon",0,06/03/2026 11:15,https://www.instagram.com/reel/DZIN-gLOT9b/,IG reel,,Lifetime,5770,3789,105,24,0,18,9
17920338522366571,17841406860905948,init.fiu,INIT FIU,He is a 10 but… 👀  Shellhacks is coming soon and if you want to be a king sign up on the interest form and stay tune for our registration coming soon!!!  🔗 go.fiu.edu/shellhacks  #init #shellhacks #computerscience #hackathon #technology,0,06/09/2026 14:00,https://www.instagram.com/reel/DZX9k-ahVC2/,IG reel,,Lifetime,8197,5163,134,23,0,18,13
18108847834768011,17841406860905948,init.fiu,INIT FIU,"ShellHacks 2026 is BACK and better than ever. 📺✨   This September 25-27, Florida’s largest hackathon is bringing the heat with 7 tracks, industry sponsor challenges, a career fair, and a full weekend of building, learning, and good vibes. We can’t wait to have you. 🎮🕹️  Registration is officially OPEN!!!   Apply at shellhacks.net and secure your spot before it’s gone.   See you in Miami. 👾  #shellhacks #tech #hackathon #fiu #mlh",0,06/24/2026 10:15,https://www.instagram.com/p/DZ-LxV_lYTi/,IG carousel,,Lifetime,13016,5174,264,155,15,32,50
18140380672551573,17841406860905948,init.fiu,INIT FIU,"🚨 Give me 10… YEARS OF SHELLHACKS! 🤩🎉  A decade of innovation, late nights, unforgettable memories, and thousands of hackers coming together to build something incredible.  Now it’s your turn. 💙  🎟️ Registration for ShellHacks 2026 is officially OPEN! Whether it’s your first hackathon or your tenth, this is one you don’t want to miss.🤖  🔗 shellhacks.net Register now before spots fill up!  #ShellHacks #loveisland #computerscience #technology #hackathon",0,06/24/2026 14:45,https://www.instagram.com/reel/DZ-qScTCrbZ/,IG reel,,Lifetime,3595,1718,78,6,0,13,1
18364275853229364,17841406860905948,init.fiu,INIT FIU,"☀️ SUN JAM REGISTRATION IS OPEN! ☀️  INIT FIU’s first-ever summer game jam is officially here! Open to any student at any university!   Whether you’re a developer, artist, designer, storyteller, or total beginner, Sun Jam is your chance to team up, build something from scratch, and level up your skills in just 24 hours. 🕹️  📅 July 18–19, 2026  What to expect:  - Beginner-friendly ✨ - Free food 🍕  - Prizes 🏆  - Teams, workshops, sponsors, and more 🤝   Space is limited, so secure your spot before registration closes!  🚨 Deadline to register: July 15 🚨  Register now! 🐾  🔗 https://go.fiu.edu/SunJam  #hack #tech #game #gamedev",0,06/26/2026 13:19,https://www.instagram.com/p/DaDqcH5lDWJ/,IG image,,Lifetime,3948,1480,65,18,0,3,6
18117585359496032,17841406860905948,init.fiu,INIT FIU,"“Oh, okay!!” 👀   We’ll take that as your sign to register for Sun Jam before July 15! ☀️🎮  📅 July 18–19 🔗 go.fiu.edu/SunJam  P.S. How’d we do on the trend?  #init #gamedev #fiu #sunjam #hackathon",0,06/29/2026 12:07,https://www.instagram.com/reel/DaLQeuyiCGp/,IG reel,,Lifetime,2911,1670,53,11,0,10,3
18435837067192173,17841406860905948,init.fiu,INIT FIU,When the gamers hear “wanna go to Sun Jam?” 🎮☀️  Register before July 15!  📅July 18–19  🔗 go.fiu.edu/SunJam  #init #jiujitsu #fiu #sunjam #hackathon,0,07/06/2026 18:02,https://www.instagram.com/reel/Dad6Xw_CBlC/,IG reel,,Lifetime,3671,1875,70,11,0,4,4
18021224312898489,17841406860905948,init.fiu,INIT FIU,"A huge thank you to all of our incredible sponsors for making Sun Jam 2026 possible. Your support helps us create an unforgettable experience for our participants and empowers the next generation of game developers. 💛🎮  We can’t wait to see the games, ideas, and creativity that come to life in just 24 hours. Whether it’s your first game jam or your tenth, we know you’re going to build something amazing.  ☀️ See you July 18–19! 🔗 go.fiu.edu/SunJam  #tech #networking #game",0,07/15/2026 19:23,https://www.instagram.com/p/Da1O_eJCNzu/,IG image,,Lifetime,1574,651,27,0,0,0,1
17927636973365466,17841406860905948,init.fiu,INIT FIU,"Choose your player! 👇  Are you the coder carrying the repo, the artist bringing the world to life, or the vibe-manager keeping the team caffeinated? Tag your project partner below!  Sun Jam is officially around the corner. Join us for 24 hours of pure building, gaming, and community.  ☀️ July 18–19 🔗 Sign up at: go.fiu.edu/SunJam",0,07/16/2026 11:00,https://www.instagram.com/reel/Da26X-MBDB0/,IG reel,,Lifetime,3168,2234,72,5,0,10,1
18099670322237802,17841406860905948,init.fiu,INIT FIU,"Do you understand the words coming out of my mouth? 🎤 REGISTER FOR SHELLHACKS.  📅 September 25–27, 2026  🔗 shellhacks.net  #init #shellhacks #fiu #hackathon #technology",0,07/20/2026 12:00,https://www.instagram.com/reel/DbBUb0rBEhI/,IG reel,,Lifetime,5286,3216,127,13,0,18,5
18134835811595377,17841406860905948,init.fiu,INIT FIU,"We want you! 🫵🏼  Are you ready to be a mentor, judge or volunteer?   You can do so at shellhacks X coming this fall ✨  🔗go.fiu.edu/shell-assist  #fiu #shellhacks #hackathon #tech #computer",0,07/21/2026 17:00,https://www.instagram.com/p/DbEbosTn9i8/,IG carousel,,Lifetime,5248,1967,45,7,0,1,3
18125126380600167,17841406860905948,init.fiu,INIT FIU,Register for ShellHacks! Don’t miss out on being part of it 🎬  🔗 shellhacks.net 📆 September 25-27  #init #shellhacks #fiu #hackathon #technology,0,07/29/2026 12:00,https://www.instagram.com/reel/DbYfp9PhUDc/,IG reel,,Lifetime,5037,3173,110,4,0,6,2
17920369806408564,17841406860905948,init.fiu,INIT FIU,Are you coming to Shellhacks!🐚🤖  You heard it here first come to Shellhacks and get ready for 36 hours of fun and entertainment!  Register today👇  🔗 shellhacks.net  #hackathon #tech #init #computerscience #miami,0,07/31/2026 12:00,https://www.instagram.com/reel/DbdpQSyh1YO/,IG reel,,Lifetime,2859,1396,53,2,0,6,3
18374728609229136,17841406860905948,init.fiu,INIT FIU,Sleep is for the weak (and the non-hackers). Secure your spot for ShellHacks X before its too late!😴💻  🗓️ September 25 to 27 🔗 ShellHacks.net  #computerscience #technology #init,0,08/03/2026 12:00,https://www.instagram.com/reel/DblXjRhB4Z0/,IG reel,,Lifetime,3088,1567,75,5,0,6,1
18068787872466464,17841406860905948,init.fiu,INIT FIU,"Our Wave 1 Sand Dollar sponsors are bringing technology, career opportunities, and industry expertise to ShellHacks 2026! 🤖💽  Swipe to meet Microsoft, Blackstone, NVIDIA, Base44, Codex, GitHub, O’Reilly, Wix, Morgan & Morgan, Waymo, Chevron, and Break Through Tech. 💼  🗓️ September 25 to 27 🔗 shellhacks.net  #shellhacks #computerscience #internship #job #init  We’re excited to welcome Microsoft as a sponsor of ShellHacks 2026! 💻  Connect with their team, explore internship and job opportunities in tech, and learn more about one of the world’s leading technology companies.  🗓️ September 25 to 27 🔗 shellhacks.net  We’re excited to welcome Blackstone as a sponsor of ShellHacks 2026! 👾  Stop by their table to connect with their team, explore internship and job opportunities in tech, and learn more about the worlds largest alternative asset manager.  🗓️ September 25 to 27 🔗shellhacks.net  We’re excited to welcome NVIDIA as a sponsor of ShellHacks 2026! 📟  Meet their team, explore internship and job opportunities in tech, and learn more about the company powering AI and computing worldwide.  🗓️ September 25 to 27 🔗 shellhacks.net  We’re excited to welcome Base44 as a sponsor of ShellHacks 2026! ✨  Connect with the team and discover how AI is changing the way people build and launch applications.  🗓️ September 25 to 27 🔗 shellhacks.net  We’re excited to welcome Codex as a sponsor of ShellHacks 2026! 🧠  Stop by their table to connect with their team and discover how AI is changing the way people code, build, and work.  🗓️ September 25 to 27 🔗 shellhacks.net  We’re excited to welcome GitHub as a sponsor of ShellHacks 2026! 🐙  Meet their team, explore internship and job opportunities in tech, and learn more about the platform millions of developers use to build and ship software.  🗓️ September 25 to 27 🔗 shellhacks.net  We’re excited to welcome O’Reilly as a sponsor of ShellHacks 2026! 📚  Stop by their table to connect with their team and learn more about one of the leading platforms for tech learning and resources.  🗓️ September 25 to 27 🔗 shellhacks.net  We’re excited to welcome Wix as a sponsor of ShellHacks 2026! 🧑‍💻  Connect with their team,",0,08/03/2026 13:00,https://www.instagram.com/p/DbledRYlW4u/,IG carousel,,Lifetime,3904,1091,98,9,0,9,6
18158939764487237,17841406860905948,init.fiu,INIT FIU,"Internship season is approaching‼️  If your profile is giving absolutely nothing right now, consider this a sign 🤖  ✨You can go from zero experience to having a fully coded project, networking with recruiters, and securing the bag in one weekend❗️  Sign up now!  🔗shellhacks.net  #hackathon #init #tech #computerscience #career",0,08/05/2026 12:30,https://www.instagram.com/reel/Dbqkma1hPbR/,IG reel,,Lifetime,3554,1711,79,7,0,21,9
18111023618096887,17841406860905948,init.fiu,INIT FIU,"We’re excited to welcome Assurant as a Cone Tier Sponsor of ShellHacks 2026! 🤖💙  Meet the Assurant team to learn how technology powers their innovative protection solutions, grow your network, and explore internship and career opportunities.  Sign up now and don’t miss out on Florida’s largest hackathon on September 25–27! 🚀  🔗 shellhacks.net  #init #hackathon #assurant #fiu #tech",0,08/06/2026 14:19,https://www.instagram.com/p/DbtV4PqFMsm/,IG carousel,,Lifetime,2593,876,44,4,0,0,1
18128019034672471,17841406860905948,init.fiu,INIT FIU,"Got a tech project idea? Lead it. 💡💻  BUILD Lead applications are now OPEN! Propose your own project and lead a team through 9 weeks of building it from idea to reality, ending with a presentation to industry professionals. 🚀  Ready to lead the build? Apply now!  🔗go.fiu.edu/buildlead-ig  #BUILD #TechProjects #StudentDevelopers #ComputerScience",0,08/07/2026 17:03,https://www.instagram.com/p/DbwNgKTH9kU/,IG carousel,,Lifetime,6605,3131,90,27,3,9,0
18084357704289334,17841406860905948,init.fiu,INIT FIU,"✨Meet Danay, an incredible INIT alum who started her journey 8 years ago right here as a ShellHacks participant. Her story is proof of what happens when you plug into a community that builds, supports, and inspires.  ShellHacks isn’t just a weekend hackathon; it’s where tech-savvy creators and future industry leaders find their people.🤖  Ready to write your own success story? Sign up for ShellHacks X today and see where your journey takes you! 💡👇  🔗 shellhacks.net  #fiu #tech #shellhacks #init #community",0,08/10/2026 11:00,https://www.instagram.com/reel/Db3SWkbBHyx/,IG reel,,Lifetime,4321,2484,131,29,0,11,8
18348313279172204,17841406860905948,init.fiu,INIT FIU,"Big news! ShellHacks is officially part of the 2027 MLH Hackathon Season! 🚀🤝  We are gearing up for an unforgettable weekend filled with innovation, creation, and pure fun. We can’t wait to see what you build—stay ready and secure your spot today! 👇  🔗 shellhacks.net  #mlh #tech #hackathon #init #community",0,08/10/2026 14:00,https://www.instagram.com/p/Db3PDRWtAS4/,IG image,,Lifetime,2253,988,58,3,0,1,2
18428853112180725,17841406860905948,init.fiu,INIT FIU,"What is your best go to line! 🙌  With shellhacks coming up we want to make sure you are preparing for everything Shellhacks has to offer!   If you haven’t already registered, Join us now as spaces fill up! 👇  🔗shellhacks.net  #init #tech #hackathon #miami #community",0,08/11/2026 11:06,https://www.instagram.com/reel/Db52-d-iBLn/,IG reel,,Lifetime,6946,4219,147,31,0,20,10
18437159974130425,17841406860905948,init.fiu,INIT FIU,"What’s in it for you at ShellHacks? 👀💻  Whether it’s your first hackathon or you’re coming back for another year, ShellHacks is your chance to:  Build something for your portfolio Meet recruiters, professionals & other students Learn new skills through workshops Compete for prizes + grab some free swag And yes… get fed while you hack  You don’t need to be an expert. Just bring an idea, your laptop, and be ready to build. 📺✨  📅 September 25–27 🔗 shellhacks.net",0,08/13/2026 19:21,https://www.instagram.com/p/Db_6AWnn02j/,IG carousel,,Lifetime,6456,2591,103,15,4,6,5
18085328759288809,17841406860905948,init.fiu,INIT FIU,"Bet you can’t guess which questions were actually asked! 👀  Hopefully the real ShellHacks questions won’t be this confusing, but come find out for yourself!  Don’t wait too long to register, spots are filling up fast!  🔗shellhacks.net  #init #technology #hackathon #fiu #computerscience",0,08/15/2026 12:30,https://www.instagram.com/reel/DcEUMcACACX/,IG reel,,Lifetime,3069,1619,70,2,0,6,0
18041989769632028,17841406860905948,init.fiu,INIT FIU,"ShellHacks X is almost here — and one of you is leaving with a MacBook Air M4. 💻  Florida’s largest hackathon takes over FIU September 25–27. Learn new tech, build cool projects, win big prizes, and meet recruiters, mentors & new friends.  Giveaway Alert: 1. Follow @init.fiu 2. Tag 3 friends 3. Post on your story and tag us 4. Register for ShellHacks!!  Winner announced live at closing ceremony on September 27 — you’ll want to be in the room. 🏆  Don’t wait — register now at shellhacks.net  #shellhacks #hackathon #computerscience #fiu #technology",0,08/19/2026 17:54,https://www.instagram.com/p/DcPM2vyHzmE/,IG carousel,,Lifetime,12927,6498,157,85,11,38,25
18166022218459661,17841406860905948,init.fiu,INIT FIU,THE FIRST WAVE HAS ARRIVED! 📩  The first round of ShellHacks X acceptances is officially out! 🐚  Check your inbox to see if you’ll be hacking with us September 25–27. 💻✨  Feeling left out? Sign up now to be part of the next wave!  🔗 shellhacks.net  #ShellHacks #tech #Hackathon #FIU,0,08/21/2026 13:44,https://www.instagram.com/p/DcT5df_iyKa/,IG image,,Lifetime,1527,611,42,1,0,0,0
