media_id,pull_date,caption,media_type,product_type,permalink,timestamp,like_count,comments_count,reach,likes,comments,saved,shares,total_interactions,views,avg_watch_time_sec,total_watch_time_sec,post_type,publish_date_est,publish_year,publish_month,publish_month_name,publish_weekday,publish_hour_est,publish_time_label,engagement_rate,engagement_rate_followers,rewatch_rate,profile_visits,follows
18014195174667172,2026-09-05,"Welcome to the spring semester panthers ⭐️  We’re excited to be back on campus and kicking off the semester with our spring kickoff week, come meet our team at our table!  Don’t miss our first General Body Meeting this Friday we’ll have food and swag for everyone who comes.  #weareinit #miamitechnology #fiu #init #miami #diversityintech #technology #internship #collegelife #computerscience #cybersecurity #informationtechnology #womenintech",CAROUSEL_ALBUM,FEED,https://www.instagram.com/p/DEiHjQ-vjB7/,2025-01-07T17:40:26+0000,118,5,1845.0,118.0,5.0,4.0,6.0,133,3702.0,,,IG carousel,2025-01-07,2025,1,January,Tuesday,12,12 PM,7.209,2.166,2.007,40.0,2.0
18033752147179084,2026-09-05,"Ready to launch your tech career?   Join us at the INIT Spring Kickoff Meeting this Friday. Connect with our amazing community, explore opportunities in technology, and enjoy free food and swag! 🌟  Don’t miss out—open to everyone! See you there!  #FIU #INIT #TechCommunity #SpringKickoff #TechCareers #FIUEngineering #FIUSCIS #Innovation #Networking #TechOpportunities #WeAreINIT #KnightFoundation #StudentLife #futureintech",CAROUSEL_ALBUM,FEED,https://www.instagram.com/p/DEknu1GuPp-/,2025-01-08T17:00:00+0000,144,1,2071.0,144.0,1.0,4.0,11.0,160,4038.0,,,IG carousel,2025-01-08,2025,1,January,Wednesday,12,12 PM,7.726,2.605,1.95,41.0,1.0
18052310417027359,2026-09-05,Ever been curious about creating your own video game? 🎮  Join us for our Intro to Game Development workshop this Thursday! We’ll provide you with the tools and guidance you need to start building and succeeding at game development. Don’t miss out! 👾  #FIU #INIT #Gamingworkshop #TechBasics #gamebuilding #WeAreINIT #FIUEngineering #FIUSCIS #CodingCommunity #KnightFoundation #womenintech #cybersecurity #computerscience #artificialintelligence,CAROUSEL_ALBUM,FEED,https://www.instagram.com/p/DExfu6WO8U7/,2025-01-13T17:00:00+0000,104,1,1528.0,104.0,1.0,4.0,8.0,117,3086.0,,,IG carousel,2025-01-13,2025,1,January,Monday,12,12 PM,7.657,1.905,2.02,29.0,0.0
18097623121500963,2026-09-05,Have you ever wanted to learn how to use Github?  Join us for the Intro to GitHub Workshop! This beginner-friendly session will teach you the basics of GitHub and help you kickstart your journey in version control. 🚀  Open to everyone—no prior experience needed! Let’s explore GitHub together.  *Time & Location has been updated as shown on poster*  #FIU #INIT #GitHubWorkshop #TechBasics #VersionControl #WeAreINIT #FIUEngineering #FIUSCIS #CodingCommunity #knightfoundation,CAROUSEL_ALBUM,FEED,https://www.instagram.com/p/DEyCBnDPIzR/,2025-01-13T22:00:00+0000,54,1,1033.0,54.0,1.0,0.0,3.0,58,2358.0,,,IG carousel,2025-01-13,2025,1,January,Monday,17,5 PM,5.615,0.944,2.283,22.0,0.0
18479867923001146,2026-09-05,"Curious about the different career paths and wondering which one is right for you?  Our Reach program is here to help! Join this workshop to explore your options and find the perfect path for you. Ready, set, plan your future!📙  #CareerPath #CareerGoals #CareerPlanning #ReachProgram #FIU #WeAreINIT #TechCareers #FutureReady #CareerWorkshop #PlanYourFuture #FIUStudents #Networking #ProfessionalDevelopment #FIUEngineering #knightfoundation",CAROUSEL_ALBUM,FEED,https://www.instagram.com/p/DE0Ek0lO-tl/,2025-01-14T17:00:00+0000,50,2,1138.0,50.0,2.0,2.0,4.0,58,2448.0,,,IG carousel,2025-01-14,2025,1,January,Tuesday,12,12 PM,5.097,0.944,2.151,25.0,0.0
18034541831404026,2026-09-05,Get a sneak peak into this year’s 2025 E-Board members 🤭  Comment down below who is your favorite E-Board member!  #FIU #INIT #E-Board #TechBasics #womenintech #WeAreINIT #FIUEngineering #FIUSCIS #CodingCommunity #knightfoundation #technology #computerscience,VIDEO,REELS,https://www.instagram.com/reel/DE1W73quVOn/,2025-01-15T05:00:00+0000,228,3,3201.0,228.0,3.0,1.0,16.0,248,7109.0,17.74,75542.54,IG reel,2025-01-15,2025,1,January,Wednesday,0,12 AM,7.748,4.038,2.221,,
18329405998087318,2026-09-05,"Ready to lead and build your skills? ⭐️  Join INIT Build as a Team Lead and turn ideas into reality! Lead a team, gain hands-on experience, and showcase your project to industry professionals. Plus, boost your resume and career prospects! 💻🚀  Don’t wait—start your leadership journey now!  #INITBuild #Leadership #TechProjects #FIU #WeAreINIT #HandsOnLearning #TechCommunity #Networking #FIUEngineering #knightfoundation",CAROUSEL_ALBUM,FEED,https://www.instagram.com/p/DE5OIPuN7Oq/,2025-01-16T17:00:00+0000,92,4,1664.0,92.0,4.0,7.0,11.0,114,3694.0,,,IG carousel,2025-01-16,2025,1,January,Thursday,12,12 PM,6.851,1.856,2.22,35.0,0.0
17853791541367462,2026-09-05,"Want to level up your skills and build your resume? Our Explore program is here for you!  Pick a track—AI, game dev, web dev, or hardware—and start building real projects through hands-on workshops. Gain skills, grow your resume, and have fun doing it! 🔧🎮  Don’t miss out—kickstart your tech journey today!  #ExploreProgram #TechSkills #LearnAndBuild #FIU #WeAreINIT #TechWorkshops #HandsOnLearning #AI #GameDev #WebDev #hardware",CAROUSEL_ALBUM,FEED,https://www.instagram.com/p/DE-fXKlvtcG/,2025-01-18T18:07:14+0000,104,7,1446.0,104.0,7.0,13.0,14.0,138,3216.0,,,IG carousel,2025-01-18,2025,1,January,Saturday,13,1 PM,9.544,2.247,2.224,31.0,1.0
18095964163454248,2026-09-05,"Ready to kick off the semester with some fun?   Join us for the Karaoke Kick-Off and enjoy karaoke and mocktails with friends! It’s the perfect way to connect, unwind, and start the year right. 🎶🍹  Open to everyone—don’t miss out!  #Karaoke #FIU #WeAreINIT #StudentLife #KickOffFun #KaraokeParty #CampusEvents #womenintech #computerscience #informationtechnology #cybersecurity",CAROUSEL_ALBUM,FEED,https://www.instagram.com/p/DFA5R75uq25/,2025-01-19T16:32:11+0000,80,9,1980.0,80.0,9.0,4.0,24.0,117,4071.0,,,IG carousel,2025-01-19,2025,1,January,Sunday,11,11 AM,5.909,1.905,2.056,48.0,0.0
17963044778845315,2026-09-05,Ready to build your first website?   Join us for our Intro to Web Dev Workshop and learn how to create a site step by step! No experience needed—just bring your curiosity and get ready to start coding. 🖱️✨  Open to everyone—let’s make something awesome together!  #WebDevelopment #LearnToCode #INITExplore #FIU #WeAreINIT #TechSkills #StudentLife #HandsOnLearning #CodingJourney #techcommunity,CAROUSEL_ALBUM,FEED,https://www.instagram.com/p/DFDwnluP9s5/,2025-01-20T19:14:13+0000,42,8,1200.0,42.0,8.0,3.0,6.0,59,2475.0,,,IG carousel,2025-01-20,2025,1,January,Monday,14,2 PM,4.917,0.961,2.062,14.0,2.0
18023449964350538,2026-09-05,How many did you get right?  #computerscience #miami #fiu #technology #interview #programminglanguage #floridainternationaluniversity,VIDEO,REELS,https://www.instagram.com/reel/DFGGH50vzPw/,2025-01-21T17:00:00+0000,212,21,2757.0,212.0,21.0,9.0,17.0,259,5140.0,17.14,54463.32,IG reel,2025-01-21,2025,1,January,Tuesday,12,12 PM,9.394,4.218,1.864,,
17852795715378162,2026-09-05,Ever wanted to create your own game character? Now’s your chance!   Join our Game Dev Workshop and learn step-by-step how to bring your player character to life with scripting and creativity. 🕹️✨  No experience? No problem—this workshop is for everyone! Let’s get building!  #GameDev #LearnToCode #INITExplore #FIU #WeAreINIT #TechWorkshops #CreativeCoding #GamingCommunity #StudentLife,CAROUSEL_ALBUM,FEED,https://www.instagram.com/p/DFGeLqZPTII/,2025-01-21T20:30:00+0000,47,3,1105.0,47.0,3.0,2.0,11.0,63,2350.0,,,IG carousel,2025-01-21,2025,1,January,Tuesday,15,3 PM,5.701,1.026,2.127,16.0,0.0
18075068449648621,2026-09-05,"Ready to ace your interviews?   Join us for Technical Interview Prep and learn how to confidently tackle string problems, step by step—even if you’re just starting out! Perfect for beginners and open to everyone. Let’s tackle this together! 🚀  #technicalinterview #practice #INITReach #fiu #weareinit #tech #handsonlearning #leetcode",CAROUSEL_ALBUM,FEED,https://www.instagram.com/p/DFGhjTnOwNU/,2025-01-22T17:00:00+0000,45,0,900.0,45.0,0.0,2.0,1.0,48,2132.0,,,IG carousel,2025-01-22,2025,1,January,Wednesday,12,12 PM,5.333,0.782,2.369,15.0,0.0
18036310979153312,2026-09-05,Dreaming of designing your own website? This is your moment!  Join our Web Dev: Intro to HTML/CSS workshop and learn how to use these powerful tools to create stunning web pages. 🌐✨  No experience? No problem-this hands-on workshop is open to everyone. Let’s bring your ideas to life!  #webdevelopment #htm|cssbasics #INITExplore #FIU #WeAreINIT #techworkshop #creativecoding #studentlife,CAROUSEL_ALBUM,FEED,https://www.instagram.com/p/DFLPs3qP3Eu/,2025-01-23T17:00:00+0000,57,0,1031.0,57.0,0.0,3.0,9.0,69,2382.0,,,IG carousel,2025-01-23,2025,1,January,Thursday,12,12 PM,6.693,1.124,2.31,27.0,0.0
17922263369917350,2026-09-05,Tell us your favorite part about being in INIT?🤭⬇️  #weareinit #cybersecurity #womenintech #computerscience #miami #technology #career #instatech #board #tech #fiu #floridainternationaluniversity,VIDEO,REELS,https://www.instagram.com/reel/DFNblH0uIof/,2025-01-24T13:24:20+0000,100,5,2363.0,100.0,5.0,3.0,48.0,156,5011.0,8.88,30150.09,IG reel,2025-01-24,2025,1,January,Friday,8,8 AM,6.602,2.54,2.121,,
17855775441306049,2026-09-05,Ever wanted to teach a computer how to think? Or at least how to recommend the best pizza toppings? 🍕🤖  Join our Intro AI workshop and learn how to use Python to build your own AI. This beginner-friendly session will guide you step-by-step in creating something amazing with AI  No experience needed—just bring your curiosity and get ready to learn!  #initfiu #init #machinelearning #ai #fiu #deepthinking #computerscience,CAROUSEL_ALBUM,FEED,https://www.instagram.com/p/DFRQMiqPSX7/,2025-01-26T01:00:17+0000,167,2,3776.0,167.0,2.0,17.0,29.0,215,8151.0,,,IG carousel,2025-01-25,2025,1,January,Saturday,20,8 PM,5.694,3.501,2.159,37.0,3.0
18318051151166713,2026-09-05,Ready to bring game characters to life that are more interesting than your friends in group chats? This is your moment!🕹️✨  Join our Game Dev: Create Your Own NPC workshop and learn how to design engaging and interactive NPCs to bring your game to life.  No experience? No problem—this hands-on workshop is open to everyone. Let’s make your game world unforgettable!  #games #gamedevelopment #npcdesign #initexplore #fiu  #WeAreINIT #techworkshop #creativecoding #studentlife,CAROUSEL_ALBUM,FEED,https://www.instagram.com/p/DFT7YWKO4gP/,2025-01-27T01:56:07+0000,88,1,1236.0,88.0,1.0,2.0,3.0,94,2724.0,,,IG carousel,2025-01-26,2025,1,January,Sunday,20,8 PM,7.605,1.531,2.204,24.0,0.0
18059307697793002,2026-09-05,"Ready to land your dream job or internship? The Spring Career Fair is coming up fast-make sure your resume and Linkedin are ready to impress!🧳✨  Join our Resume & LinkedIn Review workshop and get expert feedback to help you stand out to recruiters. Whether you need a full revamp or just a few tweaks, we’ve got you covered!  Not much experience on your resume? It’s okay! This hands-on workshop is open to everyone. Let’s get career-fair ready and set yourself up for success!  #career #resume #linkedin #springcareerfair #initreach #fiu #networking",CAROUSEL_ALBUM,FEED,https://www.instagram.com/p/DFYHodSOkkl/,2025-01-28T17:00:00+0000,58,0,903.0,58.0,0.0,5.0,1.0,64,2232.0,,,IG carousel,2025-01-28,2025,1,January,Tuesday,12,12 PM,7.087,1.042,2.472,18.0,0.0
18053544731089083,2026-09-05,"Ever wanted to build your own robot army? Okay, maybe just one friendly robot to start with?🤖✨  Join our Intro to Robotics workshop and learn how to build and control your own hardware. No experience needed—just bring your curiosity (and maybe a little imagination for world domination)!  #weareinit #init #robotics #hardware #tech #computerscience #initexplore #fiu",CAROUSEL_ALBUM,FEED,https://www.instagram.com/p/DFascEEu411/,2025-01-29T17:00:00+0000,54,0,1056.0,54.0,0.0,3.0,10.0,67,2435.0,,,IG carousel,2025-01-29,2025,1,January,Wednesday,12,12 PM,6.345,1.091,2.306,23.0,0.0
18057437090084874,2026-09-05,"Ever wanted to meet the brains behind INIT’s biggest projects? Or find the perfect team to bring your ideas to life? 🚀🔥  Join our Team Lead Mixer and connect with INIT Build Leads and potential team members. Whether you’re looking to lead, collaborate, or just network with like-minded innovators, this is the place to be!  No experience? No problem—everyone is welcome. Let’s build something amazing together! 💡✨  #INITBuild #INITExplore #FIU #WeAreINIT #technetworking #leadership #innovation",CAROUSEL_ALBUM,FEED,https://www.instagram.com/p/DFbpdC9uLRr/,2025-01-30T01:53:23+0000,73,2,1240.0,73.0,2.0,1.0,6.0,82,2656.0,,,IG carousel,2025-01-29,2025,1,January,Wednesday,20,8 PM,6.613,1.335,2.142,29.0,0.0
18033337739444982,2026-09-05,"🔐 Want to break into cybersecurity? The INIT x MITRE Security Workshop is your chance to connect with industry experts and learn how to protect the digital world!  Get hands-on insights into the latest cybersecurity trends, network with professionals, and discover how you can level up your skills in this fast-growing field. Whether you’re just starting or already diving into security, this workshop is for you!  No prior experience needed—just bring your curiosity and get ready to explore the world of cybersecurity!  #cybersecurity #INITxMITRE #techworkshop #fiu #networking #cybersec",CAROUSEL_ALBUM,FEED,https://www.instagram.com/p/DFdRTE_Owrw/,2025-01-30T17:00:00+0000,94,0,1376.0,94.0,0.0,8.0,20.0,122,2986.0,,,IG carousel,2025-01-30,2025,1,January,Thursday,12,12 PM,8.866,1.987,2.17,33.0,0.0
17973739736687020,2026-09-05,"Ever wanted to make your website actually listen? Or at least stop breaking over a missing semicolon? 😆💻  Learn the fundamentals of JavaScript and how to bring websites to life with dynamic features. Whether you’re new to coding or looking to sharpen your skills, this hands-on session is for you!  No experience? No problem! Just bring your curiosity and get ready to code.  #webdevelopment #javascript #INITExplore #FIU #codingworkshop #learntocode",CAROUSEL_ALBUM,FEED,https://www.instagram.com/p/DFdsubUuMpI/,2025-01-30T21:00:00+0000,56,1,953.0,56.0,1.0,5.0,9.0,71,2221.0,,,IG carousel,2025-01-30,2025,1,January,Thursday,16,4 PM,7.45,1.156,2.331,26.0,0.0
18055304510092330,2026-09-05,Let us know what should we ask students next? ⤵️  #weareinit #career #cybersecurity #computerscience #miami #technology #java #assembly #python #css #html #programming,VIDEO,REELS,https://www.instagram.com/reel/DFf1pxyJ7of/,2025-01-31T17:06:39+0000,196,11,4017.0,196.0,11.0,4.0,17.0,228,7215.0,15.23,73031.28,IG reel,2025-01-31,2025,1,January,Friday,12,12 PM,5.676,3.713,1.796,,
18057057982995654,2026-09-05,Every wanted to build a team project from idea to launch? 🚀   This is your opportunity to work in a team and make that project come to life in just nine weeks! You will also be able to build your resume with this experience. Link to register in Bio!!  Open to everyone - Take advantage of this once in a semester opportunity 🌟  #floridainternationaluniversity #applicationsopen #teamwork #womenintech #computerscience #artificialintelligence #webdeveloper #gamedevelopment,CAROUSEL_ALBUM,FEED,https://www.instagram.com/p/DFgfBFFPVc2/,2025-01-31T22:58:23+0000,77,1,1623.0,77.0,1.0,6.0,14.0,98,3444.0,,,IG carousel,2025-01-31,2025,1,January,Friday,17,5 PM,6.038,1.596,2.122,31.0,1.0
18044685254335279,2026-09-05,"Curious about how AI knows what you need before you do? Or how it picks the perfect playlist? 🎶🤖  Join our AI Foundations workshop and uncover the magic behind AI! Learn the key algorithms that power today’s technology and start your journey into the world of artificial intelligence.  No experience? No worries—this workshop is fun, hands-on, and open to everyone. Let’s turn your curiosity into creation!   #ai #aifoundation #initexplore #fiu #techworkshop #machinelearning",CAROUSEL_ALBUM,FEED,https://www.instagram.com/p/DFia2a6uKOm/,2025-02-01T17:00:00+0000,42,0,795.0,42.0,0.0,0.0,3.0,45,2084.0,,,IG carousel,2025-02-01,2025,2,February,Saturday,12,12 PM,5.66,0.733,2.621,10.0,0.0
18046360250191795,2026-09-05,"Ever wanted to create a game mode so good that even the NPCs would high-five you? Or design a multiplayer experience your friends won’t stop talking about? 🎮✨  Join our Create Your Own Game Mode workshop and turn your gaming ideas into reality! Learn how to build custom game modes for Player and NPC battles in a fun, hands-on session.  No experience? No problem—this workshop is open to everyone. Let’s level up your game design skills! 💡🚀  #gamedevelopment #INITExplore #FIU #WeAreINIT #techworkshop #gamedesign #studentlife",CAROUSEL_ALBUM,FEED,https://www.instagram.com/p/DFk_oduObSK/,2025-02-02T17:00:00+0000,44,0,840.0,44.0,0.0,0.0,2.0,46,2022.0,,,IG carousel,2025-02-02,2025,2,February,Sunday,12,12 PM,5.476,0.749,2.407,9.0,0.0
18061348783755479,2026-09-05,"Ever feel like graph problems are just a cruel joke by interviewers? Or that BFS and DFS are just fancy ways to get lost? 😆🧩  Join us for Graph-Based Interview Prep, where you’ll finally conquer graph problems and master key algorithms to ace your next technical interview. No more wandering through cycles—let’s find the shortest path to success!  #graphtheory #codinginterview #algorithm #INITReach #FIU #techprep #DSA",CAROUSEL_ALBUM,FEED,https://www.instagram.com/p/DFnkdTWumQR/,2025-02-03T17:00:00+0000,48,0,934.0,48.0,0.0,1.0,32.0,81,2255.0,,,IG carousel,2025-02-03,2025,2,February,Monday,12,12 PM,8.672,1.319,2.414,28.0,0.0
18489519784029661,2026-09-05,What series would you guys like to see next? 🔥  #weareinit #computerscience #cybersecurity #artificialintelligence #interviewquestions #programming #floridainternationaluniversity,VIDEO,REELS,https://www.instagram.com/reel/DFq4JbBvoNw/,2025-02-04T23:54:55+0000,161,10,2933.0,161.0,10.0,10.0,18.0,199,5711.0,16.47,62006.5,IG reel,2025-02-04,2025,2,February,Tuesday,18,6 PM,6.785,3.241,1.947,,
18049790950960390,2026-09-05,"Ever wanted to build your own R2-D2? Or at least make an LED blink without setting something on fire? 🤖💡  Join us for Arduino Fundamentals, where you’ll learn how to bring circuits to life and create interactive projects from scratch!  No experience? No problem-just bring your curiosity, ano we’ll make the magic happen (safely, hopefully).  #arduino #electronic #techmagic #INITExplore #FIU #hardwarehack #buildsomethingcool",CAROUSEL_ALBUM,FEED,https://www.instagram.com/p/DFvSymEO-lc/,2025-02-06T17:00:00+0000,57,2,906.0,57.0,2.0,4.0,4.0,67,2156.0,,,IG carousel,2025-02-06,2025,2,February,Thursday,12,12 PM,7.395,1.091,2.38,20.0,2.0
18116160583439584,2026-09-05,Not all love letters are written… some are crafted 💌  Join us this Thursday for our Valentine’s event! Link in bio.  #weareinit #wics #womenintech #cybersecurity #valentinesevent #loveletter #mail #floridainternationaluniversity,VIDEO,REELS,https://www.instagram.com/reel/DFx812rPJhx/,2025-02-07T17:52:00+0000,118,13,2193.0,118.0,13.0,6.0,28.0,165,4612.0,7.27,22888.52,IG reel,2025-02-07,2025,2,February,Friday,12,12 PM,7.524,2.687,2.103,,
18482365549032283,2026-09-05,"Ever wished you could see your music move?Imagine your beats transforming into mesmerizing visuals—and you built it. 🎶💡✨  Join us for a hands-on session where you’ll create a Spotify Visualizer using HTML, CSS, and JavaScript! Whether you’re a coding newbie or a web dev pro, this workshop will bring your music to life like never before.   No experience needed—just bring your creativity and let’s make magic happen!  #webdevelopment #javascript #spotifyvisualizer #INITExplore #FIU #creativecoding #musictech",CAROUSEL_ALBUM,FEED,https://www.instagram.com/p/DF0cavIulxu/,2025-02-08T17:00:00+0000,78,0,1014.0,78.0,0.0,5.0,5.0,88,2377.0,,,IG carousel,2025-02-08,2025,2,February,Saturday,12,12 PM,8.679,1.433,2.344,17.0,0.0
18058454497826099,2026-09-05,Ever wished you could predict house prices like a real estate genius? Or at least know if that Zillow listing is actually a good deal? 🏡📊  Learn how to build a House Price Predictor with AI! This hands-on session will teach you the fundamentals of machine learning and real estate price forecasting.   No prior experience needed—just bring your curiosity and get ready to code!  #ai #machinelearning #realestate #houseprices #INITExplore #FIU #datascience #codingworkshop,CAROUSEL_ALBUM,FEED,https://www.instagram.com/p/DF3BM01uas4/,2025-02-09T17:00:00+0000,54,0,942.0,54.0,0.0,2.0,8.0,64,2308.0,,,IG carousel,2025-02-09,2025,2,February,Sunday,12,12 PM,6.794,1.042,2.45,16.0,0.0
18078259384722597,2026-09-05,"Ever wished you could craft the perfect Valentine’s gift without the glitter disaster? Or at least make something that says “I care” without breaking the bank? 💘🎨  Join us for LOVE, CRAFTED with INIT x WiCS! We’ve got Valentine’s crafts, sweet treats, and tons of fun waiting for you.  No crafting expertise needed—just bring your creativity and your sweet tooth! 🍭✨  #valentinesday #craftwithlove #INITxWiCS #FIU #lovecrafted #studentlife #campusevents",CAROUSEL_ALBUM,FEED,https://www.instagram.com/p/DF5ohzNJ0KG/,2025-02-10T17:22:31+0000,111,3,1953.0,111.0,3.0,4.0,12.0,130,4251.0,,,IG carousel,2025-02-10,2025,2,February,Monday,12,12 PM,6.656,2.117,2.177,13.0,0.0
18375352624186344,2026-09-05,"Your resume is your first impression. Your elevator pitch is your chance to stand out. Are you ready?💼  Join us for Career Fair Ready & Elevator Pitch, where you’ll learn how to refine your resume, optimize your Linkedin, and confidently introduce yourself to recruiters. Make every interaction count and take the next step toward your career goals.  #careerfair #resumetips #LinkedIn #elevatorpitch #INITReach #FIU #networking #jobsearch",CAROUSEL_ALBUM,FEED,https://www.instagram.com/p/DF8XW70vDjB/,2025-02-11T18:50:12+0000,50,0,1231.0,50.0,0.0,0.0,5.0,55,2668.0,,,IG carousel,2025-02-11,2025,2,February,Tuesday,13,1 PM,4.468,0.896,2.167,19.0,0.0
17947705235927226,2026-09-05,Did you figure out the date? Drop it below 🫣🤭  #cybersecurity #technology #fiu #weareinit #somethingnewiscooking #computerscience,VIDEO,REELS,https://www.instagram.com/reel/DF_rocVpIr9/,2025-02-13T01:53:39+0000,113,10,1746.0,113.0,10.0,5.0,18.0,146,3892.0,9.8,23736.71,IG reel,2025-02-12,2025,2,February,Wednesday,20,8 PM,8.362,2.377,2.229,,
18262803037259428,2026-09-05,"Ever wanted to bring your hardware to life—like a real-life WALL-E? 🤖✨ Or at least get it to do more than just sit there collecting dust?   Join us for a hands-on session where you’ll unlock the magic of I/O and real-world hardware control! Whether you’re a beginner or already building the next generation of robots, this workshop is for you.   No experience? No problem—just bring your curiosity and let’s make some tech come alive!  #hardware #machine #robot #INITExplore #FIU #techworkshop #buildthefuture",CAROUSEL_ALBUM,FEED,https://www.instagram.com/p/DF-vpaWOQGn/,2025-02-13T17:00:00+0000,32,0,814.0,32.0,0.0,2.0,2.0,36,2005.0,,,IG carousel,2025-02-13,2025,2,February,Thursday,12,12 PM,4.423,0.586,2.463,12.0,0.0
18060065410806125,2026-09-05,Happy Valentine's from the INIT. We hope your day is filled with love and endless possibilities. ❤️  #valentinesDay #WeareINIT #init #fiu,CAROUSEL_ALBUM,FEED,https://www.instagram.com/p/DGEJe4bv5Y3/,2025-02-14T19:22:53+0000,87,1,1586.0,87.0,1.0,0.0,23.0,111,3476.0,,,IG carousel,2025-02-14,2025,2,February,Friday,14,2 PM,6.999,1.808,2.192,53.0,0.0
18057213115989871,2026-09-05,Ever wished you could predict stock prices like a fortune teller? Or at least not panic every time the market dips? 📉📈  Learn how to predict stock prices using advanced ML models! This hands-on session will teach you the fundamentals of machine learning for financial forecasting. No prior experience needed—just bring your curiosity and get ready to code!  #ml  #machinelearning #stockmarket #financetech #INITExplore #FIU #datascience #codingworkshop,CAROUSEL_ALBUM,FEED,https://www.instagram.com/p/DGGd7z0OUOp/,2025-02-15T17:00:00+0000,86,2,1234.0,86.0,2.0,6.0,19.0,113,3005.0,,,IG carousel,2025-02-15,2025,2,February,Saturday,12,12 PM,9.157,1.84,2.435,31.0,0.0
18027685817626796,2026-09-05,"Struggling to escape the endless loop of recursion confusion? 🔄😵 Or just want to level up your problem-solving skills for tech interviews?  Learn recursion for tech interviews by solving problems from simple to advanced! This hands-on session will break it down step by step, so you can ace those tricky coding questions with confidence. No prior recursion mastery required—just bring your curiosity and get ready to code!  #recursion #coding #codinginterview #techprep #fiu #WeAreINIT #dsa #codingworkshop #techcareers",CAROUSEL_ALBUM,FEED,https://www.instagram.com/p/DGLnkvjOoPw/,2025-02-17T17:00:00+0000,46,0,1058.0,46.0,0.0,3.0,12.0,61,2397.0,,,IG carousel,2025-02-17,2025,2,February,Monday,12,12 PM,5.766,0.993,2.266,11.0,0.0
18092483344541216,2026-09-05,"🚀 Ready to BUILD something great? 🔧💡 Meet our 2025 BUILD Team Leads!  These leaders are ready to innovate, collaborate, and guide teams in building amazing projects.   #weareinit #build #Build2025 #leadership #innovation #teamwork #init",CAROUSEL_ALBUM,FEED,https://www.instagram.com/p/DGQxM7EuXhO/,2025-02-19T17:00:00+0000,133,3,2130.0,133.0,3.0,1.0,26.0,163,4907.0,,,IG carousel,2025-02-19,2025,2,February,Wednesday,12,12 PM,7.653,2.654,2.304,58.0,1.0
17955040328783623,2026-09-05,"Ever wanted to build your own VPN? Now’s your chance! 🌐  Join INIT x AWS as Bryant Pickford walks you through designing a secure, private network in the cloud. No experience needed—just bring your curiosity! 🚀  #INITxAWS #VPNWorkshop #CloudNetworking #CyberSec #FIU",CAROUSEL_ALBUM,FEED,https://www.instagram.com/p/DGeO7Ovv6mo/,2025-02-24T22:30:42+0000,131,3,1588.0,131.0,3.0,14.0,11.0,159,3592.0,,,IG carousel,2025-02-24,2025,2,February,Monday,17,5 PM,10.013,2.589,2.262,25.0,0.0
18017731532667132,2026-09-05,We have been keeping this secret for quite some time 🫣  More info will be coming out soon...  #floridainternationaluniversity #comingsoon #somethingnew #tech #computerscience #cybersecurity,IMAGE,FEED,https://www.instagram.com/p/DGi693xPM6T/,2025-02-26T18:12:30+0000,90,3,1394.0,90.0,3.0,2.0,7.0,102,2751.0,,,IG image,2025-02-26,2025,2,February,Wednesday,13,1 PM,7.317,1.661,1.973,41.0,0.0
18314222434201752,2026-09-05,"Struggling to make your Roomba do more than just bump into walls? 🤖💥 Or just want to finally say you’ve built a robot (without duct tape and hope)?  Learn to build your own mini robot in this hands-on workshop! No skills required—just bring your curiosity (and maybe a tiny bit of fear for the robot uprising 👀). We’ll break it down step by step, so you can bring your creation to life!  #robotics #coding #tech #STEM #FIU #WeAreINIT #engineering #robotworkshop #technology",CAROUSEL_ALBUM,FEED,https://www.instagram.com/p/DGlXetEv6Jh/,2025-02-27T17:00:00+0000,49,1,921.0,49.0,1.0,3.0,3.0,56,2219.0,,,IG carousel,2025-02-27,2025,2,February,Thursday,12,12 PM,6.08,0.912,2.409,12.0,1.0
18057028334084982,2026-09-05,Any clues yet what it might be? 🤭  Exclusive Launch Event this Wednesday don’t miss out! 🔒  #computerscience #trendingreels #floridainternationaluniversity #womenintech #cybersecurity #technology,VIDEO,REELS,https://www.instagram.com/reel/DGn-J-1pphb/,2025-02-28T17:17:54+0000,179,7,3555.0,179.0,7.0,5.0,20.0,211,7627.0,10.45,52828.45,IG reel,2025-02-28,2025,2,February,Friday,12,12 PM,5.935,3.436,2.145,,
18064330018744143,2026-09-05,"Explore Web Dev is back! 🚀💻  Missed out last time? No worries—Web Dev 101 is here again to help you set up your dev tools and get started! Whether you’re a total beginner or a seasoned coder, we’ve got you covered. 🔥  No experience needed—just bring your laptop and your curiosity! We’ll walk you through everything step by step so you can start coding with confidence.  #WebDev101 #ExploreWebDev #Coding #Tech #STEM #FIU #WeAreINIT #LearnToCode #WebDevelopment",CAROUSEL_ALBUM,FEED,https://www.instagram.com/p/DGoem8Nv8mQ/,2025-02-28T22:00:00+0000,46,1,966.0,46.0,1.0,4.0,3.0,54,2404.0,,,IG carousel,2025-02-28,2025,2,February,Friday,17,5 PM,5.59,0.879,2.489,11.0,0.0
18022799393436424,2026-09-05,"Halfway through the build—time to kick it into high gear! 🚀  The Mid-Build Hackathon is your chance to collaborate with your team, make serious progress, and get ahead before finals hit. Work, debug, and grind—it’s all about pushing your project to the next level!   Only for Build members—see you there! 👀  #HackathonVibes #TechProjects #FIU #WeAreINIT #BuildAndGrind #Teamwork #CodingNight #computerscience",CAROUSEL_ALBUM,FEED,https://www.instagram.com/p/DGtKsNzPlhD/,2025-03-02T17:42:18+0000,48,0,980.0,48.0,0.0,1.0,3.0,52,2339.0,,,IG carousel,2025-03-02,2025,3,March,Sunday,12,12 PM,5.306,0.847,2.387,11.0,0.0
18350659633199741,2026-09-05,"The battlefield is set- Will you answer the call? 🫡  The INIT Exclusive Launch Event is almost here! Be there as we introduce something exciting, set the stage for what’s to come, and kick things off in a big way. This is just the beginning—don’t miss your chance to be part of it from day one!  Only for those ready to take INIT to the next level—see you there! 👀  #INIT #comingsoon #launchevent #newbegginings #techlaunch #getready #staytune #nextlevel",IMAGE,FEED,https://www.instagram.com/p/DGvqsGsNMpm/,2025-03-03T17:00:00+0000,35,1,1039.0,35.0,1.0,1.0,4.0,41,2083.0,,,IG image,2025-03-03,2025,3,March,Monday,12,12 PM,3.946,0.668,2.005,14.0,0.0
17944080506952108,2026-09-05,You won’t want to miss out on this!! ⭐️  Register for this event on our link in the bio  #weareinit #computerscience #aws #amazon #womenintech #floridainternationaluniversity #cybersecurity,VIDEO,REELS,https://www.instagram.com/reel/DGyjtVpxFOH/,2025-03-04T20:01:06+0000,137,17,2181.0,137.0,17.0,6.0,37.0,197,4339.0,12.36,31420.0,IG reel,2025-03-04,2025,3,March,Tuesday,15,3 PM,9.033,3.208,1.989,,
17881208637250001,2026-09-05,"Shape the future of INIT—Committee Applications Now Open! 🚀  Ready to make an impact? Join an INIT committee and help shape the future of our community! Whether you’re passionate about building, marketing, outreach, or engagement, there’s a place for you.  ✅ Gain leadership experience ✅ Work with an amazing team ✅ Help bring INIT’s vision to life  This is your chance to step up and be part of something bigger. Apply now and take INIT to the next level!  #init #LeadWithINIT #CommitteeApplications #techcommunity #innovation #letsbuild #jointheteam",CAROUSEL_ALBUM,FEED,https://www.instagram.com/p/DGyPhx9tP0K/,2025-03-04T22:00:00+0000,142,2,1825.0,142.0,2.0,10.0,14.0,168,3958.0,,,IG carousel,2025-03-04,2025,3,March,Tuesday,17,5 PM,9.205,2.736,2.169,43.0,0.0
18036986495235753,2026-09-05,"Flag Ops Deployed—will you answer the call? 🎯  The mission is almost here! Be there as we infiltrate, exploit, and capture, setting the stage for what’s to come and kicking things off in a big way. This is just the beginning—don’t miss your chance to be part of it from day one!  Only for those ready to dominate the battlefield—see you on the front lines! ⚡🏴‍☠️  #CTF #FlagOps #missionready #hackthesystem #comingsoon",IMAGE,FEED,https://www.instagram.com/p/DG1WmX_OeKl/,2025-03-05T22:00:00+0000,54,1,993.0,54.0,1.0,3.0,6.0,64,2004.0,,,IG image,2025-03-05,2025,3,March,Wednesday,17,5 PM,6.445,1.042,2.018,20.0,0.0
18058919530859558,2026-09-05,Want to build a portfolio website but don’t know where to start? We got you!   Join our Portfolio Building w/ HTML workshop and learn how to structure your site using HTML elements. No experience needed—just bring your creativity and let’s get coding! 💻✨  Open to everyone—see you there!  #WebDev #PortfolioGoals #FIU #WeAreINIT #LearnToCode #HTMLBasics #TechSkills #studentlife #computerscience #informationtechnology #cybersecurity,CAROUSEL_ALBUM,FEED,https://www.instagram.com/p/DG5wsLbOUaU/,2025-03-07T15:05:00+0000,54,0,963.0,54.0,0.0,7.0,11.0,72,2211.0,,,IG carousel,2025-03-07,2025,3,March,Friday,10,10 AM,7.477,1.172,2.296,14.0,0.0
18087029242593240,2026-09-05,"You went to THAT workshop?! 🤖🔥 Relive the action from our ‘Build Your Own Mini Robot’ event! From circuits to coding, we brought robots to life.  #weareinit #initexplore #robot #robotics #hardware",VIDEO,REELS,https://www.instagram.com/reel/DG6U_AQPYn3/,2025-03-07T20:25:53+0000,83,0,1376.0,83.0,0.0,2.0,11.0,97,2840.0,7.53,13927.04,IG reel,2025-03-07,2025,3,March,Friday,15,3 PM,7.049,1.58,2.064,,
17926741581033781,2026-09-05,"Want to make games but don’t know where to start? Right now, you’re just jumping around like Mario without a platform—let’s fix that! 🍄🎮  Join Game Dev 101 and learn how to set up your tools and start building your own games. No experience needed—just bring your creativity and maybe a fire flower for extra power. 🔥💻  Open to everyone—don’t get stuck in a tutorial level forever! 🚀  #gamedev #levelup #FIU #WeAreINIT #1UpYourSkills #techskills #gamedevelopment #studentlife",CAROUSEL_ALBUM,FEED,https://www.instagram.com/p/DG8isjqOHgp/,2025-03-08T17:00:00+0000,31,0,744.0,31.0,0.0,1.0,17.0,49,1885.0,,,IG carousel,2025-03-08,2025,3,March,Saturday,12,12 PM,6.586,0.798,2.534,11.0,0.0
18051884129233844,2026-09-05,"Does your portfolio look like a Google Doc? 😬 No worries—we got you!  Join Portfolio Styling w/ CSS and learn how to turn your plain website into a stylish masterpiece. Beginners are more than welcome—no experience needed, just bring your creativity (and maybe say goodbye to Comic Sans forever). 🎨💻  Open to everyone—because bad design is a crime! 🚀  #cssglowup #FIU #WeAreINIT #learntocode #webdev #techskills #beginnerswelcome #stylematters",CAROUSEL_ALBUM,FEED,https://www.instagram.com/p/DG_BuPJuW2c/,2025-03-09T16:10:00+0000,62,2,1000.0,62.0,2.0,3.0,7.0,74,2334.0,,,IG carousel,2025-03-09,2025,3,March,Sunday,12,12 PM,7.4,1.205,2.334,11.0,0.0
18081579787623986,2026-09-05,We made this video so you’d stop procrastinating. 👀 Now go sign up! 🚀  No experience needed—just bring your creativity and join our awesome events!  #computerscience #init #fiu #technology #event #awesome #weareinit,VIDEO,REELS,https://www.instagram.com/reel/DHEu_zNvUfN/,2025-03-11T21:28:45+0000,60,11,1364.0,60.0,11.0,4.0,2.0,77,2999.0,6.38,11480.67,IG reel,2025-03-11,2025,3,March,Tuesday,17,5 PM,5.645,1.254,2.199,,
18100290217504171,2026-09-05,"Think you’ve got what it takes to dominate Game Day? 🎮🔥 Let’s find out!  Join us for an epic showdown of games, fun, and friendly competition! Whether you’re a casual player or a reigning champ, there’s a spot for you at the table. Bring your skills, your strategy, and maybe a little bit of luck! 🎱🏆  Tuesday, March 18 | 4–6 PM | GC Game Room  Open to everyone—because game night is better with a crowd! 🚀",CAROUSEL_ALBUM,FEED,https://www.instagram.com/p/DHGu-UsuDCj/,2025-03-12T16:00:00+0000,68,0,1049.0,68.0,0.0,0.0,16.0,84,2406.0,,,IG carousel,2025-03-12,2025,3,March,Wednesday,12,12 PM,8.008,1.368,2.294,18.0,0.0
18160842421340232,2026-09-05,Game preparation starts now ‼️  We have officially launched our New Capture the Flag Hackathon & it’s open to everyone!  Register for FlagOps now- Link is in our bio 🔥  #weareinit #capturetheflag #hackathon #cybersecurity #womenintech #computerscience,VIDEO,REELS,https://www.instagram.com/reel/DHOUaCEJ88X/,2025-03-15T14:54:31+0000,140,15,2350.0,140.0,15.0,6.0,25.0,186,4503.0,8.19,23030.69,IG reel,2025-03-15,2025,3,March,Saturday,10,10 AM,7.915,3.029,1.916,,
18117205126450482,2026-09-05,"Does your coding portfolio still have 200 lines of “print(‘Hello, World!’)”? 😬 No worries—we got you!  Join CREATE FLAPPY BIRD: GAME LOOP and learn how to build an endless loop script to bring your own Flappy Bird to life! 🕹️🐦  No experience needed—just bring your curiosity (and maybe prepare to rage quit when your bird keeps crashing). 🚀💻  Open to everyone—because game dev should be fun (even if Flappy Bird makes you cry). 😭🔥  #gamedeveloper #FIU #WeAreINIT #codingworkshops #flappybird #learntocode #techskills",CAROUSEL_ALBUM,FEED,https://www.instagram.com/p/DHTm6hrOWxl/,2025-03-17T16:00:00+0000,41,0,838.0,41.0,0.0,4.0,13.0,58,2088.0,,,IG carousel,2025-03-17,2025,3,March,Monday,12,12 PM,6.921,0.944,2.492,9.0,0.0
17857711653330640,2026-09-05,"Does AI still feel like magic to you? 🎩✨ No worries—we got you!  Join ARTIFICIAL INTELLIGENCE 101 and learn the basics of Python, set up essential tools, and test your skills with a fun review game! 🧠💻  No prior experience needed—just bring your curiosity (and maybe let AI do your homework… just kidding, or are we? 🤖).  Open to everyone—because understanding AI is the future! 🚀🔥  #AI101 #FIU #WeAreINIT #learnai #pythonbasics #techskills #futureready #machine learning",CAROUSEL_ALBUM,FEED,https://www.instagram.com/p/DHTm7tOOByY/,2025-03-17T16:00:00+0000,57,1,819.0,57.0,1.0,4.0,14.0,76,2035.0,,,IG carousel,2025-03-17,2025,3,March,Monday,12,12 PM,9.28,1.238,2.485,11.0,0.0
17982923270665316,2026-09-05,"🤖 Ever wanted to build your own robot army? (Just for fun, of course… 😏) No worries—we got you!  Join ROBOTICS 101 and learn the basics of robotics, electronics, and Arduino! Whether you’re a total beginner or already dreaming of building your own R2-D2, this workshop is for you! 🔧⚡  No experience needed—just bring your curiosity (and maybe a backup plan in case your robot takes over).  Open to everyone—because the future is robotic! 🚀🔥  #Robotics101 #FIU #WeAreINIT #arduino #learnelectronics #techskills #buildthefuture",CAROUSEL_ALBUM,FEED,https://www.instagram.com/p/DHWLxIrpwVe/,2025-03-18T16:00:00+0000,37,0,676.0,37.0,0.0,2.0,7.0,46,1786.0,,,IG carousel,2025-03-18,2025,3,March,Tuesday,12,12 PM,6.805,0.749,2.642,13.0,0.0
18387429880116082,2026-09-05,"🚀 Preparing for tech interviews? Capital One is here to help you land that dream job—and yes, there’s free Chick-fil-A too! 👀🍗  Join TECH INTERVIEW PREP to get insider tips, strategies, and confidence for your next coding interview. Because great prep = great results! 💻🔥  Open to everyone—because nailing an interview should be as satisfying as free food. 😉  #techinterviewprep #FIU #WeAreINIT #capitalone #codinginterview #acetheinterview #techcareers",CAROUSEL_ALBUM,FEED,https://www.instagram.com/p/DHYwjREudSY/,2025-03-19T16:00:00+0000,68,0,1182.0,68.0,0.0,2.0,20.0,90,3517.0,,,IG carousel,2025-03-19,2025,3,March,Wednesday,12,12 PM,7.614,1.466,2.975,5.0,2.0
17931842198901092,2026-09-05,"🚀 Is your portfolio looking a little… basic? Time for an upgrade!  Join UPGRADE PORTFOLIO W/ JAVASCRIPT and learn how to add interactivity, animations, and cool effects to make your portfolio stand out! 💻✨  No experience? No problem! Just bring your creativity and get ready to level up. 🚀🔥  Open to everyone—because your portfolio should work as hard as you do! 😉  #javascriptmagic #FIU #WeAreINIT #codingworkshop #webdev #portfolioglowup #learntocode",CAROUSEL_ALBUM,FEED,https://www.instagram.com/p/DHbVTlROs-W/,2025-03-20T16:00:00+0000,42,0,692.0,42.0,0.0,1.0,0.0,43,1906.0,,,IG carousel,2025-03-20,2025,3,March,Thursday,12,12 PM,6.214,0.7,2.754,8.0,0.0
18058457093020333,2026-09-05,"Tech Interviews + Free Chick-fil-A? Say Less! 👀🍗  Got a tech interview coming up? Or just here for the free food? Either way, we got you!  Join TECH INTERVIEW PREP with Capital One and learn how to ace your interviews while enjoying some Chick-fil-A. 💻🔥  📍 Insider tips 📍 Practice strategies 📍 Free food—because why not?  Don’t miss out! Register now through the link in our bio! 🚀  #capitalone #techinterview #codinginterview #techcareer #interview #networking #computerscience",VIDEO,REELS,https://www.instagram.com/reel/DHedI_4PZxG/,2025-03-21T21:10:59+0000,111,2,1657.0,111.0,2.0,15.0,21.0,149,3289.0,10.05,21266.35,IG reel,2025-03-21,2025,3,March,Friday,17,5 PM,8.992,2.426,1.985,,
18083766418615761,2026-09-05,"🤖 Thinking about getting into AI but don’t know where to start? No worries—we got you!  Join AI FUNDAMENTALS and learn about data types, AI models, and K-Nearest Neighbors (KNNs)! 📊🧠  No experience needed—just bring your curiosity (and maybe let AI predict your future while you’re at it). 🚀💻  Open to everyone—because understanding AI is the future! 🔥  #AIFundamentals #FIU #WeAreINIT #machinelearning #techskills #learnai #futureready",CAROUSEL_ALBUM,FEED,https://www.instagram.com/p/DHge_PRu1tz/,2025-03-22T16:00:00+0000,38,0,782.0,38.0,0.0,2.0,2.0,42,2103.0,,,IG carousel,2025-03-22,2025,3,March,Saturday,12,12 PM,5.371,0.684,2.689,17.0,0.0
18017658368691400,2026-09-05,"The battlefield is set. Are you ready to secure the flag? 🚨  INIT presents FlagOps—our official Capture The Flag (CTF) competition! 🚩  This competition will push you to think critically, work under pressure, and uncover vulnerabilities—just like real cybersecurity professionals.  Think you’ve got what it takes? Register now and dominate the battlefield! 🔥  #hackathon #capturetheflag #competition #winprizes #floridainternationaluniversity #weareinit",IMAGE,FEED,https://www.instagram.com/p/DHlog0JPW5d/,2025-03-24T16:00:00+0000,24,0,756.0,24.0,0.0,1.0,8.0,33,1812.0,,,IG image,2025-03-24,2025,3,March,Monday,12,12 PM,4.365,0.537,2.397,9.0,0.0
18305162254230975,2026-09-05,"If you’ve ever been stuck in a queue or stacked with assignments… you’re halfway there.  Come learn how stacks and queues actually work (in code, not in life). We’ll walk you through it with fun, hands-on coding—no stress, just good logic. 💻✨  #INITReach #StacksAndQueues #CSConcepts #LearnToCode #FIU #WeAreINIT #TechWorkshop #CodingMadeFun #computerscience",CAROUSEL_ALBUM,FEED,https://www.instagram.com/p/DHoNVHXOAJ5/,2025-03-25T16:00:00+0000,43,1,716.0,43.0,1.0,1.0,2.0,47,2005.0,,,IG carousel,2025-03-25,2025,3,March,Tuesday,12,12 PM,6.564,0.765,2.8,12.0,0.0
18076427752703248,2026-09-05,"Ever wondered how games make characters jump, fall, or flap just right?  In this workshop, you’ll break down the player physics behind Flappy Bird and build it yourself from the ground up. Let’s turn gravity into code!   #weareinit #floridainternationaluniversity #gamedeveloper #computerscience #cybersecurity",CAROUSEL_ALBUM,FEED,https://www.instagram.com/p/DHqyIMmOYGh/,2025-03-26T16:00:00+0000,23,0,740.0,23.0,0.0,2.0,4.0,29,1968.0,,,IG carousel,2025-03-26,2025,3,March,Wednesday,12,12 PM,3.919,0.472,2.659,5.0,0.0
18081100798649818,2026-09-05,"Want to try building something real with code? We’ve got you. 👾  Join us for Intro to Arduino— A hands-on workshop where you’ll learn the basics and start playing around with hardware. No experience? No problem. Just show up and start making cool stuff. ⚙️  It’s fun, beginner-friendly, and open to everyone!  #INITExplore #ArduinoWorkshop #HandsOnTech #FIU #WeAreINIT #BuildSomethingCool #fiu",CAROUSEL_ALBUM,FEED,https://www.instagram.com/p/DHvnHaGJek3/,2025-03-28T13:00:00+0000,57,0,820.0,57.0,0.0,3.0,15.0,75,2234.0,,,IG carousel,2025-03-28,2025,3,March,Friday,9,9 AM,9.146,1.221,2.724,14.0,0.0
18002062406751974,2026-09-05,Drop any questions you want to ask our INIT leaders! ⬇️  Next week they will be answering all your questions to help you navigate the world of internships. 🔍   #weareinit #computerscience #womenintech #career #internships #floridainternationaluniversity #fiu,VIDEO,REELS,https://www.instagram.com/reel/DHwK5YxJRCD/,2025-03-28T18:25:32+0000,104,6,1339.0,104.0,6.0,8.0,9.0,127,3161.0,10.84,21257.33,IG reel,2025-03-28,2025,3,March,Friday,14,2 PM,9.485,2.068,2.361,,
17899222683168770,2026-09-05,"Ever look at your electricity bill and think, “how did it get that high?”  Now’s your chance to build an AI model that helps predict it! Join us for a hands-on workshop where we’ll walk you through creating your own Electricity Bill Price Predictor using AI tools—no prior experience needed. ⚡💻  #INITExplore #AIBasics #ElectricityBillPredictor #FIU #WeAreINIT #HandsOnLearning #TechWorkshop",CAROUSEL_ALBUM,FEED,https://www.instagram.com/p/DHyL3NTJaBk/,2025-03-29T13:00:00+0000,47,0,1218.0,47.0,0.0,3.0,6.0,56,2910.0,,,IG carousel,2025-03-29,2025,3,March,Saturday,9,9 AM,4.598,0.912,2.389,13.0,0.0
17886253620240384,2026-09-05,"Ready to take your Flappy Bird game to the next level?🐥  Come through for Creating Flappy Bird: Game Mode—we’re building full-on Flappy clones, talking game logic, and yes… there will be pizza. Oh, and you might even snag some exclusive Explore merch. 🍕✨  #INITExplore #GameDevWorkshop #FlappyBirdClone #FIU #WeAreINIT #CodeAndCreate #PizzaAndProjects #TechWorkshops",CAROUSEL_ALBUM,FEED,https://www.instagram.com/p/DHzJrUQJsA9/,2025-03-29T22:00:00+0000,24,0,676.0,24.0,0.0,2.0,2.0,28,2138.0,,,IG carousel,2025-03-29,2025,3,March,Saturday,18,6 PM,4.142,0.456,3.163,10.0,0.0
18065651554778428,2026-09-05,"Trying to land that dream tech internship but not sure where to start? We got you!  Come to our Tech Intern Panel and hear directly from students who’ve interned at companies like Google, UKG, NVIDIA & Capital One. 💼🤭  Get real advice, ask your questions, and leave with tips you won’t find on Google.  #INITReach #TechInternPanel #InternshipTips #FIU #WeAreINIT #CareerGrowth #RealTalk #StudentTolntern",CAROUSEL_ALBUM,FEED,https://www.instagram.com/p/DH8gRRxuZRr/,2025-04-02T13:01:03+0000,58,0,1234.0,58.0,0.0,4.0,7.0,69,3004.0,,,IG carousel,2025-04-02,2025,4,April,Wednesday,9,9 AM,5.592,1.124,2.434,28.0,0.0
18075448597758859,2026-09-05,"You’ve been building all semester-now it’s time to kick back and compete (with snacks, of course)!  Build Game Day is here! Bring your team and play your favorite games, while we celebrate all the progress you’ve made. 🎮  #ComputerScience #TechStudents #Gaming #Student #FIUEvents #Teamwork #WeAreINIT",CAROUSEL_ALBUM,FEED,https://www.instagram.com/p/DH8fI2FPrPR/,2025-04-03T13:00:00+0000,74,0,1008.0,74.0,0.0,1.0,4.0,79,2760.0,,,IG carousel,2025-04-03,2025,4,April,Thursday,9,9 AM,7.837,1.286,2.738,15.0,0.0
18049180979339002,2026-09-05,"Tired of coding things you can’t see?  Pull up to Interacting with Your Hardware! and actually make stuff do things. Lights, sensors, buttons—we’re wiring it up and making it move. No experience needed, just come ready to build and vibe. 🔧✨  #INITExplore #HardwareVibes #FIU #WeAreINIT #HandsOnTech #BuildStuff #TechMadeFun #computerscience",CAROUSEL_ALBUM,FEED,https://www.instagram.com/p/DIAWS8Aphc6/,2025-04-04T01:00:00+0000,37,0,686.0,37.0,0.0,3.0,2.0,42,2250.0,,,IG carousel,2025-04-03,2025,4,April,Thursday,21,9 PM,6.122,0.684,3.28,8.0,0.0
18054360893237311,2026-09-05,Applying for internships can be tough but the key is never giving up!  Our Reach workshops can help you reach that dream internship 💫  #weareinit #computerscience #cybersecurity #womenintech #technology #career #fiu,VIDEO,REELS,https://www.instagram.com/reel/DIDDRGBOltJ/,2025-04-05T02:22:22+0000,81,1,1436.0,81.0,1.0,8.0,5.0,95,2818.0,12.39,20963.12,IG reel,2025-04-04,2025,4,April,Friday,22,10 PM,6.616,1.547,1.962,,
18276673009251434,2026-09-05,"Want to work at a top tech company? 👀  Here’s your chance!  We’re teaming up with Splunk for a virtual info session where you can connect directly with recruiters, learn about open roles, and get tips on landing internships and jobs in tech.  It’s free, it’s online, and it might just be your next big opportunity. 💼💻  #ComputerScience #TechCareers #InternshipSearch #RecruiterConnect #SplunkCareers #FIU #WeAreINIT #STEMJobs #TechNetworking",CAROUSEL_ALBUM,FEED,https://www.instagram.com/p/DIHE7IMO3iB/,2025-04-06T15:43:33+0000,67,3,1102.0,67.0,3.0,6.0,11.0,87,3302.0,,,IG carousel,2025-04-06,2025,4,April,Sunday,11,11 AM,7.895,1.417,2.996,18.0,0.0
18024768401676783,2026-09-05,"Ever wondered if AI could help you predict the stock market? 📈  Come through for Stock Market Insights with AI and learn how to use machine learning models to spot trends and forecast prices—no finance degree needed. Oh, and did we mention there’s free pizza? 🍕🤖   #MachineLearning #AIPowered #StockMarketInsights #TechStudents #FIU #WeAreINIT #STEMEvents #PizzaAndPredictions",CAROUSEL_ALBUM,FEED,https://www.instagram.com/p/DIJXBX5PUlQ/,2025-04-07T13:00:00+0000,49,2,861.0,49.0,2.0,3.0,5.0,59,2617.0,,,IG carousel,2025-04-07,2025,4,April,Monday,9,9 AM,6.852,0.961,3.039,20.0,0.0
18395999122109654,2026-09-05,"Movie + snacks + good people = best kind of study break! 🍿🎬  Come to Movie Night and chill with us—no code, no stress, just good vibes.  #fiu #movienight #womenintech #computersciencestudent #cybersecurity #unwindwithfriends",CAROUSEL_ALBUM,FEED,https://www.instagram.com/p/DIKU0VWPt8Y/,2025-04-07T22:00:00+0000,88,2,1324.0,88.0,2.0,3.0,6.0,99,3458.0,,,IG carousel,2025-04-07,2025,4,April,Monday,18,6 PM,7.477,1.612,2.612,20.0,0.0
18122638078429558,2026-09-05,"Interview season’s coming... and you know what’s always on the menu? Dynamic Programming.  Learn how to recognize patterns, break down problems, and impress recruiters-one subproblem at a time. 💼  #fiu #interviewprep #dynamicprogramming #computersciencestudent #cvbersecuritv #programming init",CAROUSEL_ALBUM,FEED,https://www.instagram.com/p/DIL72MhOkow/,2025-04-08T13:00:00+0000,38,0,676.0,38.0,0.0,0.0,2.0,40,2390.0,,,IG carousel,2025-04-08,2025,4,April,Tuesday,9,9 AM,5.917,0.651,3.536,13.0,0.0
18074855386655396,2026-09-05,When it’s life or death but the Shellhack form comes first 🫣🤣  #weareinit #computerscience #cybersecurity #womenintech #technology #hackathon #fiu,VIDEO,REELS,https://www.instagram.com/reel/DIMQgjFOc7x/,2025-04-08T16:00:00+0000,78,3,1772.0,78.0,3.0,4.0,8.0,94,3788.0,6.77,14257.47,IG reel,2025-04-08,2025,4,April,Tuesday,12,12 PM,5.305,1.531,2.138,,
18043345385149231,2026-09-05,"Join us to build your own mini bot and grab some free pizza while you’re at it. It’s hands-on, beginner-friendly, and open to everyone. 🚀🍕  #fiu #computerscience #buildrobot #weareinit #cybersecurity #stem",CAROUSEL_ALBUM,FEED,https://www.instagram.com/p/DIRFciZvO1P/,2025-04-10T13:00:00+0000,57,1,950.0,57.0,1.0,2.0,0.0,60,3044.0,,,IG carousel,2025-04-10,2025,4,April,Thursday,9,9 AM,6.316,0.977,3.204,11.0,0.0
18501515956012012,2026-09-05,"It’s time to show off what we’ve been building 👀  Join us for Demo Day as our Build teams reveal the awesome projects they’ve been working on all semester long! From AI to web apps to hardware hacks—you’ll see it all. Come support your peers, get inspired, and celebrate innovation with us 🧡💻  #TechShowcase #FIU #StudentProjects #Innovation #STEM #BuildProgram #WeAreINIT #ComputerScience #EngineeringLife #DemoDay2025",CAROUSEL_ALBUM,FEED,https://www.instagram.com/p/DIU8oR5vg4I/,2025-04-12T01:00:00+0000,111,0,1382.0,111.0,0.0,4.0,5.0,120,4020.0,,,IG carousel,2025-04-11,2025,4,April,Friday,21,9 PM,8.683,1.954,2.909,18.0,1.0
18022359860492158,2026-09-05,"Meta is here to tell you how you can land a internship or even full time with them!  You’ll get the inside scoop on their recruiting process, hear from engineers and get tips to stand out in the application process ⭐️  This is our last industry event of the semester- you will not want to miss out!  #weareinit #fiu #computerscience #meta #facebook  #instagram #onlineevent #recruitingtips",CAROUSEL_ALBUM,FEED,https://www.instagram.com/p/DIbedw4OiYB/,2025-04-14T13:51:33+0000,114,0,1895.0,114.0,0.0,3.0,20.0,137,5016.0,,,IG carousel,2025-04-14,2025,4,April,Monday,9,9 AM,7.23,2.231,2.647,17.0,1.0
18065771644966480,2026-09-05,Build Demo Day was last friday and so many teams demonstrated such amazing projects 🤩  Which project was your favorite?   #weareinit #computerscience #cybersecurity #womenintech #artificialintelligence #floridainternationaluniversity,VIDEO,REELS,https://www.instagram.com/reel/DI4VKHdveV4/,2025-04-25T18:54:39+0000,165,17,2231.0,165.0,17.0,4.0,16.0,202,4527.0,17.68,52771.25,IG reel,2025-04-25,2025,4,April,Friday,14,2 PM,9.054,3.289,2.029,,
17927944266002590,2026-09-05,What a successful semester this has been and we just wanted to thank you all for always showing up and giving it your all! 🤩  We’ve reached many milestones with your help—and we’re not stopping here! We are beyond excited to continue to reach new heights alongside you all this year 🚀,CAROUSEL_ALBUM,FEED,https://www.instagram.com/p/DJKa1KdvcEe/,2025-05-02T19:24:06+0000,210,5,2405.0,210.0,5.0,7.0,45.0,267,6439.0,,,IG carousel,2025-05-02,2025,5,May,Friday,15,3 PM,11.102,4.348,2.677,36.0,2.0
18004752692757374,2026-09-05,ShellHacks is officially coming to FlU this September!  Get early access to registration today 🫧  #hackathon #fiu #computerscience #weareinit,IMAGE,FEED,https://www.instagram.com/p/DJUgDpvPH26/,2025-05-06T17:22:10+0000,77,0,3103.0,77.0,0.0,4.0,18.0,99,6745.0,,,IG image,2025-05-06,2025,5,May,Tuesday,13,1 PM,3.19,1.612,2.174,79.0,12.0
18061937126147689,2026-09-05,🇺🇸 Happy Memorial Day! 🇺🇸 We hope you’re having a wonderful day and celebrating with those you love!  #weareinit #memorialday #miamitech #miami #diversityintech #technology #tech #instatech #computerscience #programming #coding #software #webdevelopment #artificalintelligence #developer #engineer #college #collegelife #student #career #internship #job,IMAGE,FEED,https://www.instagram.com/p/DKIlmgLPe8z/,2025-05-26T22:51:08+0000,20,0,635.0,20.0,0.0,0.0,0.0,20,3132.0,,,IG image,2025-05-26,2025,5,May,Monday,18,6 PM,3.15,0.326,4.932,12.0,0.0
18045236978563845,2026-09-05,👩‍💻 Check out our E-board member Tasnimah as she takes us through a day in the life at ContinuED! 🤩  #weareinit #hackathon #miamitech #technology #intern #interniship #instatech #computerscience #womenintech #programming #college #student #career #recruiting #recruitment,VIDEO,REELS,https://www.instagram.com/reel/DKPQcNBOUOK/,2025-05-29T13:06:36+0000,194,6,2570.0,194.0,6.0,11.0,20.0,231,5138.0,10.47,30953.88,IG reel,2025-05-29,2025,5,May,Thursday,9,9 AM,8.988,3.762,1.999,,
18045499343230223,2026-09-05,Can you guess the ShellHacks Theme? Drop your comments below👇   #weareinit #hackathon #shellhacks #computerscience #technology,VIDEO,REELS,https://www.instagram.com/reel/DLFYwWxunkF/,2025-06-19T13:33:11+0000,108,2,1760.0,108.0,2.0,4.0,16.0,131,4011.0,11.03,27145.23,IG reel,2025-06-19,2025,6,June,Thursday,9,9 AM,7.443,2.133,2.279,,
18102632716538852,2026-09-05,The ShellHacks site just went live! 🚨  Registration opens June 27th—mark your calendars!  #ShellHacks #biggesthackathon #TechCommunity #WeAreINIT #computerscience,IMAGE,FEED,https://www.instagram.com/p/DLIwy5IvleX/,2025-06-20T21:00:20+0000,79,0,1815.0,79.0,0.0,10.0,18.0,108,6158.0,,,IG image,2025-06-20,2025,6,June,Friday,17,5 PM,5.95,1.759,3.393,74.0,7.0
18064436446935890,2026-09-05,"🎉 ShellHacks 2025 Registration is NOW OPEN! Florida’s largest hackathon is back from September 26–28 at FIU! 🌊  ✨ Learn new tech 💡 Build cool projects 🎮 Win prizes (like a Nintendo Switch 2 👀) 🤝 Meet recruiters, mentors & new friends!  🎁 Giveaway Alert: 1. Follow @init.fiu  2. Tag 3 friends  3. Post on your story and tag us  4. Register for Shellhacks!! for a chance to win a Nintendo Switch 2!🕹️  📲 Don’t wait — register now at shellhacks.net  #shellhacks #hackathon #computerscience #fiu #techevent #technology",CAROUSEL_ALBUM,FEED,https://www.instagram.com/p/DLnIO3jOjEw/,2025-07-02T16:02:21+0000,299,48,8487.0,299.0,48.0,56.0,287.0,692,26522.0,,,IG carousel,2025-07-02,2025,7,July,Wednesday,12,12 PM,8.154,11.269,3.125,333.0,65.0
18068515946009690,2026-09-05,SITE IS LIVE 🚨🚨  Go check it out now and register if you haven’t!  #weareinit #computerscience #cybersecurity #womenintech #technology #career #hackathon #shellhacks,VIDEO,REELS,https://www.instagram.com/reel/DLvLbs9PxGt/,2025-07-05T19:10:14+0000,72,5,1599.0,72.0,5.0,3.0,15.0,95,3131.0,8.2,15506.35,IG reel,2025-07-05,2025,7,July,Saturday,15,3 PM,5.941,1.547,1.958,,
18068602141872779,2026-09-05,"ShellHacks registration for Judges, Mentors, and Volunteers is officially OPEN! 💥💻  No matter your role, you’ll be part of the crew that makes Florida’s biggest hackathon come to life!   Are you an FIU alum, tech professional, or experienced student? This is your chance to inspire, support, and help hackers build something amazing! 	•	Judge awesome projects 	•	Mentor talented hackers 	•	Volunteer behind the scenes  Don’t wait — this is your moment. 💪 If you want to be part of the ShellHacks team, apply today at  https://airtable.com/apppBaYAcqJvfkaX6/shr1DEMFY6iN6GUGo  #shellhacks #fiu #techcommunity #init #tech #computerscience",CAROUSEL_ALBUM,FEED,https://www.instagram.com/p/DLzwlQLu2D3/,2025-07-07T13:45:49+0000,49,0,1370.0,49.0,0.0,4.0,6.0,60,7353.0,,,IG carousel,2025-07-07,2025,7,July,Monday,9,9 AM,4.38,0.977,5.367,27.0,0.0
18494875783067629,2026-09-05,Huge thanks to @cityfurniture for being a sponsor for ShellHacks! 🙌 Come meet their team at the event and explore tech internships and job opportunities they have to offer!  #shellhacks #tech #hackathon #cityfurniture #computerscience,IMAGE,FEED,https://www.instagram.com/p/DL7i_K9ueGc/,2025-07-10T14:20:57+0000,34,0,738.0,34.0,0.0,1.0,2.0,37,3483.0,,,IG image,2025-07-10,2025,7,July,Thursday,10,10 AM,5.014,0.603,4.72,23.0,0.0
17902204500217662,2026-09-05,Huge thanks to @google for sponsoring ShellHacks! 🙌 Come meet their team at the event and explore tech internships and job opportunities they have to offer! Don’t miss out — register now at shellhacks.net   #shellhacks #hackathon #google #technology #computerscience,IMAGE,FEED,https://www.instagram.com/p/DL-AjMtOnxQ/,2025-07-11T13:17:45+0000,53,0,759.0,53.0,0.0,3.0,2.0,58,3489.0,,,IG image,2025-07-11,2025,7,July,Friday,9,9 AM,7.642,0.944,4.597,26.0,0.0
18197254072313153,2026-09-05,🎉Huge thanks to @netflix for sponsoring ShellHacks! 🎉 Come meet their team at the event and explore tech internships and job opportunities they have to offer! Don’t miss out — register now at shellhacks.net   #shellhacks #hackathon #netflix #technology #computerscience,IMAGE,FEED,https://www.instagram.com/p/DMApOsAO65v/,2025-07-12T13:51:42+0000,42,1,723.0,42.0,1.0,2.0,2.0,47,3415.0,,,IG image,2025-07-12,2025,7,July,Saturday,9,9 AM,6.501,0.765,4.723,17.0,0.0
17857982136452947,2026-09-05,Huge thanks to @waymo for sponsoring ShellHacks! 🤩 Come meet their team at the event and explore tech internships and job opportunities they have to offer! Don’t miss out — register now at shellhacks.net   #shellhacks #hackathon #waymo #technology #computerscience,IMAGE,FEED,https://www.instagram.com/p/DMDM0-1OrsK/,2025-07-13T13:41:14+0000,26,0,543.0,26.0,0.0,0.0,2.0,28,2923.0,,,IG image,2025-07-13,2025,7,July,Sunday,9,9 AM,5.157,0.456,5.383,6.0,0.0
18121154899426114,2026-09-05,Huge thanks to  @assurantinc for sponsoring ShellHacks! 🎉🎉 Come meet their team at the event and explore tech internships and job opportunities they have to offer! Don’t miss out — register now at shellhacks.net   #shellhacks #hackathon #assurant #technology #computerscience,IMAGE,FEED,https://www.instagram.com/p/DMFwTHuuw0l/,2025-07-14T13:29:40+0000,23,0,631.0,23.0,0.0,0.0,4.0,27,3053.0,,,IG image,2025-07-14,2025,7,July,Monday,9,9 AM,4.279,0.44,4.838,11.0,0.0
17870731476308807,2026-09-05,🎉Huge thanks to @ford for sponsoring ShellHacks! 🎊  Come meet their team at the event and explore tech internships and job opportunities they have to offer! Don’t miss out — register now at shellhacks.net  INIT  #shellhacks #hackathon #ford #technology #computerscience,IMAGE,FEED,https://www.instagram.com/p/DMIY2M3u0F-/,2025-07-15T14:02:28+0000,22,0,726.0,22.0,0.0,0.0,0.0,22,3244.0,,,IG image,2025-07-15,2025,7,July,Tuesday,10,10 AM,3.03,0.358,4.468,11.0,0.0
18070904282093872,2026-09-05,😎Huge thanks to @dell for sponsoring ShellHacks! 🎊  Come meet their team at the event and explore tech internships and job opportunities they have to offer! Don’t miss out — register now at shellhacks.net     #shellhacks #hackathon #dell #technology #computerscienc,IMAGE,FEED,https://www.instagram.com/p/DMK8aSouJJ1/,2025-07-16T13:51:42+0000,21,0,781.0,21.0,0.0,2.0,1.0,24,3420.0,,,IG image,2025-07-16,2025,7,July,Wednesday,9,9 AM,3.073,0.391,4.379,7.0,0.0
18363830998149861,2026-09-05,🚨Huge thanks to @vanguardgroup for sponsoring ShellHacks! 🎉🎉 Come meet their team at the event and explore tech internships and job opportunities they have to offer! Don’t miss out — register now at shellhacks.net    #shellhacks #hackathon #vanguard #technology #computerscienc,IMAGE,FEED,https://www.instagram.com/p/DMNhnyPuooM/,2025-07-17T13:55:20+0000,20,0,689.0,20.0,0.0,1.0,3.0,24,3244.0,,,IG image,2025-07-17,2025,7,July,Thursday,9,9 AM,3.483,0.391,4.708,18.0,0.0
18105465040550494,2026-09-05,🚨Huge thanks to @codepathorg for sponsoring ShellHacks! 🚨 Come meet their team at the event and explore tech programs and multiple opportunities they have to offer! Don’t miss out — register now at shellhacks.net   #shellhacks #hackathon #codepath #technology #computerscience,IMAGE,FEED,https://www.instagram.com/p/DMQA_x7OcYH/,2025-07-18T13:07:59+0000,12,0,1001.0,12.0,0.0,2.0,1.0,15,3883.0,,,IG image,2025-07-18,2025,7,July,Friday,9,9 AM,1.499,0.244,3.879,13.0,0.0
18124281607459850,2026-09-05,Huge thanks to @lab22c for sponsoring ShellHacks! 🎊 Come meet their team at the event and explore tech programs and multiple opportunities they have to offer! Don’t miss out — register now at shellhacks.net   #shellhacks #hackathon #lab22c #technology #computerscience,IMAGE,FEED,https://www.instagram.com/p/DMSn0YkuAHQ/,2025-07-19T13:25:42+0000,7,0,726.0,7.0,0.0,0.0,0.0,7,3650.0,,,IG image,2025-07-19,2025,7,July,Saturday,9,9 AM,0.964,0.114,5.028,7.0,0.0
18103195480495530,2026-09-05,Huge thanks to @mlhacks for sponsoring ShellHacks! 🎊 Come meet their team at the event and explore tech programs and multiple opportunities they have to offer! Don’t miss out — register now at shellhacks.net   #shellhacks #hackathon #mlh #technology #computerscience,IMAGE,FEED,https://www.instagram.com/p/DMVVtC1u_UU/,2025-07-20T14:45:08+0000,17,0,1294.0,17.0,0.0,0.0,1.0,18,4387.0,,,IG image,2025-07-20,2025,7,July,Sunday,10,10 AM,1.391,0.293,3.39,16.0,3.0
18419415661098358,2026-09-05,Huge thanks to @nvidia for sponsoring ShellHacks! 🙌🙌 Come meet their team at the event and explore tech internships and job opportunities they have to offer! Don’t miss out — register now at shellhacks.net  @init.national  #shellhacks #hackathon #nvidia #technology #computerscience,IMAGE,FEED,https://www.instagram.com/p/DMXwNoQujO1/,2025-07-21T13:15:15+0000,33,2,846.0,33.0,2.0,3.0,4.0,42,4220.0,,,IG image,2025-07-21,2025,7,July,Monday,9,9 AM,4.965,0.684,4.988,15.0,0.0
17904179727210405,2026-09-05,Huge thanks to @cityofmiami for sponsoring ShellHacks! 🙌🙌 Come meet their team at the event and explore tech internships and job opportunities they have to offer! Don’t miss out — register now at shellhacks.net   #shellhacks #hackathon #miami #technology #computerscience,IMAGE,FEED,https://www.instagram.com/p/DMaTRggMVwO/,2025-07-22T13:00:00+0000,14,0,782.0,14.0,0.0,1.0,0.0,15,4135.0,,,IG image,2025-07-22,2025,7,July,Tuesday,9,9 AM,1.918,0.244,5.288,8.0,0.0
18160994182362938,2026-09-05,Huge thanks to @init.national for sponsoring ShellHacks! 🤩🤩 Come meet their team at the event and explore tech programs and multiple opportunities they have to offer! Don’t miss out — register now at shellhacks.net   #shellhacks #hackathon #init #technology #computerscience,IMAGE,FEED,https://www.instagram.com/p/DMc4GaOvrgm/,2025-07-23T13:00:00+0000,19,0,597.0,19.0,0.0,0.0,0.0,19,4102.0,,,IG image,2025-07-23,2025,7,July,Wednesday,9,9 AM,3.183,0.309,6.871,6.0,0.0
18079235764921324,2026-09-05,ShellHacks is making waves this season! 🌊 We’re thrilled to officially join Major League Hacking 2026. Ready to explore the depths of innovation? 🚀 Register now at shellhacks.net – you might even reel in a Nintendo Switch 2! 🎮✨  #shellhacks #mlh #hackathon #fiu #hack #computerscience,IMAGE,FEED,https://www.instagram.com/p/DMiBwgAsGZG/,2025-07-25T13:00:00+0000,37,0,1122.0,37.0,0.0,4.0,4.0,45,5245.0,,,IG image,2025-07-25,2025,7,July,Friday,9,9 AM,4.011,0.733,4.675,24.0,2.0
17886690567202460,2026-09-05,Don’t get caught anywhere else other than ShellHacks on September 26-28 🙌 Register now - shellhacks.net P.S. you could win a Nintendo Switch 2  #hackathon #shellhacks #init #computerscience #coldplay #weareinit #technology,VIDEO,REELS,https://www.instagram.com/reel/DMxh21vMcIU/,2025-07-31T13:30:00+0000,219,11,3345.0,219.0,11.0,5.0,51.0,288,7729.0,7.53,31350.05,IG reel,2025-07-31,2025,7,July,Thursday,9,9 AM,8.61,4.69,2.311,,
18074703002293505,2026-09-05,We’re answering some of the most asked questions about IGNITE so you can know exactly what to expect!  📌 Have more questions? Drop them below!  ✨ Interested in signing up? Visit: https://airtable.com/appkfpQOssQZfmORj/shr7SIsmvgFQPjw9n  #init #weareinit #computerscience #ignite #technology #fiu #program,VIDEO,REELS,https://www.instagram.com/reel/DM8oEWhPbL3/,2025-08-04T20:59:06+0000,119,4,2385.0,119.0,4.0,3.0,31.0,158,5199.0,11.86,38762.54,IG reel,2025-08-04,2025,8,August,Monday,16,4 PM,6.625,2.573,2.18,,
17857063629438687,2026-09-05,"Through Ignite, FIU students get the chance to teach coding at local high schools — and in the process, they become stronger coders, more confident leaders, and better communicators 💡💻  Luana started just like any other student… and ended up discovering a passion for mentoring and tech education 🔥  Apply now at https://airtable.com/appkfpQOssQZfmORj/shr7SIsmvgFQPjw9n",VIDEO,REELS,https://www.instagram.com/reel/DNiga4FufAB/,2025-08-19T14:30:00+0000,117,0,2237.0,117.0,0.0,8.0,10.0,135,4604.0,8.76,25362.63,IG reel,2025-08-19,2025,8,August,Tuesday,10,10 AM,6.035,2.198,2.058,,
18107892520552558,2026-09-05,AURA farming our way to SHELLHACKS Ready to grow your skills and hack the future? Sign up now at shellhacks.net 🚀  #shellhacks #computerscience #weareinit #technology #hackathon #miami,VIDEO,REELS,https://www.instagram.com/reel/DNqLWZpOwOy/,2025-08-22T13:30:00+0000,152,9,2707.0,152.0,9.0,6.0,29.0,198,5266.0,6.74,21830.97,IG reel,2025-08-22,2025,8,August,Friday,9,9 AM,7.314,3.224,1.945,,
18079198228939106,2026-09-05,WELCOME BACK PANTHERS! 🐾  This Friday we are having our first event - join us as we will be discussing all the new exciting things we have planned for you guys this semester.  #floridainternationaluniversity #init #computerscience #hackathon #womeninstem,CAROUSEL_ALBUM,FEED,https://www.instagram.com/p/DNx2YP8WBIt/,2025-08-25T13:00:00+0000,87,1,1039.0,87.0,1.0,1.0,15.0,106,5675.0,,,IG carousel,2025-08-25,2025,8,August,Monday,9,9 AM,10.202,1.726,5.462,28.0,2.0
17957268626843818,2026-09-05,Do you think he knows we switched out his voice?🤭   See you all there this Friday at our general body meeting. Definitely not something you will want to miss!  #computerscience #weareinit #technology #hackathon #cybersecurity #womenintech #career,VIDEO,REELS,https://www.instagram.com/reel/DN0gQbT3NbJ/,2025-08-26T13:48:15+0000,158,8,3145.0,158.0,8.0,6.0,24.0,198,6345.0,8.08,33423.26,IG reel,2025-08-26,2025,8,August,Tuesday,9,9 AM,6.296,3.224,2.017,,
17898734079266617,2026-09-05,"The first wave of ShellHacks acceptances is out! 🎉  Check your inbox to see if you’ve been selected, and get ready to join us for an unforgettable weekend of hacking, learning, and building with the community   #shellhacks #post #fiu #hackathon #technology",IMAGE,FEED,https://www.instagram.com/p/DN09bFa3G9p/,2025-08-26T18:00:00+0000,59,0,1497.0,59.0,0.0,3.0,11.0,76,6284.0,,,IG image,2025-08-26,2025,8,August,Tuesday,14,2 PM,5.077,1.238,4.198,27.0,0.0
17879087739389453,2026-09-05,"Nothing beats a Shellhacks Hackathon!!! Get ready to dive into an exciting weekend filled with workshops, networking events and building amazing projects!!  If you haven’t already signed up here is your chance: shellhacks.net SIGN UP NOW ‼️  #computerscience #weareinit #technology #hackathon #shellhacks #womenintech #career #init",VIDEO,REELS,https://www.instagram.com/reel/DN5qBnTEfBh/,2025-08-28T13:48:23+0000,98,5,1900.0,98.0,5.0,6.0,17.0,130,3512.0,7.37,17909.62,IG reel,2025-08-28,2025,8,August,Thursday,9,9 AM,6.842,2.117,1.848,,
18089533267754413,2026-09-05,A huge thank you to our Title Sponsor – Google Cloud Gemini for supporting ShellHacks 2025!  We’re excited to have their amazing team with us — come meet the Google Cloud Gemini representatives at ShellHacks to learn about their A2A/ADK and all the exciting things they’re working on in tech 🚀💡  Don’t miss the chance to connect with them and explore your future in tech!  👉 Register now at shellhacks.net  #shellhacks #googlecloud #gemini #machinelearning #hackathon #fiu #weareinit,IMAGE,FEED,https://www.instagram.com/p/DN6UzhRj2lU/,2025-08-28T20:00:00+0000,39,1,726.0,39.0,1.0,1.0,2.0,46,4120.0,,,IG image,2025-08-28,2025,8,August,Thursday,16,4 PM,6.336,0.749,5.675,17.0,0.0
18173675641354198,2026-09-05,PART 1: E-BOARD INTERNSHIPS THROUGH THE SUMMER!  We’re so proud of our leaders who spent the summer gaining amazing experiences in tech!   Swipe to see their journeys.  #computerscience #softwareengineering #cybersecurity #projectmanager #internships,CAROUSEL_ALBUM,FEED,https://www.instagram.com/p/DN8nHg0jnhS/,2025-08-29T17:19:04+0000,134,6,1432.0,134.0,6.0,4.0,3.0,148,7584.0,,,IG carousel,2025-08-29,2025,8,August,Friday,13,1 PM,10.335,2.41,5.296,67.0,1.0
17891982162184089,2026-09-05,PART 2: E-BOARD SUMMER SPOTLIGHT  Our E-Board members took their skills to new heights this summer at top companies. Check out where they interned!  #computerscience #womenintech #internship #cybersecurity,CAROUSEL_ALBUM,FEED,https://www.instagram.com/p/DN9HHflj0Yd/,2025-08-29T21:58:41+0000,80,2,1275.0,80.0,2.0,4.0,6.0,93,6514.0,,,IG carousel,2025-08-29,2025,8,August,Friday,17,5 PM,7.294,1.514,5.109,45.0,0.0
18069824533920301,2026-09-05,"PART 3: E-Board Internship Experience 🌟  This summer, our E-Board members represented INIT across the tech industry gaining skills, building networks, and making an impact.   #computerscience #intern #internship #weareinit #cybersecurity",CAROUSEL_ALBUM,FEED,https://www.instagram.com/p/DN9WvDUj_o3/,2025-08-30T00:15:09+0000,85,1,1093.0,85.0,1.0,2.0,5.0,94,6175.0,,,IG carousel,2025-08-29,2025,8,August,Friday,20,8 PM,8.6,1.531,5.65,43.0,0.0
18079450763501363,2026-09-05,"Join us for our Intro to GitHub Workshop this Tuesday, Sept 2nd from 2:30 – 4:30 PM at AHC5 201!  Learn GitHub fundamentals to get prepared for ShellHacks —Attend & receive a raffle ticket for a chance to win an MSI Claw 7 AI This workshop is open to everyone – don’t miss it!  👉 Register now at go.fiu.edu/init   Don’t forget to register for SHELLHACKS: shellhacks.net‼️  #fiu #technology #shellhacks #workshop #hackathon",CAROUSEL_ALBUM,FEED,https://www.instagram.com/p/DN-1MGcDHlV/,2025-08-30T14:00:00+0000,73,0,1231.0,73.0,0.0,8.0,8.0,89,6238.0,,,IG carousel,2025-08-30,2025,8,August,Saturday,10,10 AM,7.23,1.449,5.067,38.0,0.0
17886703491225730,2026-09-05,Huge thank you to Microsoft for sponsoring ShellHacks 2025! 💻✨ Check them out at ShellHacks and connect with their team about internships and career opportunities! 🌊  🔗 Register now at shellhacks.net  #fiu #microsoft #hackathon #weareinit #shellhacks #technology,IMAGE,FEED,https://www.instagram.com/p/DN_e_Euj52H/,2025-08-30T20:05:00+0000,37,0,829.0,37.0,0.0,2.0,2.0,42,3959.0,,,IG image,2025-08-30,2025,8,August,Saturday,16,4 PM,5.066,0.684,4.776,12.0,0.0
18521964682022660,2026-09-05,"Join us for our Intro to Machine Learning Workshop this Wednesday, Sept 3rd from 3:00 – 5:00 PM at VH 131!  Learn the fundamentals and explore beginner-friendly tools —Attend & get a raffle ticket for a chance to win an MSI Claw 7 AI Open to everyone – no experience needed!  👉 Register today at go.fiu.edu/init  If you haven’t already also register for SHELLHACKS: shellhacks.net ‼️  #fiu #workshop #weareinit #machinelearning #shellhacks #technology",CAROUSEL_ALBUM,FEED,https://www.instagram.com/p/DOBZ7lnDVoK/,2025-08-31T14:00:00+0000,62,1,1098.0,62.0,1.0,2.0,6.0,72,5813.0,,,IG carousel,2025-08-31,2025,8,August,Sunday,10,10 AM,6.557,1.172,5.294,36.0,0.0
18290955505256309,2026-09-05,Huge thank you to Base44 for sponsoring ShellHacks 2025‼️ Check them out at ShellHacks to learn more about their internships and career opportunities in tech!   🔗 Register now at shellhacks.net‼️  #fiu #shellhacks #base44 #hackathon #technology,IMAGE,FEED,https://www.instagram.com/p/DOCDJbvD3BG/,2025-08-31T20:00:00+0000,21,0,879.0,21.0,0.0,2.0,1.0,24,4594.0,,,IG image,2025-08-31,2025,8,August,Sunday,16,4 PM,2.73,0.391,5.226,25.0,0.0
17947403931040643,2026-09-05,"Not sure which path in tech is right for you? Come to our Find Your Career Workshop this Wednesday, Sept 3rd from 1:30 – 3:00 PM at CASE 132!  Explore different careers in tech and discover what fits you best ✨ Attend & earn a raffle ticket for a chance to win an MSI Claw 7 AI Open to everyone – don’t miss out‼️  👉 Register now at go.fiu.edu/init  Make sure to register for SHELLHACKS: shellhacks.net ‼️  #fiu #shellhacks #workshop #computerscience #technology #hackathon",CAROUSEL_ALBUM,FEED,https://www.instagram.com/p/DOD-yQ-DcV3/,2025-09-01T14:00:00+0000,51,0,1180.0,51.0,0.0,4.0,5.0,61,5822.0,,,IG carousel,2025-09-01,2025,9,September,Monday,10,10 AM,5.169,0.993,4.934,21.0,0.0
17881695972378872,2026-09-05,Huge thank you to Wix.com for sponsoring ShellHacks 2025‼️ Check them out at ShellHacks to learn more about their internships and career opportunities in tech!  🔗 Register now at shellhacks.net ‼️  #fiu #shellhacks #wix #hackathon #technology,IMAGE,FEED,https://www.instagram.com/p/DOEokptD00l/,2025-09-01T20:05:00+0000,11,0,786.0,11.0,0.0,0.0,3.0,14,4129.0,,,IG image,2025-09-01,2025,9,September,Monday,16,4 PM,1.781,0.228,5.253,8.0,0.0
18045913388324820,2026-09-05,"Want to take your web skills to the next level? Join us for our Web Dev Frameworks Workshop this Thursday, Sept 4th from 4:00 – 6:00 PM at PG5 155!  Learn best practices and explore tools to grow as a web developer 💻 Attend & get a raffle ticket for a chance to win an MSI Claw 7 AI Open to everyone – perfect for beginners and beyond‼️  👉 Register today at go.fiu.edu/init  Make sure to register for SHELLHACKS: shellhacks.net ‼️  #fiu #workshop #technology #computerscience #shellhacks #hackathon",CAROUSEL_ALBUM,FEED,https://www.instagram.com/p/DOGjk-UjZJ2/,2025-09-02T14:00:00+0000,52,0,971.0,52.0,0.0,1.0,14.0,68,5368.0,,,IG carousel,2025-09-02,2025,9,September,Tuesday,10,10 AM,7.003,1.107,5.528,22.0,0.0
17993673377684873,2026-09-05,Huge thank you to StateFarm for sponsoring ShellHacks 2025‼️ Check them out at ShellHacks to learn more about their internships and career opportunities in tech!  🔗 Register now at shellhacks.net ‼️  #fiu #shellhacks #statefarm #hackathon #technology,IMAGE,FEED,https://www.instagram.com/p/DOHNZoGj8pM/,2025-09-02T20:05:00+0000,16,0,798.0,16.0,0.0,1.0,4.0,21,4064.0,,,IG image,2025-09-02,2025,9,September,Tuesday,16,4 PM,2.632,0.342,5.093,8.0,0.0
18094710481732602,2026-09-05,"Ready to take the lead? INIT Build Team Lead Applications are NOW OPEN!  Lead a team from idea to launch in just 9 weeks and gain hands-on experience in: 💻 Web Development 📱 Mobile Development 🤖 AI & Robotics 🎮 Game Development 🔐 Cybersecurity …and more!  -Add real project + leadership experience to your resume -Work in an agile team environment -Showcase your project at INIT Build Demo Day to industry partners & FIU faculty  📅 Deadline to apply: September 5, 2025 👉 Apply now at go.fiu.edu/buildlead",CAROUSEL_ALBUM,FEED,https://www.instagram.com/p/DOJIYmVjk3L/,2025-09-03T14:00:00+0000,98,0,1688.0,98.0,0.0,7.0,6.0,113,7550.0,,,IG carousel,2025-09-03,2025,9,September,Wednesday,10,10 AM,6.694,1.84,4.473,43.0,0.0
17858449905493729,2026-09-05,"Thank you to everyone who came out to our General Body Meeting! We’re especially grateful to NextEra Energy for sponsoring the event and supporting our community   🙌 Shoutout to all the amazing students who showed up — your energy makes INIT what it is!  📢 Don’t forget: our ShellHacks Workshop Series is happening this week! From GitHub to Machine Learning, Career Development, and Web Dev Frameworks — we’ve got something for everyone. Come learn, connect, and get ready for ShellHacks!  👉 Register at go.fiu.edu/init",VIDEO,REELS,https://www.instagram.com/reel/DOJjEKhiaEN/,2025-09-03T18:00:07+0000,84,0,1476.0,84.0,0.0,2.0,18.0,106,2967.0,5.95,11183.48,IG reel,2025-09-03,2025,9,September,Wednesday,14,2 PM,7.182,1.726,2.01,,
18040549805383365,2026-09-05,"The first Ignite meeting is here! Join us this Monday, Sept 8th from 5:30 – 7:00 PM in PG6 116 🚀  ✨ Teach coding, make an impact in the community, and earn service hours along the way. This is your chance to teach, lead, and inspire with INIT!  🌟 Open to everyone – come check it out and see how you can get involved.  👉 Register at go.fiu.edu/init   #weareinit #ignite #fiu #computerscience #technology",CAROUSEL_ALBUM,FEED,https://www.instagram.com/p/DOLtJXrDYJG/,2025-09-04T14:00:00+0000,80,0,1408.0,80.0,0.0,2.0,10.0,95,6452.0,,,IG carousel,2025-09-04,2025,9,September,Thursday,10,10 AM,6.747,1.547,4.582,32.0,0.0
18071735387115438,2026-09-05,Huge thank you to Lennar for sponsoring ShellHacks 2025‼️ Check them out at ShellHacks to learn more about their internships and career opportunities in tech!  🔗 Register now at shellhacks.net ‼️  #fiu #shellhacks #lennar #hackathon #technology,IMAGE,FEED,https://www.instagram.com/p/DOMWXPqj1W6/,2025-09-04T20:00:00+0000,12,0,763.0,12.0,0.0,1.0,2.0,15,3857.0,,,IG image,2025-09-04,2025,9,September,Thursday,16,4 PM,1.966,0.244,5.055,10.0,0.0
18075447640852749,2026-09-05,"Ready to get hands-on with tech? Join us for our Intro to Electronics Workshop this Monday, Sept 8th from 3:30 – 5:30 PM at VH 131!  -Learn the basics of electronics by creating mini projects you can build yourself -Plus, attend & receive a raffle ticket for a chance to win an MSI Claw 7 AI -Open to everyone – no prior experience needed!  👉 Register now at go.fiu.edu/init   If you haven’t already registered for SHELLHACKS: shellhacks.net ‼️  #fiu #weareinit #technology #workshop #computerscience #shellhacks",CAROUSEL_ALBUM,FEED,https://www.instagram.com/p/DOOTD-1jkWE/,2025-09-05T14:01:39+0000,38,1,858.0,38.0,1.0,0.0,7.0,47,4999.0,,,IG carousel,2025-09-05,2025,9,September,Friday,10,10 AM,5.478,0.765,5.826,17.0,0.0
18079552004311067,2026-09-05,Huge thank you to MSI for sponsoring ShellHacks 2025‼️ Check them out at ShellHacks to learn more about their internships and career opportunities in tech!  🔗 Register now at shellhacks.net ‼️  #fiu #shellhacks #msi #hackathon #technology,IMAGE,FEED,https://www.instagram.com/p/DOO7Jw-j0nP/,2025-09-05T20:00:00+0000,21,0,687.0,21.0,0.0,0.0,1.0,24,3688.0,,,IG image,2025-09-05,2025,9,September,Friday,16,4 PM,3.493,0.391,5.368,6.0,0.0
18168276991362210,2026-09-05,"Want your resume to stand out? Join us for our Power-Up Your Resume Workshop this Wednesday, Sept 10th from 1:30 – 3:00 PM at CASE 132!  -Learn tips to highlight your skills, showcase your experiences, and grab recruiter attention. 🎟 Plus, attend & receive a raffle ticket for a chance to win an MSI Claw 7 AI -Open to everyone – don’t miss it!  👉 Register now at go.fiu.edu/init   Register for SHELLHACKS: shellhacks.net ‼️  #fiu #technology #workshop #computerscience #resume #init #shellhacks",CAROUSEL_ALBUM,FEED,https://www.instagram.com/p/DOQ9mh4Df1k/,2025-09-06T15:00:00+0000,28,0,852.0,28.0,0.0,1.0,8.0,37,4835.0,,,IG carousel,2025-09-06,2025,9,September,Saturday,11,11 AM,4.343,0.603,5.675,9.0,0.0
17867548542442729,2026-09-05,Huge thank you to NextEra Energy for sponsoring ShellHacks 2025‼️ Check them out at ShellHacks to learn more about their internships and career opportunities in tech!  🔗 Register now at shellhacks.net ‼️  #fiu #shellhacks #nexteraenergy #hackathon #technology,IMAGE,FEED,https://www.instagram.com/p/DORf9Y2Dn4M/,2025-09-06T20:00:00+0000,16,0,665.0,16.0,0.0,0.0,1.0,17,3876.0,,,IG image,2025-09-06,2025,9,September,Saturday,16,4 PM,2.556,0.277,5.829,6.0,0.0
18089598763694195,2026-09-05,"Ever wanted to bring characters to life in a game? Join us for our Create Your Own NPC Workshop this Wednesday, Sept 10th from 4:30 – 6:30 PM at VH 131!  -Learn how to build a basic NPC with movement and behaviors using Unity 🎟 Attend & receive a raffle ticket for a chance to win an MSI Claw 7 AI -Open to everyone – no experience needed!  👉 Register today at go.fiu.edu/init   Make sure to register for SHELLHACKS: shellhacks.net‼️  #fiu #workshop #init #technology #hackathon",CAROUSEL_ALBUM,FEED,https://www.instagram.com/p/DOTibn_jApK/,2025-09-07T15:00:00+0000,43,0,1063.0,43.0,0.0,2.0,9.0,55,5634.0,,,IG carousel,2025-09-07,2025,9,September,Sunday,11,11 AM,5.174,0.896,5.3,21.0,0.0
18067620320187046,2026-09-05,"Want to sharpen your cybersecurity skills? Join us for our Best Security Practices Workshop this Wednesday, Sept 11th from 4:30 – 6:30 PM at PG5 155!  -Learn how to hack responsibly while exploring SQL injections, leaks, and more 🎟 Attend & receive a raffle ticket for a chance to win an MSI Claw 7 AI -Open to everyone – come level up your security knowledge!  👉 Register now at go.fiu.edu/init  Make sure to register for SHELLHACKS: shellhacks.net‼️  #fiu #technology #workshop #init",CAROUSEL_ALBUM,FEED,https://www.instagram.com/p/DOWHOTojrZo/,2025-09-08T15:00:00+0000,29,0,951.0,29.0,0.0,1.0,7.0,38,5438.0,,,IG carousel,2025-09-08,2025,9,September,Monday,11,11 AM,3.996,0.619,5.718,15.0,0.0
17938831521062328,2026-09-05,Huge thank you to American Express for sponsoring ShellHacks 2025‼️ Check them out at ShellHacks to learn more about their internships and career opportunities in tech!  🔗 Register now at shellhacks.net ‼️  #fiu #shellhacks #americanexpress #hackathon #technology,IMAGE,FEED,https://www.instagram.com/p/DOWqzP4D83S/,2025-09-08T20:11:30+0000,25,0,835.0,25.0,0.0,4.0,4.0,33,4531.0,,,IG image,2025-09-08,2025,9,September,Monday,16,4 PM,3.952,0.537,5.426,20.0,0.0
18082875859910434,2026-09-05,"Big thank you to @nvidia for sponsoring ShellHacks 2025!  At ShellHacks, you’ll get the chance to: - Learn more about NVIDIA’s cutting-edge opportunities - Explore internships, new grad roles, and career pathways 🛠️ Join their exclusive workshop on Saturday, Sept 27 to dive deeper into what they’re building ✨Network directly with recruiters and discover how you can be part of NVIDIA’s journey in AI, graphics, and beyond✨  👉Reminder: Registration closes September 15 — don’t miss your chance to be part of the largest hackathon in Florida!  ‼️Apply now at shellhacks.net‼️  #nvidia #fiu #init #hackathon #technology",VIDEO,REELS,https://www.instagram.com/reel/DOZBIWgiSgs/,2025-09-09T18:05:00+0000,89,1,2060.0,89.0,1.0,8.0,42.0,143,4084.0,7.8,19930.17,IG reel,2025-09-09,2025,9,September,Tuesday,14,2 PM,6.942,2.329,1.983,,
18050851445265101,2026-09-05,The second wave of ShellHacks acceptances is out — check your email!  Haven’t applied yet? The deadline is September 15 and it’s approaching fast ⏳ Don’t miss your chance to be part of the ShellHacks experience!  🔗 Apply now at shellhacks.net 🌊  #fiu #shellhacks #hackathon #technology #applynow,IMAGE,FEED,https://www.instagram.com/p/DObk8lUCYYT/,2025-09-10T17:56:33+0000,27,0,1138.0,27.0,0.0,0.0,7.0,35,4726.0,,,IG image,2025-09-10,2025,9,September,Wednesday,13,1 PM,3.076,0.57,4.153,15.0,1.0
18478266109077567,2026-09-05,"Excited to welcome Assurant back for their 7th year at ShellHacks!  They’ll be joining us once again to connect with students and share their amazing internship and full-time opportunities 🌟. Don’t miss your chance to meet their team, learn about career pathways, and explore how you can grow with Assurant!  ‼️Reminder: Registration for ShellHacks closes September 15 – secure your spot today‼️  👉 Apply now at shellhacks.net  We can’t wait to have Assurant back at ShellHacks 2025 💙💛  #fiu #weareinit #assurant #computerscience #technology #hackathon",VIDEO,REELS,https://www.instagram.com/reel/DObsTulj1fb/,2025-09-10T19:00:00+0000,49,4,1115.0,49.0,4.0,0.0,6.0,61,2155.0,4.89,6925.4,IG reel,2025-09-10,2025,9,September,Wednesday,15,3 PM,5.471,0.993,1.933,,
18283888570273113,2026-09-05,"🚨 FINAL CALL – ShellHacks Registration Closes Monday! 🚨  Don’t miss your chance to be part of Florida’s largest hackathon later this month! Registration ends this Monday, September 15th - if you’ve been putting it off, be sure to register ASAP! ShellHacks is open to students of all majors and skill levels. Register now at ShellHacks.net (Link in Bio!)  ✅ Learn new skills at our workshops, build cool projects with fellow students, and win awesome prizes  ✅ Meet recruiters from Google, Microsoft, Xbox, Netflix, NVIDIA, and more - and potentially land an internship or full time job  ✅ Connect with 1,400+ students from across Florida and make friends you’ll keep long after the weekend.  👉 Haven’t signed up yet? Sign up now at ShellHacks.net (and enter to win a Nintendo Switch 2 w/Mario Kart!)  👉 Already registered? Share with your friends and student orgs so they don’t miss out! If you’re looking to form a team, your friends must also be registered.  This is your last chance to secure your spot! We can’t wait to see you at a very special ShellHacks this year 🎉",IMAGE,FEED,https://www.instagram.com/p/DOeBNvwjv-E/,2025-09-11T16:42:03+0000,97,1,3206.0,97.0,1.0,12.0,48.0,170,12200.0,,,IG image,2025-09-11,2025,9,September,Thursday,12,12 PM,5.303,2.768,3.805,73.0,9.0
17921599608079074,2026-09-05,"We’re excited to welcome @statefarm back to ShellHacks 2025!  They’ll be here to: -Host workshops to help you sharpen your skills -Connect you with recruiters and engineers about upcoming internships and full-time roles -Launch a special challenge for hackers to complete and showcase their talent!  This is your chance to learn, network, and take on real-world problems with one of the most recognized companies in the nation.  ‼️Reminder: Registration for ShellHacks closes September 15 – don’t miss it‼️  👉 Apply now at shellhacks.net  We can’t wait to have State Farm back at ShellHacks! 💙💛  #fiu #computerscience #statefarm #init #hackathon",VIDEO,REELS,https://www.instagram.com/reel/DOeevEGD-4k/,2025-09-11T21:00:00+0000,76,1,1520.0,76.0,1.0,1.0,7.0,87,2783.0,5.79,9540.47,IG reel,2025-09-11,2025,9,September,Thursday,17,5 PM,5.724,1.417,1.831,,
18040209164429571,2026-09-05,"META IS COMING TO FIU!  Get ready for an exclusive inside look at AI, engineering, and the recruiting game from Meta themselves. Learn what it takes to stand out, hear from real engineers, and connect with recruiters who want to meet you. 👀💥  #MetaCareers #TechAtFIU #WeAreINIT #BreakIntoTech",CAROUSEL_ALBUM,FEED,https://www.instagram.com/p/DOgwwLkibhN/,2025-09-12T18:15:55+0000,135,0,1565.0,135.0,0.0,11.0,26.0,174,9026.0,,,IG carousel,2025-09-12,2025,9,September,Friday,14,2 PM,11.118,2.833,5.767,8.0,4.0
18040110389431236,2026-09-05,"We’re excited to have Base 44 and Wix joining us at ShellHacks 2025!  Make sure to: 🤝 Stop by their table and meet the team - Join their workshop on Saturday at 1PM to learn about web development using Base 44 - Take on one of their two challenges for a chance to win awesome prizes - Get access to a free premium builder on Base 44  This is the perfect chance to sharpen your skills, connect with industry professionals, and level up your web development journey!  ‼️Reminder: Registration for ShellHacks closes September 15 – apply now and don’t miss out‼️  👉 Apply today at shellhacks.net  Thank you to Base 44 and Wix for being part of ShellHacks 2025 💙💛  #fiu #wix #base44 #hackathon #weareinit #computerscience #technology",VIDEO,REELS,https://www.instagram.com/reel/DOhNJEiD0fI/,2025-09-12T22:27:44+0000,14,0,975.0,14.0,0.0,1.0,1.0,16,1655.0,3.78,4407.23,IG reel,2025-09-12,2025,9,September,Friday,18,6 PM,1.641,0.261,1.697,,
18071550422143701,2026-09-05,"Here are all the Pre-ShellHacks workshops happening this week!  Whether you’re designing, building, or pitching — there’s something for you 💡  • UI/UX Fundamentals – Sep 16 • How to Succeed in ShellHacks – Sep 17 • Popular ML Models – Sep 18  🎟️ Reminder: Every workshop you attend = another raffle ticket for the MSI Claw 7 AI",CAROUSEL_ALBUM,FEED,https://www.instagram.com/p/DOjGClcDDrg/,2025-09-13T16:00:00+0000,50,1,1029.0,50.0,1.0,5.0,9.0,68,5130.0,,,IG carousel,2025-09-13,2025,9,September,Saturday,12,12 PM,6.608,1.107,4.985,22.0,0.0
18071355020131415,2026-09-05,Huge thank you to MLT for sponsoring ShellHacks 2025‼️ Check them out at ShellHacks to learn more about their internships and career opportunities in tech!  🔗 Register now at shellhacks.net ‼️  #fiu #shellhacks #mlt #hackathon #technology,IMAGE,FEED,https://www.instagram.com/p/DOjan4bjhXS/,2025-09-13T19:00:00+0000,9,0,556.0,9.0,0.0,0.0,1.0,10,3573.0,,,IG image,2025-09-13,2025,9,September,Saturday,15,3 PM,1.799,0.163,6.426,3.0,0.0
18373776109180829,2026-09-05,Huge thank you to Capital One for sponsoring ShellHacks 2025‼️ Check them out at ShellHacks to learn more about their internships and career opportunities in tech!  🔗 Register now at shellhacks.net ‼️  #fiu #shellhacks #capitalone #hackathon #technology,IMAGE,FEED,https://www.instagram.com/p/DOlq3EcjiEY/,2025-09-14T16:00:00+0000,12,0,733.0,12.0,0.0,1.0,0.0,13,3888.0,,,IG image,2025-09-14,2025,9,September,Sunday,12,12 PM,1.774,0.212,5.304,5.0,0.0
18018720968761755,2026-09-05,Huge thank you to Brooksource for sponsoring ShellHacks 2025‼️ Check them out at ShellHacks to learn more about their internships and career opportunities in tech!  🔗 Register now at shellhacks.net ‼️  #fiu #shellhacks #brooksource #hackathon #technology,IMAGE,FEED,https://www.instagram.com/p/DOl4mxfDhaP/,2025-09-14T18:00:00+0000,9,0,746.0,9.0,0.0,0.0,0.0,9,4036.0,,,IG image,2025-09-14,2025,9,September,Sunday,14,2 PM,1.206,0.147,5.41,4.0,0.0
18073272377135334,2026-09-05,"We’re excited to welcome Microsoft back to ShellHacks 2025!  Here’s what they’ve got planned: - Their challenge: “AI 4 Good” — build projects using AI for sustainability, accessibility, wellness, and community impact - A workshop on Immersive AI Agents — don’t miss this chance to dive deep into the future of AI 🤝 Meet the team at the career fair to learn more about internships, new grad roles, and opportunities at Microsoft  This is your chance to innovate, connect, and create with one of the biggest names in tech!  ‼️Reminder: Registration for ShellHacks closes September 15 – apply now and secure your spot‼️  👉 Apply today at shellhacks.net  Thank you to Microsoft for supporting ShellHacks 2025 💙💛  #fiu #microsoft #computerscience #weareinit #hackathon #technology #ai",VIDEO,REELS,https://www.instagram.com/reel/DOoPr2ZDkXh/,2025-09-15T16:00:00+0000,105,4,2022.0,105.0,4.0,5.0,9.0,127,4058.0,6.84,17895.38,IG reel,2025-09-15,2025,9,September,Monday,12,12 PM,6.281,2.068,2.007,,
18056136110172164,2026-09-05,Huge thank you to GitHub for sponsoring ShellHacks 2025‼️ Check them out at ShellHacks to learn more about their internships and career opportunities in tech!  👉Register now at shellhacks.net ‼️  #fiu #shellhacks #github #hackathon #technology,IMAGE,FEED,https://www.instagram.com/p/DOoda6fjk2W/,2025-09-15T18:00:00+0000,17,0,781.0,17.0,0.0,3.0,0.0,20,4219.0,,,IG image,2025-09-15,2025,9,September,Monday,14,2 PM,2.561,0.326,5.402,9.0,0.0
18138326269436691,2026-09-05,"🚨ShellHacks registration deadline has been EXTENDED!🚨  But don’t wait too long — spots are filling up fast and we’re almost at capacity‼️  This is your LAST CHANCE to join Florida’s largest hackathon happening Sept 26–28 at FIU Graham Center✨  -36 hours of coding, workshops, mentorship, networking, prizes, and fun — you won’t want to miss it!  👉Register before Monday, Sept 22nd at shellhacks.net  Let’s make ShellHacks 2025 the biggest and best yet🔥  #fiu #hackathon #init #technology #computerscience #ai #machinelearning",IMAGE,FEED,https://www.instagram.com/p/DOqf2V6DV5r/,2025-09-16T13:00:00+0000,26,0,1784.0,26.0,0.0,2.0,14.0,46,6156.0,,,IG image,2025-09-16,2025,9,September,Tuesday,9,9 AM,2.578,0.749,3.451,32.0,4.0
17849285814524837,2026-09-05,"INIT Build Team Member Applications are NOW OPEN!🚨  ✨Want to work on a real project, gain experience, and boost your resume? This is your chance to: -Join a team in Web Dev, Mobile, AI, Game Dev, Cybersecurity, Robotics, & more 🤝 Collaborate with other students in an agile environment -Take a project from idea → launch in just 9 weeks -Showcase your work at INIT Build Demo Day to industry partners, faculty, and peers  ✨ Add a technical project + teamwork experience to your resume (and stand out to recruiters!)  📅 Deadline: October 1, 2025 👉 Apply now at go.fiu.edu/buildmember  #build #projects #technology #computerscience #gamedev #ai #webdev",CAROUSEL_ALBUM,FEED,https://www.instagram.com/p/DOrJBXKjkAc/,2025-09-16T16:17:06+0000,72,3,1704.0,72.0,3.0,6.0,9.0,91,7789.0,,,IG carousel,2025-09-16,2025,9,September,Tuesday,12,12 PM,5.34,1.482,4.571,62.0,0.0
17893613469322263,2026-09-05,"Want your resume to stand out? We’re teaming up with Google recruiters for an exclusive Google Resume Workshop!  - Learn insider tips on how to craft a strong resume - Get personalized feedback directly from Google recruiters - Discover how to showcase your skills and experiences to land your dream role  📅 Tuesday, Sept 23 🕑 2:00 – 4:00 PM 📍 GC 140  ✨Open to everyone – don’t miss this chance to level up your resume!  👉 Register now at go.fiu.edu/init  #fiu #workshop #google #init #resume",CAROUSEL_ALBUM,FEED,https://www.instagram.com/p/DOrbtO1D9wX/,2025-09-16T21:43:40+0000,73,2,1038.0,73.0,2.0,4.0,10.0,90,5832.0,,,IG carousel,2025-09-16,2025,9,September,Tuesday,17,5 PM,8.671,1.466,5.618,17.0,1.0
17984135297855083,2026-09-05,"Huge thank you to MSI for sponsoring ShellHacks 2025!  Through their MSI Student Program, they support collegiate events nationwide by providing laptops, monitors, and cutting-edge hardware ✨. This year, MSI has equipped us with PRO MP275Q Monitors and the Claw 7 AI+ to give away 🎉  At ShellHacks, you’ll also get the chance to: - Learn about career opportunities with MSI - Visit their booth to explore the latest in gaming & tech innovation - Enter giveaways for MSI gear throughout the event  🚨Don’t wait — registration closes soon! Secure your spot at Florida’s largest hackathon happening Sept 26–28 at FIU.🚨  👉 Register now at shellhacks.net  #msi #hackathon #init #computerscience #technology #career",VIDEO,REELS,https://www.instagram.com/reel/DOtZPI-jkUb/,2025-09-17T16:00:00+0000,38,0,956.0,38.0,0.0,1.0,1.0,41,1660.0,7.0,7573.21,IG reel,2025-09-17,2025,9,September,Wednesday,12,12 PM,4.289,0.668,1.736,,
18069192344228812,2026-09-05,"🚨FINAL CALL! 🚨 ShellHacks 2025 registration closes Sept 22 – don’t miss your chance to be part of Florida’s Largest Hackathon!  💻 36 hours of coding, creating, and innovating 🤝 Network with recruiters & engineers from top tech companies 📚 Attend workshops to level up your skills 🎯 Compete in challenges & win amazing prizes 🌟 Meet students from CS, IT, Cybersecurity, and beyond  This is your last chance to apply and join us Sept 26–28 at FIU Graham Center for a weekend full of coding, community, and career opportunities!  👉 Apply now at shellhacks.net  #hackathon #fiu #init #technology #computerscience",IMAGE,FEED,https://www.instagram.com/p/DOtvAadj9lg/,2025-09-17T18:54:50+0000,54,1,2291.0,54.0,1.0,4.0,19.0,85,13710.0,,,IG image,2025-09-17,2025,9,September,Wednesday,14,2 PM,3.71,1.384,5.984,44.0,4.0
18096987778728613,2026-09-05,"Thinking about purchasing PC hardware? Students can save up to 10% when purchasing from the MSI US Store! Learn more at https://msi.gm/S0EEF3A1  Don’t miss this chance to upgrade your setup for school, coding, or gaming 🔥 👉 Shop now and save big!  #sponsored #msi #hardware #fiu #msigaming",IMAGE,FEED,https://www.instagram.com/p/DOt8FH8DyZP/,2025-09-17T21:05:01+0000,16,0,560.0,16.0,0.0,0.0,1.0,20,3513.0,,,IG image,2025-09-17,2025,9,September,Wednesday,17,5 PM,3.571,0.326,6.273,2.0,1.0
18036460139695996,2026-09-05,"🚨Wave 3 of ShellHacks Acceptances is OUT!🚨  Check your email to see if you’ve been accepted to join Florida’s Largest Hackathon 🎉  ✨We can’t wait to welcome even more of you to a weekend full of coding, networking, workshops, prizes, and unforgettable memories 🌊  #shellhacks #hackathon #fiu #technology #computerscience",IMAGE,FEED,https://www.instagram.com/p/DOvpZ4bjAjy/,2025-09-18T13:00:00+0000,22,0,660.0,22.0,0.0,0.0,6.0,29,3707.0,,,IG image,2025-09-18,2025,9,September,Thursday,9,9 AM,4.394,0.472,5.617,12.0,1.0
17848808730559413,2026-09-05,"Your degree isn’t enough, here’s why: Most entry-level jobs want 1–2 years of experience.  To get that experience, you need to land an internship. How can you land one? Hackathons!  At ShellHacks, you’ll meet recruiters and connect with over 35+ top companies like Google, Microsoft, and NVIDIA. You’ll also build projects to grow your portfolio and join workshops that strengthen your technical and soft skills.  We’re preparing you to be more than internship ready.   This is why you should register for ShellHacks.   Check it out now — link in bio.",VIDEO,REELS,https://www.instagram.com/reel/DOwAQYHDude/,2025-09-18T16:20:00+0000,192,11,3063.0,192.0,11.0,18.0,33.0,267,6204.0,10.45,38965.22,IG reel,2025-09-18,2025,9,September,Thursday,12,12 PM,8.717,4.348,2.025,,
18021453602561745,2026-09-05,Huge thank you to 1517 Fund for sponsoring ShellHacks 2025‼️ Check them out at ShellHacks to learn more about their internships and career opportunities in tech!  🔗 Register now at shellhacks.net ‼️  #fiu #shellhacks #1517fund #hackathon #technology,IMAGE,FEED,https://www.instagram.com/p/DOwLvuHjyZ7/,2025-09-18T20:00:00+0000,12,0,589.0,12.0,0.0,0.0,0.0,12,3746.0,,,IG image,2025-09-18,2025,9,September,Thursday,16,4 PM,2.037,0.195,6.36,4.0,0.0
18083241691928227,2026-09-05,Huge thank you to O’Reilly for sponsoring ShellHacks 2025‼️ Check them out at ShellHacks to learn more about their internships and career opportunities in tech!  🔗 Register now at shellhacks.net ‼️  #fiu #shellhacks #oreilly #hackathon #technology,IMAGE,FEED,https://www.instagram.com/p/DOwSqNbj1X5/,2025-09-18T21:00:00+0000,9,0,535.0,9.0,0.0,0.0,0.0,10,3612.0,,,IG image,2025-09-18,2025,9,September,Thursday,17,5 PM,1.869,0.163,6.751,6.0,0.0
18048762974317300,2026-09-05,"A huge thank you to all our Wave 2 Sponsors & Partners for supporting ShellHacks 2025! We can’t wait to see you at Florida’s largest hackathon!  If you haven’t registered yet, the deadline is September 22 — don’t miss your chance to code, network, and create with us! 👉 Register now at shellhacks.net  #fiu #sponsors #hackathon #tech #computerscience #shellhacks",IMAGE,FEED,https://www.instagram.com/p/DOyOPvzje7m/,2025-09-19T13:00:00+0000,50,0,900.0,50.0,0.0,2.0,6.0,59,4479.0,,,IG image,2025-09-19,2025,9,September,Friday,9,9 AM,6.556,0.961,4.977,40.0,0.0
17916705600177956,2026-09-05,"We’re excited to welcome City Furniture to ShellHacks 2025!  More than just furniture — they’re a tech-driven company leading with innovation and kindness   Here’s how you can connect with them at ShellHacks: 🤝 Meet their recruiters and engineers at the career fair - Attend their inspiring workshop: “Kindness is a Strategy” - Learn about career pathways, internships, and opportunities with City Furniture  Don’t miss the chance to connect, grow, and get inspired with a company that’s redefining the future of tech + retail!  👉 Apply now at shellhacks.net  #fiu #cityfurniture #tech #internships #hackthon #shellhacks",VIDEO,REELS,https://www.instagram.com/reel/DOyi3WmDXfh/,2025-09-19T16:00:00+0000,50,1,1286.0,50.0,1.0,3.0,1.0,56,2330.0,5.38,7938.6,IG reel,2025-09-19,2025,9,September,Friday,12,12 PM,4.355,0.912,1.812,,
18087761422671776,2026-09-05,Huge thank you to JetBrains for sponsoring ShellHacks 2025‼️ Check them out at ShellHacks to learn more about their internships and career opportunities in tech!  🔗 Register now at shellhacks.net ‼️  #fiu #shellhacks #jetbrains #hackathon #technology,IMAGE,FEED,https://www.instagram.com/p/DOywmmDj5kG/,2025-09-19T18:00:00+0000,22,0,589.0,22.0,0.0,0.0,0.0,22,4004.0,,,IG image,2025-09-19,2025,9,September,Friday,14,2 PM,3.735,0.358,6.798,9.0,0.0
18158296255390281,2026-09-05,"Big thank you to Netflix for sponsoring ShellHacks 2025!  They’ll be bringing an incredible lineup to the hackathon: - Workshop: “Netflix and Skill” – go behind the scenes with a Netflix engineer & recruiter to learn what they look for - Challenge: “Beyond the Bench” – build the next big thing in interactive entertainment (choose-your-own-adventure style!) 🤝 Visit their booth to connect with recruiters, get tips on how to stand out, and learn about their internships releasing this October  ⚡ Don’t miss out on your chance to meet Netflix and explore all they have to offer at ShellHacks!  🚨 Reminder: Today, Sept 22, is the FINAL day to apply for ShellHacks! 👉 Register now at shellhacks.net  #hackathon #fiu #netflix #init #technology",VIDEO,REELS,https://www.instagram.com/reel/DO6VOjbjpg0/,2025-09-22T16:31:08+0000,54,2,1303.0,54.0,2.0,5.0,5.0,68,2406.0,8.9,14100.74,IG reel,2025-09-22,2025,9,September,Monday,12,12 PM,5.219,1.107,1.847,,
17911402800211560,2026-09-05,Huge thank you to our Final Wave of Sponsors & Partners for supporting ShellHacks 2025‼️ We’re so grateful for their support in making ShellHacks possible and helping us create opportunities for students in tech 🌊✨  🔗 Register now at shellhacks.net ‼️  #fiu #shellhacks #hackathon #technology #sponsors,IMAGE,FEED,https://www.instagram.com/p/DO6mStLj35U/,2025-09-22T19:04:46+0000,38,0,1171.0,38.0,0.0,1.0,6.0,46,4555.0,,,IG image,2025-09-22,2025,9,September,Monday,15,3 PM,3.928,0.749,3.89,17.0,0.0
17843148063581020,2026-09-05,Huge thank you to Deloitte for sponsoring ShellHacks 2025‼️ Check them out at ShellHacks to learn more about their internships and career opportunities in tech!  🔗 Register now at shellhacks.net ‼️  #fiu #shellhacks #deloitte #hackathon #technology,IMAGE,FEED,https://www.instagram.com/p/DO6srY-jx8h/,2025-09-22T20:00:00+0000,12,0,665.0,12.0,0.0,2.0,0.0,14,3842.0,,,IG image,2025-09-22,2025,9,September,Monday,16,4 PM,2.105,0.228,5.777,13.0,0.0
18058403309571818,2026-09-05,"Ready to find your team and start building? Join us for the INIT Build Team Lead Mixer on Wednesday, Sept 23 from 3–4 PM in PG6 112!  - Meet the INIT Build Leads 🤝 Connect with potential team members - Learn how you can join a project and take it from idea → launch in just 9 weeks  🌟 Open to everyone — the perfect chance to get involved, network, and sign up for INIT Build!  👉 Register now at go.fiu.edu/init 🔗 Become a member at weareinit.org  #fiu #build #mixer #weareinit",CAROUSEL_ALBUM,FEED,https://www.instagram.com/p/DO68cjbj2V2/,2025-09-22T22:18:21+0000,97,4,2444.0,97.0,4.0,4.0,17.0,126,10088.0,,,IG carousel,2025-09-22,2025,9,September,Monday,18,6 PM,5.155,2.052,4.128,75.0,0.0
17872179636430425,2026-09-05,Huge thank you to Break Through Tech for sponsoring ShellHacks 2025‼️ Check them out at ShellHacks to learn more about their programs and opportunities in tech!  🔗 Register now at shellhacks.net ‼️  #fiu #shellhacks #breakthroughtech #hackathon #technology,IMAGE,FEED,https://www.instagram.com/p/DO8lb2XDopm/,2025-09-23T13:35:45+0000,10,0,645.0,10.0,0.0,0.0,0.0,10,3751.0,,,IG image,2025-09-23,2025,9,September,Tuesday,9,9 AM,1.55,0.163,5.816,11.0,0.0
18188671021322588,2026-09-05,"We’re proud to announce Google Cloud A2A/ADK as our Title Sponsor for ShellHacks 2025! 🐚  At ShellHacks, you’ll have the chance to: 🤝 Connect with Google Cloud recruiters and learn about internship opportunities - Explore how their A2A/ADK tools make it possible to build and innovate projects in seconds - Get inspired by the same technology powering the future of cloud innovation  A huge thank you to Google Cloud A2A/ADK for sponsoring and supporting Florida’s Largest Hackathon — we can’t wait to see you there❗️  #fiu #googlecloud #A2A #ADK #hackathon",VIDEO,REELS,https://www.instagram.com/reel/DO9Ki12Ce5_/,2025-09-23T19:00:00+0000,249,18,3279.0,249.0,18.0,16.0,19.0,305,5694.0,11.46,42439.24,IG reel,2025-09-23,2025,9,September,Tuesday,15,3 PM,9.302,4.967,1.737,,
18164388970372859,2026-09-05,Huge thank you to Xbox for sponsoring ShellHacks 2025‼️ Check them out at ShellHacks to learn more about their internships and career opportunities in tech!  🔗 Register now at shellhacks.net ‼️  #fiu #shellhacks #xbox #hackathon #technology,IMAGE,FEED,https://www.instagram.com/p/DO9fKRcjqeM/,2025-09-23T22:00:00+0000,20,0,624.0,20.0,0.0,0.0,0.0,20,3682.0,,,IG image,2025-09-23,2025,9,September,Tuesday,18,6 PM,3.205,0.326,5.901,14.0,0.0
18067424735519829,2026-09-05,Huge thank you to React Miami for sponsoring ShellHacks 2025‼️ They’ve generously donated tickets to the React Miami Conference 🎟️🔥 — the ultimate React conference in the US!  Don’t miss your chance to win at ShellHacks 🌊  #fiu #shellhacks #reactmiami #hackathon #technology,IMAGE,FEED,https://www.instagram.com/p/DO9mBNyD9Eg/,2025-09-23T23:00:00+0000,11,0,797.0,11.0,0.0,0.0,2.0,13,4343.0,,,IG image,2025-09-23,2025,9,September,Tuesday,19,7 PM,1.631,0.212,5.449,9.0,0.0
17935160747962422,2026-09-05,Huge thank you to LearnPack for sponsoring ShellHacks 2025‼️ Check them out at ShellHacks to learn more about their products and opportunities in tech!  We can’t wait to see you at ShellHacks! 🐚  #fiu #shellhacks #learnpack #hackathon #technology,IMAGE,FEED,https://www.instagram.com/p/DO_GOuBjYN8/,2025-09-24T13:00:00+0000,7,0,535.0,7.0,0.0,0.0,0.0,8,3790.0,,,IG image,2025-09-24,2025,9,September,Wednesday,9,9 AM,1.495,0.13,7.084,8.0,0.0
18089372569882611,2026-09-05,"First time at ShellHacks? Here’s what you can expect:      1    Over a thousand hackers, mentors, and sponsors ready to connect     2    Workshops happening all day and night     3    Free food and free merch     4    Hackers working and sleeping at the venue     5    Big giveaways—from an MSI Claw and Nintendo Switch to even bigger prizes revealed at the event  It’s more than just a hackathon—it’s an experience. Are you ready?  #ShellHacks #Hackathon #weareinit #fiu",VIDEO,REELS,https://www.instagram.com/reel/DO_Zk-Wjm9q/,2025-09-24T15:56:16+0000,240,6,3989.0,240.0,6.0,16.0,31.0,300,7012.0,11.8,55006.07,IG reel,2025-09-24,2025,9,September,Wednesday,11,11 AM,7.521,4.885,1.758,,
18055358627198781,2026-09-05,"The final round of ShellHacks acceptances is out. Check your email to see if you got in, we can’t wait to have you join us this year.  #fiu #shellhacks #hackathon #tech",IMAGE,FEED,https://www.instagram.com/p/DPADfTGj-ob/,2025-09-24T21:56:06+0000,25,0,958.0,25.0,0.0,0.0,1.0,27,5047.0,,,IG image,2025-09-24,2025,9,September,Wednesday,17,5 PM,2.818,0.44,5.268,12.0,0.0
18051050708296925,2026-09-05,"🚀 We're excited to announce the Autonomous AI Agent Challenge from Google Cloud at ShellHacks!  Our title sponsor has brought ShellHacks a revolutionary challenge - Use Google’s Agent Development Kit (ADK) and Agent2Agent protocol (A2A) to design an innovative AI agent that solves a real-world business or developer problem!   Your agent will tackle complex workflows with autonomous loops and parallel processes. Sounds exciting, right? This is your chance to build an impactful solution that showcases the future of AI.   🏆 Prizes include: 1st place - $1,000 in credits for each team member 2nd place - $800  in credits for each team member 3rd place - $500  in credits for each team member Featured on Google social media channels Google Cloud jackets  Learn more about this challenge and get started by visiting your ShellHacks Hacker Guide!  ADK website: https://google.github.io/adk-docs/  A2A website: https://a2a-protocol.org/latest/#what-is-a2a-protocol  #shellhacks #googlecloud #a2a #adk #hackathon",IMAGE,FEED,https://www.instagram.com/p/DPBrB65jWnH/,2025-09-25T13:00:00+0000,49,0,1131.0,49.0,0.0,6.0,7.0,62,5428.0,,,IG image,2025-09-25,2025,9,September,Thursday,9,9 AM,5.482,1.01,4.799,48.0,0.0
18062846054524784,2026-09-05,Huge thank you to World Kinect for sponsoring ShellHacks 2025! Check them out at ShellHacks to learn more about their internships and career opportunities. We can’t wait to see you at ShellHacks! 🐚  #fiu #shellhacks #worldkinect #hackathon #technology,IMAGE,FEED,https://www.instagram.com/p/DPBuctLjUyZ/,2025-09-25T13:30:00+0000,8,0,555.0,8.0,0.0,0.0,1.0,9,4139.0,,,IG image,2025-09-25,2025,9,September,Thursday,9,9 AM,1.622,0.147,7.458,3.0,0.0
18106282975587537,2026-09-05,Huge thank you to 4Geeks for sponsoring ShellHacks 2025! Meet their team at ShellHacks to learn more about their products and exciting opportunities in tech. We can’t wait to see you at ShellHacks! 🐚  #fiu #shellhacks #4geeks #hackathon #technology,IMAGE,FEED,https://www.instagram.com/p/DPB_lPyDnMz/,2025-09-25T16:00:00+0000,7,0,619.0,7.0,0.0,1.0,0.0,8,5172.0,,,IG image,2025-09-25,2025,9,September,Thursday,12,12 PM,1.292,0.13,8.355,4.0,0.0
17920952778159551,2026-09-05,"At ShellHacks 2025, hackers will have the chance to win incredible prizes while showcasing their innovation and creativity.  Prizes include: 	•	Apple MacBook Air 13” 	•	MSI PRO MP275Q Business & Productivity Monitor 	•	Tickets to the 2026 React Miami Conference ($500 value) 	•	Apple AirPods 4 for the Best First-Time Hacker  We can’t wait to see the projects our hackers bring to life and the impact they’ll make during Florida’s Largest Hackathon.  #shellhacks #weareinit #fiu #technology #hackathon",IMAGE,FEED,https://www.instagram.com/p/DPCJ1rejlAf/,2025-09-25T17:30:00+0000,61,1,1168.0,61.0,1.0,0.0,4.0,66,7516.0,,,IG image,2025-09-25,2025,9,September,Thursday,13,1 PM,5.651,1.075,6.435,36.0,0.0
18077076374040198,2026-09-05,Huge thank you to Wolfram for sponsoring ShellHacks 2025! We’re excited to have them join us and share more about their internships and opportunities in tech. We can’t wait to see you at ShellHacks! 🐚  #fiu #shellhacks #wolfram #hackathon #technology,IMAGE,FEED,https://www.instagram.com/p/DPCUOQoDmcx/,2025-09-25T19:00:00+0000,9,0,654.0,9.0,0.0,0.0,0.0,9,6145.0,,,IG image,2025-09-25,2025,9,September,Thursday,15,3 PM,1.376,0.147,9.396,2.0,0.0
18105855595573477,2026-09-05,Huge thank you to Addigy for sponsoring ShellHacks 2025! Come connect with their team at ShellHacks to learn more about their internships and job opportunities. We can’t wait to see you at ShellHacks! 🐚  #fiu #shellhacks #addigy #hackathon #technology,IMAGE,FEED,https://www.instagram.com/p/DPCoxgVDgTV/,2025-09-25T22:00:00+0000,12,0,832.0,12.0,0.0,1.0,1.0,14,6837.0,,,IG image,2025-09-25,2025,9,September,Thursday,18,6 PM,1.683,0.228,8.218,10.0,0.0
17993380475834398,2026-09-05,A big thank you to INIT National for sponsoring ShellHacks 2025! We’re excited to have them join us — make sure to check them out and talk to their team about their programs and opportunities. We can’t wait to see you at ShellHacks! 🐚  #fiu #shellhacks #init #hackathon #technology,IMAGE,FEED,https://www.instagram.com/p/DPEkZc7jpvL/,2025-09-26T16:00:00+0000,29,0,1288.0,29.0,0.0,0.0,3.0,32,7764.0,,,IG image,2025-09-26,2025,9,September,Friday,12,12 PM,2.484,0.521,6.028,29.0,0.0
18052752458557034,2026-09-05,Hackers summed up @googlecloud at ShellHacks in one word and showed us how A2A and ADK took their projects to the next level 🔥  #ShellHacks2025 #GoogleCloud #HackTheFuture #init,VIDEO,REELS,https://www.instagram.com/reel/DPJ6NiwCQ01/,2025-09-28T17:47:57+0000,100,0,1912.0,100.0,0.0,4.0,7.0,112,3499.0,8.6,19248.34,IG reel,2025-09-28,2025,9,September,Sunday,13,1 PM,5.858,1.824,1.83,,
18419914510110354,2026-09-05,"🎮 Ready to level up your skills? Join us for Game Dev 101 — learn the fundamentals of game development and set up your tools with the INIT Explore series!  🗓 Wednesday, Oct 8 | 4:30–6:30 PM 📍 VH 131 | Open to everyone!  Register now → go.fiu.edu/init Become a member → weareinit.org  #weareinit #fiu #technology #gamedev #initexplore",CAROUSEL_ALBUM,FEED,https://www.instagram.com/p/DPd_rwuDYwb/,2025-10-06T13:00:00+0000,48,0,906.0,48.0,0.0,1.0,0.0,49,4197.0,,,IG carousel,2025-10-06,2025,10,October,Monday,9,9 AM,5.408,0.798,4.632,23.0,0.0
17884139919265841,2026-09-05,"💼 Want to make a lasting impression on recruiters? Join us for INIT Reach: Stand Out to Recruiters and learn tips on how to stand out during career fairs, interviews, and networking events!  🗓 Wednesday, Oct 8 | 1:30–3:00 PM 📍 CASE 132 | Open to everyone!  Register now → go.fiu.edu/init Become a member → weareinit.org  #weareinit #fiu #technology #careerprep #initreach",CAROUSEL_ALBUM,FEED,https://www.instagram.com/p/DPeUVC9DR12/,2025-10-06T16:00:00+0000,93,1,1232.0,93.0,1.0,3.0,8.0,105,5125.0,,,IG carousel,2025-10-06,2025,10,October,Monday,12,12 PM,8.523,1.71,4.16,28.0,0.0
18065921705601726,2026-09-05,"Brunch with E-Board Come hang out with the INIT team, enjoy some good food, and learn more about the open E-Board positions and what it’s like to be part of FIU’s largest tech community.  It’s the perfect chance to chat with current members, ask questions, and see where you might fit in!  📅 Monday, October 13 | 2–3:30 PM 📍 PG6 116 | Open to everyone  Register now → go.fiu.edu/init View open roles → go.fiu.edu/e-board  #weareinit #fiu #technology #leadership #community #computerscience",CAROUSEL_ALBUM,FEED,https://www.instagram.com/p/DPjd59ljUpj/,2025-10-08T16:00:00+0000,37,0,1079.0,37.0,0.0,2.0,3.0,42,4390.0,,,IG carousel,2025-10-08,2025,10,October,Wednesday,12,12 PM,3.892,0.684,4.069,10.0,1.0
18153038974406358,2026-09-05,"Build smarter with Google Cloud ☁️  Ever wondered what it would be like to create an AI that automates your daily tasks? With Google Cloud’s A2A protocol and ADK toolkit, you can build, connect, and scale autonomous agents that work with you — not just for you.  Explore how you can get started and take your projects to the next level: 🔗 ADK on GitHub → github.com/google/adk 🔗 Learn more about A2A → a2a-protocol.org/latest/#what-is-a2a-protocol  Keep experimenting. Keep connecting. Keep pushing what’s possible. #weareinit #fiu #googlecloud #adk #a2a #technology #innovation",CAROUSEL_ALBUM,FEED,https://www.instagram.com/p/DPmCwWiju1j/,2025-10-09T16:00:00+0000,37,1,1034.0,37.0,1.0,17.0,6.0,62,4706.0,,,IG carousel,2025-10-09,2025,10,October,Thursday,12,12 PM,5.996,1.01,4.551,19.0,0.0
17895231573338062,2026-09-05,"Arduino in Action 🤖 Ready to dive into hardware? Learn how Arduino controls LEDs, motor speeds, and brings your projects to life!  Whether you’re new to microcontrollers or want hands-on experience with real hardware, this session is for you. Come explore, experiment, and create with us.  📅 Monday, October 13 | 4–6 PM 📍 PG 116 | Open to everyone  Register now → go.fiu.edu/init Become a member → weareinit.org  #weareinit #fiu #technology #arduino #innovation #initexplore",CAROUSEL_ALBUM,FEED,https://www.instagram.com/p/DPopmbDjinv/,2025-10-10T16:18:44+0000,37,0,892.0,37.0,0.0,2.0,3.0,43,3640.0,,,IG carousel,2025-10-10,2025,10,October,Friday,12,12 PM,4.821,0.7,4.081,11.0,0.0
17875760922328798,2026-09-05,"Crack the Tech Interview Get insider tips on technical interviews, coding prep, and how to stand out to recruiters. Perfect for anyone looking to level up their interview game.  📅 Wednesday, October 15 | 1:30–3 PM 📍 CASE 132 | Open to everyone  Register now → go.fiu.edu/init Become a member → weareinit.org  #weareinit #fiu #technology #careerprep #reach #techinterviews",CAROUSEL_ALBUM,FEED,https://www.instagram.com/p/DPrMSzEjgYl/,2025-10-11T16:00:00+0000,46,3,979.0,46.0,3.0,5.0,12.0,66,4074.0,,,IG carousel,2025-10-11,2025,10,October,Saturday,12,12 PM,6.742,1.075,4.161,17.0,0.0
18040323692694339,2026-09-05,"Ready to start coding? Learn HTML basics and create your very first webpage — perfect for anyone looking to kickstart their web dev journey.  📅 Thursday, October 16 | 4–6 PM 📍 PG5 155 | Open to everyone  Register now → go.fiu.edu/init Become a member → weareinit.org  #weareinit #fiu #webdev #initexplore #technology",CAROUSEL_ALBUM,FEED,https://www.instagram.com/p/DPwXFUgjkY_/,2025-10-13T16:07:06+0000,32,2,963.0,32.0,2.0,3.0,2.0,39,3916.0,,,IG carousel,2025-10-13,2025,10,October,Monday,12,12 PM,4.05,0.635,4.066,21.0,0.0
18076035026515828,2026-09-05,"🎮 Bring Mario to life! Learn how to program movement, jumping, and camera control — the building blocks behind every platform game.  📅 Wednesday, October 15 | 4–6 PM 📍 VH 131 | Open to everyone  Register now → go.fiu.edu/init Become a member → weareinit.org  #weareinit #fiu #technology #gamedev #initexplore",CAROUSEL_ALBUM,FEED,https://www.instagram.com/p/DPwqcoxD9DI/,2025-10-13T19:00:00+0000,31,1,813.0,31.0,1.0,1.0,3.0,37,3306.0,,,IG carousel,2025-10-13,2025,10,October,Monday,15,3 PM,4.551,0.603,4.066,4.0,0.0
18056243456248208,2026-09-05,"🧠At ShellHacks 2025, Team VL-ADK took AI to the real world — building a robot powered by Google Cloud’s ADK that can find and navigate to everyday objects.  Their robot uses a YOLO-based vision model and agentic workflows to locate items, mark their position, and autonomously drive toward them.  By leveraging Google ADK’s orchestration tools, they combined AI reasoning, tool-calling, and robotic control — all with limited resources but maximum creativity.  Interested in building with Google ADK / A2A? Learn more at goo.gle/adk.  @googlecloud #ShellHacks #INITatFIU #VLADK #GoogleADK #A2A #AIinAction #Robotics #AIforGood",VIDEO,REELS,https://www.instagram.com/reel/DP2fD7CjNc2/,2025-10-16T01:16:59+0000,156,18,2507.0,156.0,18.0,6.0,61.0,244,4299.0,12.15,33003.78,IG reel,2025-10-15,2025,10,October,Wednesday,21,9 PM,9.733,3.973,1.715,,
17942400678068920,2026-09-05,"Come to our next INIT Explore class and keep learning with us! Let’s keep building, creating, and exploring Arduinos together.  📅 Monday, October 20 | 3:30–5:30 PM 📍 PG6 116 | Open to everyone  #weareinit #initexplore #fiu #arduino #technology",CAROUSEL_ALBUM,FEED,https://www.instagram.com/p/DP4aOZ4jwvz/,2025-10-16T19:12:14+0000,32,0,621.0,32.0,0.0,2.0,3.0,37,2584.0,,,IG carousel,2025-10-16,2025,10,October,Thursday,15,3 PM,5.958,0.603,4.161,8.0,0.0
18027804641733133,2026-09-05,"Check out CtrlARM, one of the incredible projects built at ShellHacks 2025 using Google Cloud’s A2A/ADK! 💪💻  CtrlARM was created to help people with mobility challenges use computers more easily. The team leveraged Google ADK to power intelligent agents that can communicate, deliberate, and decide together which one is best suited to perform a user’s task — from identifying apps on screen to enabling adaptive controls. 🤖✨  By connecting multiple agents through A2A, they built a truly collaborative AI system that makes computers more accessible for everyone.  Interested in building with Google Cloud A2A/ADK? Start your journey today at goo.gle/adk!  @googlecloud #ShellHacks #INITatFIU #GoogleADK #A2A #AccessibilityInTech #AIforGood",VIDEO,REELS,https://www.instagram.com/reel/DP4fuzejhiv/,2025-10-16T20:00:00+0000,96,15,2641.0,96.0,15.0,3.0,15.0,131,4517.0,10.89,34298.11,IG reel,2025-10-16,2025,10,October,Thursday,16,4 PM,4.96,2.133,1.71,,
18204243499311084,2026-09-05,"Ready to dive into AI? Learn the core concepts behind Artificial Intelligence and Machine Learning — and how models learn to make predictions.  📅 Tuesday, October 21 | 2:30–4:30 PM 📍 AHC5 201 | Open to everyone  Register now → go.fiu.edu/init Become a member → weareinit.org  #fiu #technology #artificialintelligence #machinelearning #init",CAROUSEL_ALBUM,FEED,https://www.instagram.com/p/DP6sCEKDmiM/,2025-10-17T16:26:19+0000,24,0,717.0,24.0,0.0,2.0,14.0,40,2906.0,,,IG carousel,2025-10-17,2025,10,October,Friday,12,12 PM,5.579,0.651,4.053,7.0,0.0
17890943997223232,2026-09-05,"Hear from FIU students who’ve landed internships and learn how you can too! Gain insights, tips, and real experiences that’ll help you take your next big step.  📅 Wednesday, October 22 | 1:30–3 PM 📍 CASE 132 | Open to everyone  Register now → go.fiu.edu/init Become a member → weareinit.org  #fiu #technology #internships #careerprep #init",CAROUSEL_ALBUM,FEED,https://www.instagram.com/p/DP69rfzDqln/,2025-10-17T19:00:00+0000,65,0,990.0,65.0,0.0,5.0,8.0,78,3690.0,,,IG carousel,2025-10-17,2025,10,October,Friday,15,3 PM,7.879,1.27,3.727,18.0,0.0
18003189890820780,2026-09-05,"Check out A11Y Tools, one of the amazing projects built at ShellHacks 2025 using Google Cloud’s A2A/ADK! 💡  A11Y Tools is a Gemini-powered Chrome extension designed to make web pages more accessible for everyone. The team built an agentic workflow that integrates Google ADK directly into webpages, allowing users to interact with forms and buttons using natural language and voice commands. 🗣️💻  Their biggest takeaway? Think of agents like a team — each LLM has a role, and the right tools make collaboration seamless.  Interested in building with Google Cloud A2A/ADK? Start your journey today at goo.gle/adk!  @googlecloud #ShellHacks #INITatFIU #GoogleADK #A2A #AccessibilityInTech #AIforGood",VIDEO,REELS,https://www.instagram.com/reel/DP7EfhGDmpM/,2025-10-17T20:00:00+0000,46,0,1277.0,46.0,0.0,3.0,1.0,50,1991.0,7.36,10176.56,IG reel,2025-10-17,2025,10,October,Friday,16,4 PM,3.915,0.814,1.559,,
18063934919111263,2026-09-05,"🎮 Keep your Mario project going! Join us to build platforms, pipes, and layouts for fun and creative gameplay.  📅 Wednesday, October 22 | 4:30–6:30 PM 📍 VH 131 | Open to everyone  Register now → go.fiu.edu/init Become a member → weareinit.org  #weareinit #fiu #technology #gamedev #explore",CAROUSEL_ALBUM,FEED,https://www.instagram.com/p/DP9l4M5Dw-8/,2025-10-18T19:30:00+0000,21,0,534.0,21.0,0.0,0.0,0.0,21,2486.0,,,IG carousel,2025-10-18,2025,10,October,Saturday,15,3 PM,3.933,0.342,4.655,4.0,0.0
18345510046161820,2026-09-05,"🚗 Team Draura brought driver safety to life at ShellHacks 2025 using Google Cloud’s ADK and Gemini!  After witnessing a serious crash on their way to the event, the team set out to rethink how people learn to drive safely. Draura is a 3D driving simulation that blends real Google Maps data with retro Game Boy-style visuals, letting players navigate real streets, face real hazards, and answer safety questions in real time.  Powered by multi-agent systems built with Google ADK, the game’s AI agents generate dynamic, location-aware scenarios and questions based on real-world traffic data. It’s educational, immersive, and surprisingly fun — turning serious safety training into an engaging experience.  Interested in building with Google Cloud ADK / A2A? Learn more at goo.gle/adk.  @GoogleCloud #ShellHacks #INITatFIU #Draura #GoogleADK #A2A #GeminiAI #AIinAction #SafetyTech #AIforGood #GameDev",VIDEO,REELS,https://www.instagram.com/reel/DP9pYuBDt-t/,2025-10-18T20:00:00+0000,38,0,1258.0,38.0,0.0,3.0,8.0,49,4800.0,46.03,65366.55,IG reel,2025-10-18,2025,10,October,Saturday,16,4 PM,3.895,0.798,3.816,,
18056486864244512,2026-09-05,"💻 Time to make your webpage stand out! Learn how to style your project with colors, fonts, and layouts at our next INIT Explore workshop.  📅 Thursday, October 23 | 4–6 PM 📍 PG5 155 | Open to everyone  Register now → go.fiu.edu/init Become a member → weareinit.org  #weareinit #fiu #technology #webdev #explore",CAROUSEL_ALBUM,FEED,https://www.instagram.com/p/DP93CuZj3Zi/,2025-10-18T22:00:00+0000,28,0,660.0,28.0,0.0,2.0,0.0,30,3004.0,,,IG carousel,2025-10-18,2025,10,October,Saturday,18,6 PM,4.545,0.489,4.552,4.0,0.0
17896972548180420,2026-09-05,"Join our next INIT Explore session and take your robotics skills to the next level! Learn new ways to enhance your projects and keep experimenting with what’s possible.  📅 Monday, October 27 | 3:30–5:30 PM 📍 PG6 116 | Open to everyone  Register now → go.fiu.edu/init Become a member → weareinit.org  #weareinit #fiu #technology #robotics #initexplore #innovation",CAROUSEL_ALBUM,FEED,https://www.instagram.com/p/DQDBzeOj5iU/,2025-10-20T22:10:00+0000,30,4,834.0,30.0,4.0,2.0,7.0,43,3468.0,,,IG carousel,2025-10-20,2025,10,October,Monday,18,6 PM,5.156,0.7,4.158,13.0,0.0
18100889836659280,2026-09-05,"Join our next INIT Explore session and dive into the world of AI! Learn the basics of Deep Learning and how models learn to recognize patterns and make decisions.  📅 Tuesday, October 28 | 2:30–4:30 PM 📍 AHC5 201 | Open to everyone  Register now → go.fiu.edu/init Become a member → weareinit.org  #fiu #technology #artificialintelligence #deeplearning #init",CAROUSEL_ALBUM,FEED,https://www.instagram.com/p/DQE_vHRjuC9/,2025-10-21T16:30:00+0000,53,0,1234.0,53.0,0.0,3.0,38.0,99,4436.0,,,IG carousel,2025-10-21,2025,10,October,Tuesday,12,12 PM,8.023,1.612,3.595,19.0,0.0
18073323896224491,2026-09-05,"💡 Simpler web, smarter browsing. That’s what Team Pathfinder set out to create at ShellHacks 2025 using Google Cloud’s ADK + Gemini 2.5 Flash! 🌐✨  Pathfinder is a Chrome extension that turns messy websites into guided experiences — scanning each page, understanding what you need, and highlighting the exact steps to get there. From students hunting for credible sources to workers managing returns, it makes the internet easier for everyone to use.  Built with HTML, CSS, JavaScript, and Google ADK, the team overcame OS issues, Git chaos, and UI challenges to build a tool that actually helps people — not just tech pros.  @googlecloud #ShellHacks #INITatFIU #GoogleADK #A2A",VIDEO,REELS,https://www.instagram.com/reel/DQFb3xejzQH/,2025-10-21T20:38:56+0000,32,0,1189.0,32.0,0.0,5.0,1.0,39,1924.0,6.83,9058.14,IG reel,2025-10-21,2025,10,October,Tuesday,16,4 PM,3.28,0.635,1.618,,
18545996464020418,2026-09-05,"Practice solving real interview-style data structure problems and get one step closer to landing that tech internship or full-time role. Let’s level up together!  📅 Wednesday, October 29 | 1:30–3 PM 📍 CASE 132 | Open to everyone  Register now → go.fiu.edu/init Become a member → weareinit.org  #init #fiu #technology #careerprep #datastructures #techinterviews",CAROUSEL_ALBUM,FEED,https://www.instagram.com/p/DQKQIXwjp0P/,2025-10-23T17:30:00+0000,27,0,693.0,27.0,0.0,4.0,4.0,35,3088.0,,,IG carousel,2025-10-23,2025,10,October,Thursday,13,1 PM,5.051,0.57,4.456,12.0,0.0
17953494636013352,2026-09-05,"Come learn JavaScript and keep building your web development skills with us!  📅 Thursday, October 30 | 4–6 PM 📍 PG5 155 | Open to everyone  Register now → go.fiu.edu/init Become a member → weareinit.org  #init #technology #computerscience #fiu #javascript #webdev",CAROUSEL_ALBUM,FEED,https://www.instagram.com/p/DQKaaijD0T1/,2025-10-23T19:00:00+0000,35,0,773.0,35.0,0.0,3.0,0.0,38,3548.0,,,IG carousel,2025-10-23,2025,10,October,Thursday,15,3 PM,4.916,0.619,4.59,10.0,0.0
18099865552709502,2026-09-05,"Come power up your project and unlock even more gameplay features! Keep building, keep creating, and make your Mario world even more fun.  📅 Wednesday, October 29 | 4:30–6:30 PM 📍 VH 131 | Open to everyone  Register now → go.fiu.edu/init Become a member → weareinit.org  #init #fiu #gamedev #unity #csharp #computerscience #techcommunity",CAROUSEL_ALBUM,FEED,https://www.instagram.com/p/DQM_SsAjnGh/,2025-10-24T19:00:00+0000,29,0,770.0,29.0,0.0,0.0,1.0,30,3453.0,,,IG carousel,2025-10-24,2025,10,October,Friday,15,3 PM,3.896,0.489,4.484,13.0,0.0
17945240331059406,2026-09-05,"Wear your best costume and come hang out with us for tricks, treats, and spooky fun!  📅 Thursday, Oct 30 | 2:30–3:30 PM 📍 AHC5 201 | Open to everyone  #init #fiu #halloween #techcommunity 🕸️✨",CAROUSEL_ALBUM,FEED,https://www.instagram.com/p/DQPonJjj7zQ/,2025-10-25T19:40:00+0000,66,0,1266.0,66.0,0.0,1.0,8.0,76,5016.0,,,IG carousel,2025-10-25,2025,10,October,Saturday,15,3 PM,6.003,1.238,3.962,11.0,0.0
18483852838072041,2026-09-05,"Come learn the basics of computer networks and get hands-on experience analyzing traffic with Wireshark!  📅 Monday, November 3 | 3:30–5:30 PM 📍 PG6 116 | Open to everyone  #init #fiu #technology #computerscience #networking #wireshark",CAROUSEL_ALBUM,FEED,https://www.instagram.com/p/DQZikq8jrhj/,2025-10-29T16:00:00+0000,23,0,723.0,23.0,0.0,1.0,10.0,34,3211.0,,,IG carousel,2025-10-29,2025,10,October,Wednesday,12,12 PM,4.703,0.554,4.441,6.0,0.0
18084645541823994,2026-09-05,"⚙️ Team SLiM took on a big challenge — making AI faster and more efficient.  Instead of running the same heavy tasks over and over, their project teaches smaller models to handle repeat questions while the bigger ones focus on the tough stuff. The result? Smarter performance, less waiting, and way lower costs 💡  Built at ShellHacks 2025 with Google Cloud’s ADK + Gemini, SLiM keeps improving every time you use it — proving that good tech doesn’t have to be complicated to be clever.  @GoogleCloud #ShellHacks #INITatFIU #SLiM #GoogleADK #GeminiAI #A2A #Innovation #SmartTech #AIforGood",VIDEO,REELS,https://www.instagram.com/reel/DQZ3KfPjjM0/,2025-10-29T19:00:00+0000,59,3,2019.0,59.0,3.0,6.0,6.0,76,3415.0,7.95,19727.0,IG reel,2025-10-29,2025,10,October,Wednesday,15,3 PM,3.764,1.238,1.691,,
18071675897249410,2026-09-05,"Learn how agentic AI and RAG work, and start building your own AI agents with us.  📅 Tuesday, November 4 | 2:30–4:30 PM 📍 AHC5 201 | Open to everyone  #init #fiu #technology #computerscience #ai #machinelearning",CAROUSEL_ALBUM,FEED,https://www.instagram.com/p/DQccCVejjxW/,2025-10-30T19:00:00+0000,30,0,772.0,30.0,0.0,2.0,5.0,37,3298.0,,,IG carousel,2025-10-30,2025,10,October,Thursday,15,3 PM,4.793,0.603,4.272,14.0,0.0
18110472994514764,2026-09-05,"💙 Huge thank you to the Google Cloud team for joining us at ShellHacks 2025 and powering this year’s ADK + A2A Challenge!  Hackers spent the weekend building incredible projects with Gemini and ADK, pushing the limits of what agentic AI can do. 🚀  🏆 Winning Projects: 🔹 Beacon – a safety app for pedestrians that helps users stay connected and protected on the go. 🔹 iMPOSTURE – an AI-powered posture coach that encourages better habits for focus and wellness. 🔹 A11Y Tools – a Chrome extension that makes web browsing more accessible for everyone.  Massive thanks to the Google mentors and engineers who guided hackers throughout the weekend — we couldn’t have done it without you! 💫  💻 Interested in building with Google Cloud ADK / A2A? 👉 Learn more at goo.gle/adk￼  @googlecloud #ShellHacks #INITatFIU #GoogleADK #GeminiAI #A2A #Hackathon #Innovation #AIforGood",CAROUSEL_ALBUM,FEED,https://www.instagram.com/p/DQekPDijuXv/,2025-10-31T14:50:51+0000,105,0,1267.0,105.0,0.0,4.0,2.0,112,5485.0,,,IG carousel,2025-10-31,2025,10,October,Friday,10,10 AM,8.84,1.824,4.329,13.0,0.0
18086592820768182,2026-09-05,"Collaborate with your team, make progress on your projects, and get ahead before finals! Come code, create, and build with us.  📅 Thursday, November 6 | 3–7 PM 📍 PG5 155 | Open to everyone  #init #fiu #technology #computerscience #hackathon #innovation #studentprojects",CAROUSEL_ALBUM,FEED,https://www.instagram.com/p/DQpKNVuCbjw/,2025-11-04T17:35:00+0000,33,1,890.0,33.0,1.0,1.0,15.0,50,3789.0,,,IG carousel,2025-11-04,2025,11,November,Tuesday,12,12 PM,5.618,0.814,4.257,11.0,0.0
18062260427154580,2026-09-05,"Come learn Linux basics and get your virtual machine up and running! Perfect for anyone building their CS foundation.  📅 Monday, November 10 | 3:30–5:30 PM 📍 PG6 116  #init #fiu #computerscience #technology #linux #virtualmachines",CAROUSEL_ALBUM,FEED,https://www.instagram.com/p/DQrrFELDm01/,2025-11-05T17:00:00+0000,19,0,597.0,19.0,0.0,1.0,0.0,20,2962.0,,,IG carousel,2025-11-05,2025,11,November,Wednesday,12,12 PM,3.35,0.326,4.961,6.0,0.0
17850661965543912,2026-09-05,"Come learn how to connect your project to real data and bring your app to life!  📅 Thursday, November 13 | 4–6 PM 📍 PG5 155  #init #fiu #computerscience #technology #webdev #databases #apis",CAROUSEL_ALBUM,FEED,https://www.instagram.com/p/DQzjvW2j3Jg/,2025-11-08T18:30:00+0000,22,0,730.0,22.0,0.0,3.0,3.0,28,3225.0,,,IG carousel,2025-11-08,2025,11,November,Saturday,13,1 PM,3.836,0.456,4.418,5.0,0.0
18071343305345468,2026-09-05,"Come learn how to design and animate your own third-person player controller — and keep leveling up your game dev skills with us.  📅 Wednesday, November 12 | 4:30–6:30 PM 📍 VH 131  #init #fiu #gamedev #unity #csharp #computerscience #technology",CAROUSEL_ALBUM,FEED,https://www.instagram.com/p/DQ2Bm4ujqxF/,2025-11-09T17:30:00+0000,21,0,749.0,21.0,0.0,3.0,12.0,36,3301.0,,,IG carousel,2025-11-09,2025,11,November,Sunday,12,12 PM,4.806,0.586,4.407,14.0,0.0
17893834950354283,2026-09-05,"The Capture the Flag showdown is officially back — and this year? New challenges. New puzzles. New prizes. Same adrenaline. Same mind games. Same heat. 🔥  Build your team. Study up. Or don’t. Just be ready.  🗓️ Friday, Nov 21 📍 PG6 116 👥 Teams up to 4  #init #fiu #ctf #cybersecurity #computerscience #capturetheflag",VIDEO,REELS,https://www.instagram.com/reel/DQ42dYVj6Sj/,2025-11-10T19:52:22+0000,79,3,1661.0,79.0,3.0,2.0,3.0,87,3231.0,6.71,13085.29,IG reel,2025-11-10,2025,11,November,Monday,14,2 PM,5.238,1.417,1.945,,
17899982778323694,2026-09-05,FLAGOPS is back. 🏁 Form your squad. Train up. Get ready. Your mission starts here.  🗓️ Nov 17 | 3:30–5:30 PM 📍 PG6 116 🔗 go.fiu.edu/init  #init #fiu #ctf #cybersecurity #flagops,IMAGE,FEED,https://www.instagram.com/p/DQ7cYsvj3Kf/,2025-11-11T20:00:00+0000,13,1,660.0,13.0,1.0,0.0,5.0,21,2744.0,,,IG image,2025-11-11,2025,11,November,Tuesday,15,3 PM,3.182,0.342,4.158,5.0,0.0
17986919537858123,2026-09-05,FlagOps is back and the mission is live! Build your squad (up to 4) and get ready to take on the ultimate cybersecurity challenge!   🗓️ Apply by Nov 17 📍 PG6 116 🔗 go.fiu.edu/flagops  Are you in? 👀,VIDEO,REELS,https://www.instagram.com/reel/DRFwLGtj5Ls/,2025-11-15T20:05:00+0000,81,2,2559.0,81.0,2.0,7.0,8.0,98,4611.0,6.36,18035.45,IG reel,2025-11-15,2025,11,November,Saturday,15,3 PM,3.83,1.596,1.802,,
18210983545313014,2026-09-05,Build an AI that detects emotions and objects in real time and walk out with a project you can show off 🔥  #init #floridainternationaluniversity #artificialintelligence #technology,CAROUSEL_ALBUM,FEED,https://www.instagram.com/p/DRIxc7kD_Xh/,2025-11-17T00:14:26+0000,33,0,822.0,33.0,0.0,4.0,14.0,51,3658.0,,,IG carousel,2025-11-16,2025,11,November,Sunday,19,7 PM,6.204,0.83,4.45,4.0,0.0
17990076221897659,2026-09-05,"Come explore advanced Arduino concepts with us and dive deeper into IoT, sensors, and more!  📅 Wednesday, November 19 | 3:30–5:30 PM 📍 VH 131  #init #fiu #technology #computerscience #arduino #hardwareengineering",CAROUSEL_ALBUM,FEED,https://www.instagram.com/p/DRKkWy1juYw/,2025-11-17T16:58:29+0000,23,0,934.0,23.0,0.0,0.0,3.0,26,3732.0,,,IG carousel,2025-11-17,2025,11,November,Monday,11,11 AM,2.784,0.423,3.996,11.0,0.0
18071746190348781,2026-09-05,CE problems require CE solutions.   #weareinit #computerscience #technology,VIDEO,REELS,https://www.instagram.com/reel/DRKyS-kCT7m/,2025-11-17T19:00:00+0000,233,0,3510.0,233.0,0.0,12.0,35.0,283,7036.0,7.12,27113.54,IG reel,2025-11-17,2025,11,November,Monday,14,2 PM,8.063,4.608,2.005,,
18093593344884320,2026-09-05,Dump your situationship and sign up for FlagOps! 🚩  📆 Apply by TONIGHT! 📍VH 131 🔗 go.fiu.edu/flagops  #weareinit #technology #capturetheflag,VIDEO,REELS,https://www.instagram.com/reel/DRP2SHjD2xL/,2025-11-19T18:14:45+0000,72,5,2030.0,72.0,5.0,1.0,13.0,91,3748.0,10.61,28775.56,IG reel,2025-11-19,2025,11,November,Wednesday,13,1 PM,4.483,1.482,1.846,,
18070886609060866,2026-09-05,We heard some of you are still interested…  We decided to open e-board roles again and decided to expand our team to fit everyone’s interest!  Apply now as we will be checking applications on a daily basis 🤭  #floridainternationaluniversity #init #computersciencestudent  #team,CAROUSEL_ALBUM,FEED,https://www.instagram.com/p/DRir-_dDKws/,2025-11-27T01:46:55+0000,92,0,1782.0,92.0,0.0,11.0,14.0,119,6382.0,,,IG carousel,2025-11-26,2025,11,November,Wednesday,20,8 PM,6.678,1.938,3.581,28.0,0.0
18543447277061313,2026-09-05,"If you need a push to study for finals this is it, come get work done with us! 📚  #floridainternationaluniversity #finalsweek #initfiu #study #computerscience",CAROUSEL_ALBUM,FEED,https://www.instagram.com/p/DRu_FUfj68f/,2025-12-01T20:24:41+0000,34,0,876.0,34.0,0.0,0.0,1.0,35,3438.0,,,IG carousel,2025-12-01,2025,12,December,Monday,15,3 PM,3.995,0.57,3.925,3.0,0.0
18341805817229353,2026-09-05,"It’s time — Demo Day is here! 🚀 Join us as we wrap up the semester with good vibes, great people, and the incredible projects our teams have been building all season.  Come celebrate, get inspired, and see what INIT students have created! 📅 Friday, December 5 🕔 5–7 PM 📍 PG6 116  Let’s finish the year strong — see you there! 🔥  #init #fiu #demoday #projects #computing #innovation",CAROUSEL_ALBUM,FEED,https://www.instagram.com/p/DRxdrblD9Ir/,2025-12-02T19:30:00+0000,86,0,1657.0,86.0,0.0,2.0,9.0,97,5049.0,,,IG carousel,2025-12-02,2025,12,December,Tuesday,14,2 PM,5.854,1.58,3.047,16.0,1.0
18079617869137349,2026-09-05,Demo Day was last Friday and our teams showed off some seriously impressive projects! 🤩  Which one was your favorite?  #weareinit #computerscience #cybersecurity #womenintech #artificialintelligence #floridainternationaluniversity,VIDEO,REELS,https://www.instagram.com/reel/DSA2_PdkX4T/,2025-12-08T19:00:00+0000,171,12,4460.0,171.0,12.0,12.0,36.0,242,7071.0,9.4,52206.42,IG reel,2025-12-08,2025,12,December,Monday,14,2 PM,5.426,3.941,1.585,,
17847031668616708,2026-09-05,Your yearly wrap is here! INIT Edition 💛  It has been our pleasure hosting you this year and we hope to continue to be part of your personal and professional development. To a new year of continued growth with INIT by your side!  #init #floridainternationaluniversity #wrap #y#spotifywrapped,CAROUSEL_ALBUM,FEED,https://www.instagram.com/p/DSBO3Slj5qq/,2025-12-08T22:28:55+0000,74,0,1264.0,74.0,0.0,1.0,1.0,77,4580.0,,,IG carousel,2025-12-08,2025,12,December,Monday,17,5 PM,6.092,1.254,3.623,15.0,0.0
17890188393391391,2026-09-05,Ever thought about leading your own team? 👥  This is your chance to not only lead but gain real world experience that you can share on your resume.  Add this to your new year’s resolution by registering today💫  #floridainternationaluniversity #weareinit #newyearsresolution #resume,CAROUSEL_ALBUM,FEED,https://www.instagram.com/p/DSLGyP4kaIy/,2025-12-12T18:30:43+0000,64,1,1288.0,64.0,1.0,1.0,20.0,87,4240.0,,,IG carousel,2025-12-12,2025,12,December,Friday,13,1 PM,6.755,1.417,3.292,19.0,0.0
17900497308359284,2026-09-05,"We’re kicking off the spring the right way ‼️ Join us at our Spring Kickoff Meeting to meet the community, learn what INIT has planned, and start the semester strong in tech.  Whether you’re new or returning, this is the place to be. 📅 Friday, January 9 | 3–5 PM 📍 GL 100  P.S. Yes… there will be Chick-fil-A 👀🐔  #init #fiu #fiuhonors #technology #computerscience",CAROUSEL_ALBUM,FEED,https://www.instagram.com/p/DTLpK8FD6HU/,2026-01-06T20:02:35+0000,290,11,6906.0,290.0,11.0,10.0,37.0,358,15062.0,,,IG carousel,2026-01-06,2026,1,January,Tuesday,15,3 PM,5.184,5.83,2.181,287.0,7.0
18095079406917800,2026-09-05,"If they say it’s for INIT, you already know 👀 GBM loading…  📅 Friday, January 9 🕒 3–5 PM 📍 GL 100  Pull up and kick off the semester with us 🚀  #init #fiu #technology #spring #computerscience",VIDEO,REELS,https://www.instagram.com/reel/DTOSHwmEXwo/,2026-01-07T20:41:59+0000,126,10,2772.0,126.0,10.0,0.0,14.0,157,6346.0,5.76,21789.71,IG reel,2026-01-07,2026,1,January,Wednesday,15,3 PM,5.664,2.557,2.289,,
18301666201282310,2026-09-05,"Will You Be There? 👀  📅 Friday, January 9 🕒 3–5 PM 📍 GL 100  #init #fiu #technology #spring #computerscience",VIDEO,REELS,https://www.instagram.com/reel/DTQvu7AD8Vl/,2026-01-08T19:37:53+0000,87,3,2411.0,87.0,3.0,1.0,21.0,122,4421.0,5.45,16653.69,IG reel,2026-01-08,2026,1,January,Thursday,14,2 PM,5.06,1.987,1.834,,
17951702426932521,2026-09-05,"Not sure where to start in tech?🧐 Join us to explore different career paths in tech and find what fits you best.  📅 Tuesday, January 13 🕒 2:30–3:30 PM 📍 INV1 302  Open to everyone — pull up and learn more 🚀  #init #fiu #reach #computerscience #technology",CAROUSEL_ALBUM,FEED,https://www.instagram.com/p/DTach2EjbKx/,2026-01-12T14:00:00+0000,58,0,1091.0,58.0,0.0,5.0,6.0,72,3213.0,,,IG carousel,2026-01-12,2026,1,January,Monday,9,9 AM,6.599,1.172,2.945,25.0,0.0
18051892589416523,2026-09-05,"Join us for our Intro to GitHub Workshop and learn the platform used by real-world software teams.  📅 Thursday, January 15 🕓 4–6 PM 📍 VH 131  Open to everyone — no experience required 🚀  #init #fiu #github #technology #computerscience",CAROUSEL_ALBUM,FEED,https://www.instagram.com/p/DTdScuaDmo-/,2026-01-13T17:00:00+0000,49,0,901.0,49.0,0.0,5.0,4.0,61,2601.0,,,IG carousel,2026-01-13,2026,1,January,Tuesday,12,12 PM,6.77,0.993,2.887,28.0,0.0
18079517039213068,2026-09-05,Meet the 2026 executive board at INIT! 🙌🙌  #weareinit #fiu #computerscience #technology #eboard,VIDEO,REELS,https://www.instagram.com/reel/DTf-Ki6jr-X/,2026-01-14T17:30:00+0000,194,14,4188.0,194.0,14.0,13.0,51.0,277,7268.0,15.59,78488.77,IG reel,2026-01-14,2026,1,January,Wednesday,12,12 PM,6.614,4.511,1.735,,
18547996915020357,2026-09-05,"UPLIFT is back and mentor applications are OPEN for Spring 26. 🙌🤝  Get trained, lead weekly workshops, and help other students level up through mentorship.💻  #init #fiu #tech #technology #uplift",CAROUSEL_ALBUM,FEED,https://www.instagram.com/p/DTgYkjGD4it/,2026-01-14T21:21:35+0000,50,0,942.0,50.0,0.0,4.0,3.0,60,2649.0,,,IG carousel,2026-01-14,2026,1,January,Wednesday,16,4 PM,6.369,0.977,2.812,18.0,0.0
18067289618552261,2026-09-05,Intro to Robotics is here. 🤖  Come learn Arduino basics and bring your first build to life.✨  #fiu #hardware #arduino #explore #init,CAROUSEL_ALBUM,FEED,https://www.instagram.com/p/DTi0C8eDs_o/,2026-01-15T20:00:00+0000,37,0,654.0,37.0,0.0,1.0,1.0,40,1835.0,,,IG carousel,2026-01-15,2026,1,January,Thursday,15,3 PM,6.116,0.651,2.806,11.0,0.0
17897173800379549,2026-09-05,"Explore is back for Spring 26 and applications are OPEN.  Pick a track (AI/ML, Game Dev, Hardware, Web Dev), learn the basics, and build something real with us.  #fiu #explore #init #gamedev #webdevelopment",CAROUSEL_ALBUM,FEED,https://www.instagram.com/p/DTjBRpiDybZ/,2026-01-15T21:55:45+0000,46,0,807.0,46.0,0.0,3.0,4.0,58,2195.0,,,IG carousel,2026-01-15,2026,1,January,Thursday,16,4 PM,7.187,0.944,2.72,7.0,0.0
17976482813972384,2026-09-05,"IGNITE is back 🔥 If you’ve ever wanted to teach, give back, and grow your skills at the same time, this one’s for you. Applications for Spring ’26 are now open, and we’re looking for people ready to make an impact.  Apply now:  🔗 go.fiu.edu/IgniteApplication-ig  #fiu #ignite #fiuhonors #init #teach",CAROUSEL_ALBUM,FEED,https://www.instagram.com/p/DTlFq4QDqqU/,2026-01-16T17:12:38+0000,46,0,751.0,46.0,0.0,1.0,6.0,55,2144.0,,,IG carousel,2026-01-16,2026,1,January,Friday,12,12 PM,7.324,0.896,2.855,15.0,2.0
18074772455067941,2026-09-05,"Curious about teaching code and making an impact? 👀  Come learn how IGNITE_ lets you grow your skills by helping others grow theirs. Low pressure, good vibes, real experience 💚  #fiu #ignite #init #teach #community",CAROUSEL_ALBUM,FEED,https://www.instagram.com/p/DTlY2Rbjkoe/,2026-01-16T20:00:00+0000,51,0,996.0,51.0,0.0,1.0,2.0,54,2778.0,,,IG carousel,2026-01-16,2026,1,January,Friday,15,3 PM,5.422,0.879,2.789,20.0,0.0
17929056804188830,2026-09-05,Team Lead applications for Build are now open! ⚙️👩🏻‍💻  Lead a team project from idea to launch in 9 weeks.  Apply now:  🔗 go.fiu.edu/buildlead  #computerscience #weareinit #technology #fiu,VIDEO,REELS,https://www.instagram.com/reel/DTnpCdADlK2/,2026-01-17T17:00:00+0000,106,0,1545.0,106.0,0.0,4.0,4.0,120,2942.0,7.77,14365.37,IG reel,2026-01-17,2026,1,January,Saturday,12,12 PM,7.767,1.954,1.904,,
17995465793728193,2026-09-05,"Ever wondered how people actually land internships at Microsoft, Google, Amazon, and more? Ask them directly! 🤷🏻‍♀️💡  Join us at the init Tech Intern Panel and ask away!  #fiu #weareinit #technology",CAROUSEL_ALBUM,FEED,https://www.instagram.com/p/DTn9pppjhwW/,2026-01-17T20:00:00+0000,114,0,1522.0,114.0,0.0,16.0,9.0,141,4786.0,,,IG carousel,2026-01-17,2026,1,January,Saturday,15,3 PM,9.264,2.296,3.145,23.0,0.0
17913687069275624,2026-09-05,We’re looking for… 👀  Ignite Teachers!  💚 Apply now for the chance to give back to the community while growing your own skills.  🔗 go.fiu.edu/IgniteApplication-ig  🗓️ Join us for our Mixer on Jan 22nd from 5-7pm at VH 131  #fiu #ignite #computerscience #technology #community,VIDEO,REELS,https://www.instagram.com/reel/DTvXk5ujlR_/,2026-01-20T17:08:50+0000,141,8,3245.0,141.0,8.0,3.0,20.0,181,6376.0,7.29,27316.12,IG reel,2026-01-20,2026,1,January,Tuesday,12,12 PM,5.578,2.947,1.965,,
18402948001134408,2026-09-05,"Looking for guidance, support, and a community that’s got your back?  Uplift is here 💗 Applications are now open.  #uplift #init #mentee #computerscience #tech",CAROUSEL_ALBUM,FEED,https://www.instagram.com/p/DTvueuTjzii/,2026-01-20T20:21:38+0000,72,0,998.0,72.0,0.0,4.0,15.0,92,2918.0,,,IG carousel,2026-01-20,2026,1,January,Tuesday,15,3 PM,9.218,1.498,2.924,30.0,0.0
18072663839119116,2026-09-05,Where mentorship begins 🤝 Uplift pairing mixer is the start of it all.  #fiu #uplift #tech #mentor #computerscience,CAROUSEL_ALBUM,FEED,https://www.instagram.com/p/DTyWiz1jyLV/,2026-01-21T20:50:12+0000,40,0,785.0,40.0,0.0,3.0,3.0,47,2161.0,,,IG carousel,2026-01-21,2026,1,January,Wednesday,15,3 PM,5.987,0.765,2.753,16.0,0.0
18059276489673321,2026-09-05,Build something real. Build it with a team. 🚀 Applications are open—let’s get to work.  #fiu #build #init #member #tech,CAROUSEL_ALBUM,FEED,https://www.instagram.com/p/DT02REmDzC0/,2026-01-22T20:05:53+0000,39,0,823.0,39.0,0.0,6.0,7.0,56,2403.0,,,IG carousel,2026-01-22,2026,1,January,Thursday,15,3 PM,6.804,0.912,2.92,27.0,1.0
17979787451963694,2026-09-05,"Digital signals, real hardware. Come build and see it work 🔌🤖  #fiu #hardware #robotics #init #explore",CAROUSEL_ALBUM,FEED,https://www.instagram.com/p/DT08jN0D8mc/,2026-01-22T21:00:00+0000,52,0,837.0,52.0,0.0,2.0,6.0,64,2405.0,,,IG carousel,2026-01-22,2026,1,January,Thursday,16,4 PM,7.646,1.042,2.873,32.0,2.0
18549620302045341,2026-09-05,"Brunch 🤝 Tech 🤝 Good conversations Pull up, meet the E-Board, and learn what INIT’s all about 🙌  🔗 Sign up: https://go.fiu.edu/brunch-ig  #fiu #init #brunch #tech #networking",CAROUSEL_ALBUM,FEED,https://www.instagram.com/p/DT3ac7MjjmQ/,2026-01-23T20:00:00+0000,65,3,1251.0,65.0,3.0,2.0,7.0,80,3632.0,,,IG carousel,2026-01-23,2026,1,January,Friday,15,3 PM,6.395,1.303,2.903,37.0,0.0
18084225341141524,2026-09-05,"Curious what teams are building this semester? 👀 Meet the leads, hear about their projects, and get inspired.  #fiu #build #projects #webdev #gamedev",CAROUSEL_ALBUM,FEED,https://www.instagram.com/p/DT_WO2kD8kh/,2026-01-26T21:57:36+0000,54,2,1503.0,54.0,2.0,4.0,8.0,75,3531.0,,,IG carousel,2026-01-26,2026,1,January,Monday,16,4 PM,4.99,1.221,2.349,40.0,2.0
18152196094432336,2026-09-05,Meet the E-Board + Brunch. Dog included. 🥞  🔗go.fiu.edu/brunch-ig  🗓️Join us for brunch on Thursday at 3:30 p.m. VH131!!!  #fiu #brunch #computerscience #eboard #tech,VIDEO,REELS,https://www.instagram.com/reel/DUBmEhjj3Ua/,2026-01-27T18:56:11+0000,145,9,4235.0,145.0,9.0,7.0,22.0,190,7015.0,17.89,88423.59,IG reel,2026-01-27,2026,1,January,Tuesday,13,1 PM,4.486,3.094,1.656,,
18025191887790847,2026-09-05,"Making hardware come alive! Learn how sensors and Arduino help machines see, feel, and react to the real world 🤖✨  #fiu #hardware #robotics #init #explore",CAROUSEL_ALBUM,FEED,https://www.instagram.com/p/DUBvrWUj-Ov/,2026-01-27T20:18:26+0000,40,1,826.0,40.0,1.0,3.0,3.0,49,2387.0,,,IG carousel,2026-01-27,2026,1,January,Tuesday,15,3 PM,5.932,0.798,2.89,15.0,0.0
18110213302578194,2026-09-05,"If the sky says it, you gotta listen 👀  Team Lead Mixer is calling — come vibe, meet the leads, and see what’s cooking 🚀  🔗go.fiu.edu/buildmixer-ig  #fiu #computerscience #technology #build #init",VIDEO,REELS,https://www.instagram.com/reel/DUG3gIQj2VX/,2026-01-29T20:04:49+0000,85,0,2046.0,85.0,0.0,3.0,15.0,108,4006.0,5.56,13838.17,IG reel,2026-01-29,2026,1,January,Thursday,15,3 PM,5.279,1.759,1.958,,
17906470101343432,2026-09-05,"Ready to level up your interview game? 🚀  Reach applications are now open!  Learn technical interview prep, sharpen your career readiness skills, and get ready to ace that interview and land real opportunities.💼  🔗go.fiu.edu/reachinterest-ig  #init #reach #tech #leetcode",CAROUSEL_ALBUM,FEED,https://www.instagram.com/p/DURKgNPjwjT/,2026-02-02T20:01:27+0000,30,0,773.0,30.0,0.0,3.0,3.0,38,2186.0,,,IG carousel,2026-02-02,2026,2,February,Monday,15,3 PM,4.916,0.619,2.828,15.0,0.0
18073212470431759,2026-09-05,Join us for Robotics: Build a Mini Robot and bring hardware to life with a hands-on project. See you there!  #hardware #explore #init #fiu #tech,CAROUSEL_ALBUM,FEED,https://www.instagram.com/p/DUTam94DtN_/,2026-02-03T17:00:00+0000,25,0,597.0,25.0,0.0,0.0,2.0,27,1859.0,,,IG carousel,2026-02-03,2026,2,February,Tuesday,12,12 PM,4.523,0.44,3.114,11.0,0.0
18123123523491199,2026-09-05,"If you want hands-on experience and real teams, init Build is for you!  Apply here: 🔗 https://go.fiu.edu/buildmember-ig  ⚠️ Deadline: Friday, Feb 6th, 2025  #computerscience #technology #weareinit",VIDEO,REELS,https://www.instagram.com/reel/DUVvXyVjl58/,2026-02-04T14:52:26+0000,118,1,1823.0,118.0,1.0,8.0,14.0,145,3316.0,18.89,40029.69,IG reel,2026-02-04,2026,2,February,Wednesday,9,9 AM,7.954,2.361,1.819,,
17855514099613351,2026-09-05,"Build your own 3D world from scratch with movement, shaders, and all. Intro to Game Dev starts here 🎮✨  🔗go.fiu.edu/gamedev-ig  #init #gamedev #explore #tech #shaders",CAROUSEL_ALBUM,FEED,https://www.instagram.com/p/DUWUCfvDhrT/,2026-02-04T20:00:00+0000,33,0,647.0,33.0,0.0,2.0,2.0,40,2070.0,,,IG carousel,2026-02-04,2026,2,February,Wednesday,15,3 PM,6.182,0.651,3.199,11.0,0.0
18164848348405216,2026-09-05,"Ready to crush interviews and land that internship? 🚀  REACH Cohort applications are now open. Get hands-on with technical interview prep, resume reviews, and career readiness to level up your job search.  🔗 go.fiu.edu/reachinterest-ig  #fiu #init #reach #internships #tech",VIDEO,REELS,https://www.instagram.com/reel/DUYkL48jijx/,2026-02-05T17:00:00+0000,80,4,1753.0,80.0,4.0,3.0,23.0,115,3393.0,6.19,13340.65,IG reel,2026-02-05,2026,2,February,Thursday,12,12 PM,6.56,1.873,1.936,,
18421547953141737,2026-09-05,Master string problems used in technical interviews. REACH Tech Interview Prep: Strings 🔥  🔗go.fiu.edu/reachtip-ig  #fiu #init #reach #tech #interviews,CAROUSEL_ALBUM,FEED,https://www.instagram.com/p/DUY6g4mE3ZG/,2026-02-05T20:15:00+0000,56,0,792.0,56.0,0.0,1.0,8.0,68,2207.0,,,IG carousel,2026-02-05,2026,2,February,Thursday,15,3 PM,8.586,1.107,2.787,10.0,0.0
18053393726443811,2026-09-05,Looking for love this Valentine’s? 🐶💖 Your perfect match might have four paws.  🔗go.fiu.edu/valentines-ig  #dogs #tech #fiu #init #valentines,CAROUSEL_ALBUM,FEED,https://www.instagram.com/p/DUbJkK2jlQ5/,2026-02-06T17:05:39+0000,56,1,1247.0,56.0,1.0,1.0,8.0,71,3077.0,,,IG carousel,2026-02-06,2026,2,February,Friday,12,12 PM,5.694,1.156,2.468,7.0,0.0
17974542099005303,2026-09-05,"New semester, new builds 👀 Join us to see what projects are coming this spring.  #init #fiu #build #tech #projects",CAROUSEL_ALBUM,FEED,https://www.instagram.com/p/DUbqAxHD591/,2026-02-06T21:49:11+0000,73,0,1148.0,73.0,0.0,5.0,9.0,91,3028.0,,,IG carousel,2026-02-06,2026,2,February,Friday,16,4 PM,7.927,1.482,2.638,13.0,1.0
17901257952376078,2026-09-05,Ever blank in an interview even though you knew the answer?👀  REACH got you. Come to our workshops so that never happens again.  Last day to apply to the interest form!  🔗 https://go.fiu.edu/reachinterest-ig  #init #reach #tech #computerscience #career,VIDEO,REELS,https://www.instagram.com/reel/DUlfkv_Ds8E/,2026-02-10T17:30:00+0000,75,7,1528.0,75.0,7.0,3.0,6.0,97,3354.0,6.25,12070.2,IG reel,2026-02-10,2026,2,February,Tuesday,12,12 PM,6.348,1.58,2.195,,
18008928173835645,2026-09-05,Press a button. Make something happen. 🎮 Come learn how game mechanics really work.  🔗go.fiu.edu/gamedev2-ig  #explore #init #tech #gamedev #computerscience,CAROUSEL_ALBUM,FEED,https://www.instagram.com/p/DUoE8UwDmxo/,2026-02-11T17:35:00+0000,19,0,581.0,19.0,0.0,3.0,2.0,26,1814.0,,,IG carousel,2026-02-11,2026,2,February,Wednesday,12,12 PM,4.475,0.423,3.122,11.0,0.0
18509439805079359,2026-09-05,Would you hire you? 🤔 Let’s make sure recruiters would too.   🔗 https://go.fiu.edu/reachresume-ig  #resume #tech #init #fiu,CAROUSEL_ALBUM,FEED,https://www.instagram.com/p/DUqygPBD_0R/,2026-02-12T18:51:59+0000,45,0,713.0,45.0,0.0,2.0,3.0,52,2031.0,,,IG carousel,2026-02-12,2026,2,February,Thursday,13,1 PM,7.293,0.847,2.849,9.0,0.0
17952861150074332,2026-09-05,Professional development looks different for everyone 😌  #init #tech #fiu,VIDEO,REELS,https://www.instagram.com/reel/DU08W9gjmWd/,2026-02-16T17:30:00+0000,84,3,1679.0,84.0,3.0,2.0,2.0,94,3258.0,9.49,17868.02,IG reel,2026-02-16,2026,2,February,Monday,12,12 PM,5.599,1.531,1.94,,
18120226792582742,2026-09-05,Curious about AI but don’t know where to start?  We got you 🤝 Come learn the fundamentals with us.  #explore #ai #machinelearning #init #tech,CAROUSEL_ALBUM,FEED,https://www.instagram.com/p/DU3hJlrjj_U/,2026-02-17T17:30:00+0000,46,0,736.0,46.0,0.0,3.0,5.0,55,2069.0,,,IG carousel,2026-02-17,2026,2,February,Tuesday,12,12 PM,7.473,0.896,2.811,9.0,1.0
18104581936830062,2026-09-05,"Continue your game development journey by adding goals, coins, and an appealing user interface! 🎮  🔗go.fiu.edu/gamedev3-ig  #init #explore #gamedev #computerscience #tech",CAROUSEL_ALBUM,FEED,https://www.instagram.com/p/DU6FIVPCcso/,2026-02-18T17:23:21+0000,34,0,660.0,34.0,0.0,0.0,1.0,38,1857.0,,,IG carousel,2026-02-18,2026,2,February,Wednesday,12,12 PM,5.758,0.619,2.814,9.0,0.0
17892505572420222,2026-09-05,Arrays always show up in interviews 👀 Come review the core concepts and get interview ready with REACH 💻🚀  #reach #tech #init #fiu #arrays,CAROUSEL_ALBUM,FEED,https://www.instagram.com/p/DU8_aXDD-SH/,2026-02-19T20:31:07+0000,50,1,741.0,50.0,1.0,3.0,2.0,59,2134.0,,,IG carousel,2026-02-19,2026,2,February,Thursday,15,3 PM,7.962,0.961,2.88,12.0,0.0
18075988376100314,2026-09-05,"Meet your Engineering & Computing Science Senator Candidates! Ricardo Garcia and Bryan Gargurevich who are here to make a change.  Here is what they want to do for YOU: - Connecting CEC students to top-tier tech companies through real networking opportunities & internships - Securing funding & resources so organizations like INIT can host impactful events & workshops  - Building stronger bridges between CEC, SGA & university leadership — because you deserve better representation  If you are a student org and want to know how they can help comment “interested” to receive more info  Like, share, repost, and comment.  Voting happens March 10 and March 11  #sga #init #fiu #vote #tech",VIDEO,REELS,https://www.instagram.com/reel/DU_7hBuD0NP/,2026-02-20T23:55:00+0000,183,39,3560.0,183.0,39.0,6.0,26.0,273,6739.0,8.32,40924.08,IG reel,2026-02-20,2026,2,February,Friday,18,6 PM,7.669,4.446,1.893,,
18088869086328708,2026-09-05,We just want the best for you 😌   #init #tech #fiu,VIDEO,REELS,https://www.instagram.com/reel/DVJfYxZjN5L/,2026-02-24T17:02:44+0000,124,7,3299.0,124.0,7.0,9.0,8.0,154,6181.0,7.06,28751.23,IG reel,2026-02-24,2026,2,February,Tuesday,12,12 PM,4.668,2.508,1.874,,
18085007858520456,2026-09-05,Come learn the fundamentals for building websites!   Check out our Web Development cohort staring this month!  sign up: https://go.fiu.edu/webdev1-ig  #explore #websites #developer #init #fiu,CAROUSEL_ALBUM,FEED,https://www.instagram.com/p/DVY_dmADhGs/,2026-03-02T17:30:00+0000,28,0,553.0,28.0,0.0,1.0,1.0,34,1566.0,,,IG carousel,2026-03-02,2026,3,March,Monday,12,12 PM,6.148,0.554,2.832,5.0,0.0
18095681668995260,2026-09-05,Come learn from the cutest game developer! 🐶👾  🔗: https://go.fiu.edu/gamedev3-ig  #fiu #init #weareinit #tech,VIDEO,REELS,https://www.instagram.com/reel/DVZQFTrD6O5/,2026-03-02T19:55:58+0000,102,12,1485.0,102.0,12.0,2.0,17.0,139,3126.0,5.89,11133.03,IG reel,2026-03-02,2026,3,March,Monday,14,2 PM,9.36,2.263,2.105,,
18352181938227023,2026-09-05,Teach AI to recognize handwritten digits 🤖  Neural nets made simple.  Sign up: https://go.fiu.edu/explore-ai2-ig  #fiu #init #explore #neuralnetwork #ai,CAROUSEL_ALBUM,FEED,https://www.instagram.com/p/DVbkOyjDqRb/,2026-03-03T17:30:00+0000,26,0,507.0,26.0,0.0,2.0,6.0,34,1524.0,,,IG carousel,2026-03-03,2026,3,March,Tuesday,12,12 PM,6.706,0.554,3.006,7.0,0.0
18072476450180164,2026-09-05,Keep building your cozy game by adding a nice atmosphere using sounds and starting menu!  🔗https://go.fiu.edu/gamedev4-ig  #init #explore #gamedev #computer #tech,CAROUSEL_ALBUM,FEED,https://www.instagram.com/p/DVeTSogkdsJ/,2026-03-04T18:59:45+0000,56,5,1169.0,56.0,5.0,1.0,4.0,67,3104.0,,,IG carousel,2026-03-04,2026,3,March,Wednesday,13,1 PM,5.731,1.091,2.655,22.0,0.0
18241885963306991,2026-09-05,"Take a break, sing your favorite songs, and enjoy a fun afternoon with the community!  🔗https://go.fiu.edu/karaoke-ig  #karaoke #fiu #tech",CAROUSEL_ALBUM,FEED,https://www.instagram.com/p/DVguN4hjssF/,2026-03-05T17:33:31+0000,50,0,710.0,50.0,0.0,3.0,8.0,63,2130.0,,,IG carousel,2026-03-05,2026,3,March,Thursday,12,12 PM,8.873,1.026,3.0,12.0,0.0
18198038491341197,2026-09-05,( TIME CHANGE: 4:00pm - 5:30pm )Confidence in interviews starts with preparation. 🚀💬 Practice behavioral questions and get ready for your next opportunity.  🔗 https://go.fiu.edu/behavioral-ig  #fiu #init #reach #interview #tech,CAROUSEL_ALBUM,FEED,https://www.instagram.com/p/DVg4MJklBva/,2026-03-05T19:00:00+0000,39,2,699.0,39.0,2.0,0.0,1.0,46,1952.0,,,IG carousel,2026-03-05,2026,3,March,Thursday,14,2 PM,6.581,0.749,2.793,13.0,0.0
17880235983476921,2026-09-05,"🚀 The INIT community just got an upgrade!  We've launched a new and improved Discord built for better conversations, career help, and real connections with students in tech.  Join the FIU tech community and start building with us!  🔗 discord.gg/init",CAROUSEL_ALBUM,FEED,https://www.instagram.com/p/DVjxxESD9NM/,2026-03-06T22:02:15+0000,58,0,1000.0,58.0,0.0,2.0,1.0,64,2968.0,,,IG carousel,2026-03-06,2026,3,March,Friday,17,5 PM,6.4,1.042,2.968,12.0,0.0
18093958028006697,2026-09-05,Have you heard the news? 📰  Polls are officially open! If you are a Computer Science or Engineering major remember to vote with your future in mind and leave a vote for Ricardo and Bryan!  🔗 voting.fiu.edu  #fiu,VIDEO,REELS,https://www.instagram.com/reel/DVtWdyqAh0C/,2026-03-10T15:18:17+0000,64,9,1698.0,64.0,9.0,0.0,6.0,89,2735.0,5.33,10221.19,IG reel,2026-03-10,2026,3,March,Tuesday,11,11 AM,5.241,1.449,1.611,,
18091113134469295,2026-09-05,Build something you can actually show recruiters 💻✨ Come learn how to create your own portfolio website using HTML and CSS  🔗 https://go.fiu.edu/webdev2-ig  #explore #init #fiu #project #tech,CAROUSEL_ALBUM,FEED,https://www.instagram.com/p/DVtauzTjuJo/,2026-03-10T15:53:23+0000,16,0,371.0,16.0,0.0,0.0,1.0,18,1088.0,,,IG carousel,2026-03-10,2026,3,March,Tuesday,11,11 AM,4.852,0.293,2.933,3.0,0.0
17985565517791142,2026-09-05,Want to learn how to track objects 📍  Join us at our AI workshops and get ready to learn!  🔗https://go.fiu.edu/explore-ai3-ig  #fiu #explore #init #ai #tech,CAROUSEL_ALBUM,FEED,https://www.instagram.com/p/DVtxb_OjwKE/,2026-03-10T19:11:47+0000,31,0,573.0,31.0,0.0,0.0,3.0,37,1659.0,,,IG carousel,2026-03-10,2026,3,March,Tuesday,15,3 PM,6.457,0.603,2.895,8.0,0.0
17952780867095264,2026-09-05,When the lighting in your game finally looks good 😌✨  Come learn shader tools with us.  🔗 https://go.fiu.edu/gamedev5-ig  #fiu #explore #init #shaders #tech,CAROUSEL_ALBUM,FEED,https://www.instagram.com/p/DVwAYAgjtmT/,2026-03-11T16:00:00+0000,10,0,518.0,10.0,0.0,0.0,2.0,13,1403.0,,,IG carousel,2026-03-11,2026,3,March,Wednesday,12,12 PM,2.51,0.212,2.708,2.0,0.0
17905831920203332,2026-09-05,LinkedLists got you like 🤨? Come break them down and practice interview problems with us.  🔗 https://go.fiu.edu/linkedlist-ig  #init #fiu #reach #tech #lists,CAROUSEL_ALBUM,FEED,https://www.instagram.com/p/DVys3gUjusU/,2026-03-12T17:08:03+0000,30,0,1029.0,30.0,0.0,1.0,11.0,45,2386.0,,,IG carousel,2026-03-12,2026,3,March,Thursday,13,1 PM,4.373,0.733,2.319,21.0,1.0
17980887230975586,2026-09-05,"You’re halfway through the semester 👀 The Mid-Semester Hackathon is your chance to regroup with your team, speed up development, and figure out what to improve before the final stretch.  Build together. Debug together. Ship together. 🚀💻  BUILD members only.  🔗https://go.fiu.edu/buildhack-ig  #fiu #build #tech #code #hackathon",CAROUSEL_ALBUM,FEED,https://www.instagram.com/p/DV1YOfFFFMq/,2026-03-13T18:05:25+0000,36,2,740.0,36.0,2.0,1.0,2.0,44,2022.0,,,IG carousel,2026-03-13,2026,3,March,Friday,14,2 PM,5.946,0.716,2.732,13.0,0.0
17880357021477823,2026-09-05,"We’ve launched our new INIT Discord 🎉  A place for our community to stay connected, find upcoming events, join our LeetCode competitions, and talk tech with other builders.  New channels, new conversations, and a space where everyone can feel at home.  Join the community 👇 🔗 https://go.fiu.edu/initdiscord  #fiu #init #community #tech #discord",VIDEO,REELS,https://www.instagram.com/reel/DV1jFPjj5Q1/,2026-03-13T19:40:00+0000,72,4,1420.0,72.0,4.0,3.0,7.0,96,2983.0,9.93,19465.67,IG reel,2026-03-13,2026,3,March,Friday,15,3 PM,6.761,1.563,2.101,,
18122987659594707,2026-09-05,Static pages are cool… but interactive ones are better 😌 Level up your portfolio with CSS and JavaScript.  🔗 go.fiu.edu/webdev3-ig  #explore #fiu #init #tech #websites,CAROUSEL_ALBUM,FEED,https://www.instagram.com/p/DV9JpQalI9H/,2026-03-16T18:31:55+0000,34,0,770.0,34.0,0.0,0.0,4.0,40,2032.0,,,IG carousel,2026-03-16,2026,3,March,Monday,14,2 PM,5.195,0.651,2.639,7.0,0.0
18190460944362306,2026-09-05,"Stop by our table at GC Lawn tomorrow to meet the Perplexity team, learn more about their new program, and connect with others interested in tech. Plus, you can grab free Chick-fil-A while you’re there! 💙💻  🔗https://go.fiu.edu/perplexity-ig  #spring #fiu #tech #students",CAROUSEL_ALBUM,FEED,https://www.instagram.com/p/DV9TOFuD_xV/,2026-03-16T19:55:36+0000,52,0,1539.0,52.0,0.0,7.0,11.0,73,3316.0,,,IG carousel,2026-03-16,2026,3,March,Monday,15,3 PM,4.743,1.189,2.155,14.0,0.0
18101947820497908,2026-09-05,AI can group things by color… now you can too 🤖🎨 Come learn clustering and how it actually works.  🔗 go.fiu.edu/explore-ai-ig  #explore #init #fiu #ai #tech,CAROUSEL_ALBUM,FEED,https://www.instagram.com/p/DV_dKNTlTh3/,2026-03-17T16:00:00+0000,21,0,595.0,21.0,0.0,1.0,1.0,26,1690.0,,,IG carousel,2026-03-17,2026,3,March,Tuesday,12,12 PM,4.37,0.423,2.84,5.0,1.0
18122284675590090,2026-09-05,He’s just here for the free stuff (everything) 🤩  #weareinit #computerscience #technology,VIDEO,REELS,https://www.instagram.com/reel/DWABtA4gmd2/,2026-03-17T21:20:56+0000,94,1,2734.0,94.0,1.0,2.0,6.0,112,5627.0,5.24,17165.37,IG reel,2026-03-17,2026,3,March,Tuesday,17,5 PM,4.097,1.824,2.058,,
17997784706874858,2026-09-05,Ever had a good project but it just didn’t look right? 😅 Let’s fix that with Figma.  🔗 go.fiu.edu/uiux-ig  #fiu #init #explore #tech #figma,CAROUSEL_ALBUM,FEED,https://www.instagram.com/p/DWCGeRTFXG_/,2026-03-18T16:40:00+0000,19,0,773.0,19.0,0.0,2.0,4.0,25,2048.0,,,IG carousel,2026-03-18,2026,3,March,Wednesday,12,12 PM,3.234,0.407,2.649,12.0,0.0
18101669455738803,2026-09-05,Want to pitch your project idea? Learn how to create a proper resume?📚  Come to our workshop and learn how to pitch your projects at hackathons and during behavioral interviews!   🔗go.fiu.edu/projectpitch-ig  #fiu #init #reach #resume #tech,CAROUSEL_ALBUM,FEED,https://www.instagram.com/p/DWEqGEOFbkO/,2026-03-19T16:30:00+0000,20,0,609.0,20.0,0.0,3.0,5.0,30,1612.0,,,IG carousel,2026-03-19,2026,3,March,Thursday,12,12 PM,4.926,0.489,2.647,6.0,0.0
18094801751031882,2026-09-05,Want to learn backend development! 🧑‍💻  Come to our workshop where we will teach you new backend concepts to help improve your website!  🔗go.fiu.edu/webdev4-ig  #fiu #init #explore #backenddeveloper #tech,CAROUSEL_ALBUM,FEED,https://www.instagram.com/p/DWO-xYzldLK/,2026-03-23T16:43:14+0000,21,0,588.0,21.0,0.0,0.0,3.0,26,1632.0,,,IG carousel,2026-03-23,2026,3,March,Monday,12,12 PM,4.422,0.423,2.776,7.0,0.0
18079012754106230,2026-09-05,Want to learn more about AI mapping!📍  Come to our workshops and keep developing those skills and ideas!  🔗go.fiu.edu/ai5-ig   #fiu #explore #init #tech #ai,CAROUSEL_ALBUM,FEED,https://www.instagram.com/p/DWRiipUFfKj/,2026-03-24T16:34:17+0000,32,1,671.0,32.0,1.0,1.0,8.0,42,1834.0,,,IG carousel,2026-03-24,2026,3,March,Tuesday,12,12 PM,6.259,0.684,2.733,6.0,0.0
18518779819076552,2026-09-05,Dive in to Cybersecurity! 🔒  Our workshops will focus on learning the fundamentals of cybersecurity!  🔗 go.fiu.edu/ex-cybersecurity-ig  #init #fiu #explore #cybersecurity #tech,CAROUSEL_ALBUM,FEED,https://www.instagram.com/p/DWUG7UQlZcM/,2026-03-25T16:30:00+0000,26,0,731.0,26.0,0.0,1.0,7.0,34,1924.0,,,IG carousel,2026-03-25,2026,3,March,Wednesday,12,12 PM,4.651,0.554,2.632,14.0,0.0
18075533084168352,2026-09-05,Join init REACH to learn how to answer hard behavioral questions! 😌  #fiu #computerscience #technology,VIDEO,REELS,https://www.instagram.com/reel/DWW1zgcAnGy/,2026-03-26T18:01:09+0000,113,3,2884.0,113.0,3.0,4.0,7.0,134,5714.0,5.8,19344.6,IG reel,2026-03-26,2026,3,March,Thursday,14,2 PM,4.646,2.182,1.981,,
18117616855643306,2026-09-05,Remember to throw a Hashmap at any leetcode question! 📍  Come learn how to use Hashmaps and how to implement them!  🔗 go.fiu.edu/hashmaps-ig  #fiu #init #reach #tech #hashmap,CAROUSEL_ALBUM,FEED,https://www.instagram.com/p/DWXDtz0FM_z/,2026-03-26T20:00:00+0000,28,0,711.0,28.0,0.0,1.0,2.0,31,2028.0,,,IG carousel,2026-03-26,2026,3,March,Thursday,16,4 PM,4.36,0.505,2.852,6.0,0.0
18066885266370413,2026-09-05,Get your team together and join us for an exciting Game Day! 🎮🎲  BUILD members only!  🔗https://go.fiu.edu/gameday-ig  #fiu #gameday #tech #computer,CAROUSEL_ALBUM,FEED,https://www.instagram.com/p/DWZejpSlFPv/,2026-03-27T18:33:23+0000,72,0,1202.0,72.0,0.0,0.0,2.0,77,3233.0,,,IG carousel,2026-03-27,2026,3,March,Friday,14,2 PM,6.406,1.254,2.69,31.0,1.0
17902811556401231,2026-09-05,E-Board Feud Pt.2? 👀🤔  🔗 discord.gg/init  #computerscience #technology #weareinit,VIDEO,REELS,https://www.instagram.com/reel/DWZ127dgoj6/,2026-03-27T21:59:56+0000,145,11,3264.0,145.0,11.0,4.0,15.0,187,5268.0,16.11,60955.28,IG reel,2026-03-27,2026,3,March,Friday,17,5 PM,5.729,3.045,1.614,,
18005069864720214,2026-09-05,"MOUNT SINAI IS COMING TO FIU! 💙📘  Join us for an exclusive info session with Mount Sinai and hear directly from their CIO, Tom Gillette. Learn how YOU can be part of the their evolving tech program!  🔗 https://go.fiu.edu/mountsinai  #mountsinai #tech #health #internships",CAROUSEL_ALBUM,FEED,https://www.instagram.com/p/DWZ_fSylKQp/,2026-03-27T23:21:09+0000,73,2,1626.0,73.0,2.0,6.0,13.0,102,4036.0,,,IG carousel,2026-03-27,2026,3,March,Friday,19,7 PM,6.273,1.661,2.482,14.0,0.0
18096024770023239,2026-09-05,Learn about creating extensions! 👨‍💻  Come to our Workshop on Monday and learn how to develop a working extension for automating job applications!  🔗 go.fiu.edu/webdev5-ig  #init #explore #tech #fiu #cs,CAROUSEL_ALBUM,FEED,https://www.instagram.com/p/DWhV8fTlC7N/,2026-03-30T19:52:04+0000,65,0,928.0,65.0,0.0,2.0,3.0,73,2238.0,,,IG carousel,2026-03-30,2026,3,March,Monday,15,3 PM,7.866,1.189,2.412,17.0,1.0
18117303289571437,2026-09-05,Claude Code is here! 🤖  Come learn how to leverage AI and create cool projects with it!  🔗 go.fiu.edu/advanceai-ig  #init #explore #tech #ai #fiu,CAROUSEL_ALBUM,FEED,https://www.instagram.com/p/DWjnsPfFRu3/,2026-03-31T17:05:37+0000,46,0,813.0,46.0,0.0,6.0,6.0,60,2296.0,,,IG carousel,2026-03-31,2026,3,March,Tuesday,13,1 PM,7.38,0.977,2.824,7.0,0.0
18148314823478327,2026-09-05,Don’t want to be hacked? 👾  Come to our workshops and learn about vulnerabilities and how to spot them and prevent attacks!  🔗 go.fiu.edu/cybersecurity2-ig  #init #explore #tech #fiu #cybersecurity,CAROUSEL_ALBUM,FEED,https://www.instagram.com/p/DWmIdfhlfQF/,2026-04-01T16:30:00+0000,24,0,597.0,24.0,0.0,1.0,1.0,27,1800.0,,,IG carousel,2026-04-01,2026,4,April,Wednesday,12,12 PM,4.523,0.44,3.015,2.0,0.0
18076237991158460,2026-09-05,Can you guess what it is? 📻  Comment below your best guess!  #init #fiu #tech #hack #ai,VIDEO,REELS,https://www.instagram.com/reel/DWmQBBSgrjc/,2026-04-01T17:39:27+0000,72,20,1948.0,72.0,20.0,2.0,14.0,120,3165.0,6.18,14249.39,IG reel,2026-04-01,2026,4,April,Wednesday,13,1 PM,6.16,1.954,1.625,,
17920105383321738,2026-09-05,"ShellHacks 2026: Interest Form OPEN NOW 🚀  ShellHacks is back this Fall for its 10th Anniversary, and it’s shaping up to be our biggest one yet.  This year, we’re bringing: 👾 Our biggest ShellHacks yet 💼 Top-tier sponsors and exclusive opportunities ✨ An unforgettable weekend of building, networking, and leveling up  We’re bringing together the best of tech for a weekend focused on creating, connecting, and pushing ideas further than ever.  🎮 Want early access?  Students who fill out the interest form will get priority registration before applications officially open this summer.  Be the first in line for everything we have planned.  🔗 Sign up now: https://go.fiu.edu/shellhacks  #shellhacks #init #fiu #tech #ai",IMAGE,FEED,https://www.instagram.com/p/DWouW6qlcxS/,2026-04-02T16:16:20+0000,187,14,4365.0,187.0,14.0,9.0,59.0,297,9586.0,,,IG image,2026-04-02,2026,4,April,Thursday,12,12 PM,6.804,4.836,2.196,90.0,5.0
18575377156061935,2026-09-05,UPDATED TIME 3:30 - 5:30pm | Come learn from industry leaders! 💼  Come and talk to our Alumni who now work in tech and learn about their experiences! 📈  🔗 go.fiu.edu/alumnicareer-ig  #init #fiu #tech #career #reach,CAROUSEL_ALBUM,FEED,https://www.instagram.com/p/DWpMwK9FF1M/,2026-04-02T21:05:40+0000,89,3,1597.0,89.0,3.0,2.0,7.0,107,4373.0,,,IG carousel,2026-04-02,2026,4,April,Thursday,17,5 PM,6.7,1.742,2.738,16.0,0.0
17857031052597001,2026-09-05,To finish off strong 👾  We are having our end of spring semester GBM where we will have fun activities and provide an overview for next semester!   P.S. Food will be provided so come grab a bite!  🔗 go.fiu.edu/wrapup-ig  #fiu #init #tech #ai #spring,CAROUSEL_ALBUM,FEED,https://www.instagram.com/p/DW1l3SBlcwy/,2026-04-07T16:35:00+0000,45,2,2715.0,45.0,2.0,2.0,8.0,62,5628.0,,,IG carousel,2026-04-07,2026,4,April,Tuesday,12,12 PM,2.284,1.01,2.073,12.0,0.0
18080769080456031,2026-09-05,Want to learn about working in the Industry!   Come and talk with our amazing alumni who will be joining us and answering your questions!   🔗 go.fiu.edu/alumnicareer-ig  #fiu #init #tech #ai #reach,VIDEO,REELS,https://www.instagram.com/reel/DW4Nb4zBTM6/,2026-04-08T16:10:13+0000,64,7,2424.0,64.0,7.0,2.0,13.0,93,3996.0,6.08,18372.51,IG reel,2026-04-08,2026,4,April,Wednesday,12,12 PM,3.837,1.514,1.649,,
17873872992584914,2026-09-05,Showcase your project!🙌  Come to Demo day and see what we have in store!  🔗 go.fiu.edu/demoday-ig  #fiu #init #build #ai #tech,CAROUSEL_ALBUM,FEED,https://www.instagram.com/p/DW7FBgbFM_w/,2026-04-09T19:44:27+0000,48,0,2912.0,48.0,0.0,0.0,7.0,60,5734.0,,,IG carousel,2026-04-09,2026,4,April,Thursday,15,3 PM,2.06,0.977,1.969,13.0,1.0
18121268833555989,2026-09-05,"If you’re tired of being in airplane mode too, head to Demo Day on Friday! ✈️💻  🔗: go.fiu.edu/demoday-ig  #init #weareinit #technology #fiu",VIDEO,REELS,https://www.instagram.com/reel/DXFB6XOAnVu/,2026-04-13T16:33:28+0000,278,23,6653.0,278.0,23.0,19.0,43.0,377,10293.0,15.84,124263.5,IG reel,2026-04-13,2026,4,April,Monday,12,12 PM,5.667,6.139,1.547,,
18576891157016156,2026-09-05,RSVP below ⬇️ for our Spring WrapUp GBM! 🎁  🔗: go.fiu.edu/wrapup-ig  #weareinit #tech #computerscience #fiu,VIDEO,REELS,https://www.instagram.com/reel/DXH30xtApgc/,2026-04-14T19:00:40+0000,182,33,4588.0,182.0,33.0,8.0,36.0,276,8613.0,10.28,60925.24,IG reel,2026-04-14,2026,4,April,Tuesday,15,3 PM,6.016,4.494,1.877,,
17855398935639463,2026-09-05,"Don’t fall behind in your career, sign up for the 10th Annual ShellHacks interest form to secure priority registration and be first in line for one of FIU’s biggest tech opportunities, from hands-on projects to networking with top companies! 🚀  🔗 go.fiu.edu/shellhacks  #tech #hackathon #shellhacks",VIDEO,REELS,https://www.instagram.com/reel/DXXB4KPhvjH/,2026-04-20T16:15:00+0000,76,5,2591.0,76.0,5.0,8.0,8.0,108,3765.0,4.3,12664.61,IG reel,2026-04-20,2026,4,April,Monday,12,12 PM,4.168,1.759,1.453,,
18556904680064703,2026-09-05,We see you… and we understand 😌 #fyp,VIDEO,REELS,https://www.instagram.com/reel/DXhaMD_uhch/,2026-04-24T17:00:00+0000,139,9,2997.0,139.0,9.0,2.0,13.0,173,5188.0,7.41,26250.01,IG reel,2026-04-24,2026,4,April,Friday,13,1 PM,5.772,2.817,1.731,,
18180588409378678,2026-09-05,"From workshops and socials to projects, internships, and demo day, spring 2026 was a semester full of growth, community, and unforgettable moments 💻💙  Thank you to everyone who made this semester at INIT so special. See you next season! 🌟   #fiu #technology #university #init",CAROUSEL_ALBUM,FEED,https://www.instagram.com/p/DYAM0yJFoP_/,2026-05-06T16:00:13+0000,200,8,2175.0,200.0,8.0,2.0,13.0,236,6194.0,,,IG carousel,2026-05-06,2026,5,May,Wednesday,12,12 PM,10.851,3.843,2.848,27.0,0.0
18072396284438557,2026-09-05,"Sun Jam Interest Form: OPEN NOW 🎮  INIT FIU’s first-ever Game Jam is coming this summer, and you don’t want to miss it!  This year, we’re bringing: 🕹️ A 24-hour game jam open to ALL skill levels 🍕 Food to keep you fueled 🏆 Prizes for the best builds ✨ An unforgettable weekend of creating, competing, and leveling up  We’re bringing together FIU’s builders and creatives for a weekend focused on making something from nothing in just 24 hours!  🎯 Want early access?  Students who fill out the interest form will get priority registration before spots officially open this summer.  Be the first in line for everything we have planned.  🤝 Plus, a great opportunity to network with fellow developers and creatives in the FIU tech community!  🔗 Sign up now: https://go.fiu.edu/SunJam  #SunJam #INITFIU #GameJam #FIU #GameDev",IMAGE,FEED,https://www.instagram.com/p/DYfRKfOCkMu/,2026-05-18T17:39:25+0000,44,7,2285.0,44.0,7.0,6.0,14.0,77,4548.0,,,IG image,2026-05-18,2026,5,May,Monday,13,1 PM,3.37,1.254,1.99,34.0,1.0
18078644564195768,2026-09-05,"Celebrating a successful school year and our upcoming tenth anniversary of ShellHacks, heres our redesign! 🤔🪩  What do we think?   #spotify #logo #init",IMAGE,FEED,https://www.instagram.com/p/DYm8ZF3FfAI/,2026-05-21T17:07:00+0000,145,15,1324.0,145.0,15.0,2.0,9.0,174,3112.0,,,IG image,2026-05-21,2026,5,May,Thursday,13,1 PM,13.142,2.833,2.35,55.0,1.0
18105475714958119,2026-09-05,"Get ready to press start! 🎮✨ Sun Jam is officially coming soon, and the hype is real!  We’re preparing an unforgettable game jam filled with endless creativity, epic builds, and great vibes. And the best part? It’s completely open to the public! Whether you’re an FIU student, repping another university, or just want to make something awesome from scratch, we can’t wait to see you there. 👾  Don’t miss out on the action—fill out the interest form to be the first in line when official registration drops.  🔗 Interest Form: https://go.fiu.edu/SunJam  #fiu #sunjam #init #gamejam #hackathon",VIDEO,REELS,https://www.instagram.com/reel/DZIN-gLOT9b/,2026-06-03T15:15:12+0000,106,18,3808.0,106.0,18.0,9.0,24.0,163,5808.0,5.11,21365.9,IG reel,2026-06-03,2026,6,June,Wednesday,11,11 AM,4.28,2.654,1.525,,
17920338522366571,2026-09-05,He is a 10 but… 👀  Shellhacks is coming soon and if you want to be a king sign up on the interest form and stay tune for our registration coming soon!!!  🔗 go.fiu.edu/shellhacks  #init #shellhacks #computerscience #hackathon #technology,VIDEO,REELS,https://www.instagram.com/reel/DZX9k-ahVC2/,2026-06-09T18:00:09+0000,136,18,5192.0,136.0,18.0,13.0,23.0,201,8246.0,9.96,60393.16,IG reel,2026-06-09,2026,6,June,Tuesday,14,2 PM,3.871,3.273,1.588,,
18108847834768011,2026-09-05,"ShellHacks 2026 is BACK and better than ever. 📺✨   This September 25-27, Florida’s largest hackathon is bringing the heat with 7 tracks, industry sponsor challenges, a career fair, and a full weekend of building, learning, and good vibes. We can’t wait to have you. 🎮🕹️  Registration is officially OPEN!!!   Apply at shellhacks.net and secure your spot before it’s gone.   See you in Miami. 👾  #shellhacks #tech #hackathon #fiu #mlh",CAROUSEL_ALBUM,FEED,https://www.instagram.com/p/DZ-LxV_lYTi/,2026-06-24T14:15:19+0000,268,32,5341.0,268.0,32.0,51.0,160.0,540,13990.0,,,IG carousel,2026-06-24,2026,6,June,Wednesday,10,10 AM,10.11,8.793,2.619,163.0,19.0
18140380672551573,2026-09-05,"🚨 Give me 10… YEARS OF SHELLHACKS! 🤩🎉  A decade of innovation, late nights, unforgettable memories, and thousands of hackers coming together to build something incredible.  Now it’s your turn. 💙  🎟️ Registration for ShellHacks 2026 is officially OPEN! Whether it’s your first hackathon or your tenth, this is one you don’t want to miss.🤖  🔗 shellhacks.net Register now before spots fill up!  #ShellHacks #loveisland #computerscience #technology #hackathon",VIDEO,REELS,https://www.instagram.com/reel/DZ-qScTCrbZ/,2026-06-24T18:45:40+0000,80,13,1746.0,80.0,13.0,1.0,6.0,109,3621.0,6.72,15135.71,IG reel,2026-06-24,2026,6,June,Wednesday,14,2 PM,6.243,1.775,2.074,,
18364275853229364,2026-09-05,"☀️ SUN JAM REGISTRATION IS OPEN! ☀️  INIT FIU’s first-ever summer game jam is officially here! Open to any student at any university!   Whether you’re a developer, artist, designer, storyteller, or total beginner, Sun Jam is your chance to team up, build something from scratch, and level up your skills in just 24 hours. 🕹️  📅 July 18–19, 2026  What to expect:  - Beginner-friendly ✨ - Free food 🍕  - Prizes 🏆  - Teams, workshops, sponsors, and more 🤝   Space is limited, so secure your spot before registration closes!  🚨 Deadline to register: July 15 🚨  Register now! 🐾  🔗 https://go.fiu.edu/SunJam  #hack #tech #game #gamedev",IMAGE,FEED,https://www.instagram.com/p/DaDqcH5lDWJ/,2026-06-26T17:19:30+0000,65,3,1493.0,65.0,3.0,6.0,18.0,100,3968.0,,,IG image,2026-06-26,2026,6,June,Friday,13,1 PM,6.698,1.628,2.658,30.0,0.0
18117585359496032,2026-09-05,"“Oh, okay!!” 👀   We’ll take that as your sign to register for Sun Jam before July 15! ☀️🎮  📅 July 18–19 🔗 go.fiu.edu/SunJam  P.S. How’d we do on the trend?  #init #gamedev #fiu #sunjam #hackathon",VIDEO,REELS,https://www.instagram.com/reel/DaLQeuyiCGp/,2026-06-29T16:07:59+0000,55,10,1704.0,55.0,10.0,3.0,11.0,84,2959.0,7.35,14459.51,IG reel,2026-06-29,2026,6,June,Monday,12,12 PM,4.93,1.368,1.737,,
18435837067192173,2026-09-05,When the gamers hear “wanna go to Sun Jam?” 🎮☀️  Register before July 15!  📅July 18–19  🔗 go.fiu.edu/SunJam  #init #jiujitsu #fiu #sunjam #hackathon,VIDEO,REELS,https://www.instagram.com/reel/Dad6Xw_CBlC/,2026-07-06T22:02:13+0000,71,4,1892.0,71.0,4.0,4.0,11.0,92,3723.0,6.64,13477.17,IG reel,2026-07-06,2026,7,July,Monday,18,6 PM,4.863,1.498,1.968,,
18021224312898489,2026-09-05,"A huge thank you to all of our incredible sponsors for making Sun Jam 2026 possible. Your support helps us create an unforgettable experience for our participants and empowers the next generation of game developers. 💛🎮  We can’t wait to see the games, ideas, and creativity that come to life in just 24 hours. Whether it’s your first game jam or your tenth, we know you’re going to build something amazing.  ☀️ See you July 18–19! 🔗 go.fiu.edu/SunJam  #tech #networking #game",IMAGE,FEED,https://www.instagram.com/p/Da1O_eJCNzu/,2026-07-15T23:23:02+0000,27,0,674.0,27.0,0.0,1.0,0.0,28,1610.0,,,IG image,2026-07-15,2026,7,July,Wednesday,19,7 PM,4.154,0.456,2.389,7.0,0.0
17927636973365466,2026-09-05,"Choose your player! 👇  Are you the coder carrying the repo, the artist bringing the world to life, or the vibe-manager keeping the team caffeinated? Tag your project partner below!  Sun Jam is officially around the corner. Join us for 24 hours of pure building, gaming, and community.  ☀️ July 18–19 🔗 Sign up at: go.fiu.edu/SunJam",VIDEO,REELS,https://www.instagram.com/reel/Da26X-MBDB0/,2026-07-16T15:00:05+0000,73,10,2255.0,73.0,10.0,1.0,5.0,96,3211.0,6.84,16581.18,IG reel,2026-07-16,2026,7,July,Thursday,11,11 AM,4.257,1.563,1.424,,
18099670322237802,2026-09-05,"Do you understand the words coming out of my mouth? 🎤 REGISTER FOR SHELLHACKS.  📅 September 25–27, 2026  🔗 shellhacks.net  #init #shellhacks #fiu #hackathon #technology",VIDEO,REELS,https://www.instagram.com/reel/DbBUb0rBEhI/,2026-07-20T16:00:10+0000,127,18,3245.0,127.0,18.0,5.0,13.0,176,5342.0,6.04,22878.6,IG reel,2026-07-20,2026,7,July,Monday,12,12 PM,5.424,2.866,1.646,,
18134835811595377,2026-09-05,"We want you! 🫵🏼  Are you ready to be a mentor, judge or volunteer?   You can do so at shellhacks X coming this fall ✨  🔗go.fiu.edu/shell-assist  #fiu #shellhacks #hackathon #tech #computer",CAROUSEL_ALBUM,FEED,https://www.instagram.com/p/DbEbosTn9i8/,2026-07-21T21:00:02+0000,45,1,2066.0,45.0,1.0,3.0,8.0,62,6701.0,,,IG carousel,2026-07-21,2026,7,July,Tuesday,17,5 PM,3.001,1.01,3.243,12.0,0.0
18125126380600167,2026-09-05,Register for ShellHacks! Don’t miss out on being part of it 🎬  🔗 shellhacks.net 📆 September 25-27  #init #shellhacks #fiu #hackathon #technology,VIDEO,REELS,https://www.instagram.com/reel/DbYfp9PhUDc/,2026-07-29T16:00:07+0000,110,6,3206.0,110.0,6.0,2.0,4.0,126,5085.0,7.08,25778.86,IG reel,2026-07-29,2026,7,July,Wednesday,12,12 PM,3.93,2.052,1.586,,
17920369806408564,2026-09-05,Are you coming to Shellhacks!🐚🤖  You heard it here first come to Shellhacks and get ready for 36 hours of fun and entertainment!  Register today👇  🔗 shellhacks.net  #hackathon #tech #init #computerscience #miami,VIDEO,REELS,https://www.instagram.com/reel/DbdpQSyh1YO/,2026-07-31T16:00:04+0000,53,6,1426.0,53.0,6.0,3.0,2.0,68,2940.0,5.63,10381.11,IG reel,2026-07-31,2026,7,July,Friday,12,12 PM,4.769,1.107,2.062,,
18374728609229136,2026-09-05,Sleep is for the weak (and the non-hackers). Secure your spot for ShellHacks X before its too late!😴💻  🗓️ September 25 to 27 🔗 ShellHacks.net  #computerscience #technology #init,VIDEO,REELS,https://www.instagram.com/reel/DblXjRhB4Z0/,2026-08-03T16:00:05+0000,76,6,1628.0,76.0,6.0,1.0,6.0,94,3182.0,7.86,16421.06,IG reel,2026-08-03,2026,8,August,Monday,12,12 PM,5.774,1.531,1.955,,
18068787872466464,2026-09-05,"Our Wave 1 Sand Dollar sponsors are bringing technology, career opportunities, and industry expertise to ShellHacks 2026! 🤖💽  Swipe to meet Microsoft, Blackstone, NVIDIA, Base44, Codex, GitHub, O’Reilly, Wix, Morgan & Morgan, Waymo, Chevron, and Break Through Tech. 💼  🗓️ September 25 to 27 🔗 shellhacks.net  #shellhacks #computerscience #internship #job #init  We’re excited to welcome Microsoft as a sponsor of ShellHacks 2026! 💻  Connect with their team, explore internship and job opportunities in tech, and learn more about one of the world’s leading technology companies.  🗓️ September 25 to 27 🔗 shellhacks.net  We’re excited to welcome Blackstone as a sponsor of ShellHacks 2026! 👾  Stop by their table to connect with their team, explore internship and job opportunities in tech, and learn more about the worlds largest alternative asset manager.  🗓️ September 25 to 27 🔗shellhacks.net  We’re excited to welcome NVIDIA as a sponsor of ShellHacks 2026! 📟  Meet their team, explore internship and job opportunities in tech, and learn more about the company powering AI and computing worldwide.  🗓️ September 25 to 27 🔗 shellhacks.net  We’re excited to welcome Base44 as a sponsor of ShellHacks 2026! ✨  Connect with the team and discover how AI is changing the way people build and launch applications.  🗓️ September 25 to 27 🔗 shellhacks.net  We’re excited to welcome Codex as a sponsor of ShellHacks 2026! 🧠  Stop by their table to connect with their team and discover how AI is changing the way people code, build, and work.  🗓️ September 25 to 27 🔗 shellhacks.net  We’re excited to welcome GitHub as a sponsor of ShellHacks 2026! 🐙  Meet their team, explore internship and job opportunities in tech, and learn more about the platform millions of developers use to build and ship software.  🗓️ September 25 to 27 🔗 shellhacks.net  We’re excited to welcome O’Reilly as a sponsor of ShellHacks 2026! 📚  Stop by their table to connect with their team and learn more about one of the leading platforms for tech learning and resources.  🗓️ September 25 to 27 🔗 shellhacks.net  We’re excited to welcome Wix as a sponsor of ShellHacks 2026! 🧑‍💻  Connect with their team,",CAROUSEL_ALBUM,FEED,https://www.instagram.com/p/DbledRYlW4u/,2026-08-03T17:00:02+0000,100,9,1122.0,100.0,9.0,6.0,9.0,132,3964.0,,,IG carousel,2026-08-03,2026,8,August,Monday,13,1 PM,11.765,2.149,3.533,39.0,0.0
18158939764487237,2026-09-05,"Internship season is approaching‼️  If your profile is giving absolutely nothing right now, consider this a sign 🤖  ✨You can go from zero experience to having a fully coded project, networking with recruiters, and securing the bag in one weekend❗️  Sign up now!  🔗shellhacks.net  #hackathon #init #tech #computerscience #career",VIDEO,REELS,https://www.instagram.com/reel/Dbqkma1hPbR/,2026-08-05T16:30:06+0000,81,21,1763.0,81.0,21.0,9.0,7.0,127,3653.0,7.33,16055.38,IG reel,2026-08-05,2026,8,August,Wednesday,12,12 PM,7.204,2.068,2.072,,
18111023618096887,2026-09-05,"We’re excited to welcome Assurant as a Cone Tier Sponsor of ShellHacks 2026! 🤖💙  Meet the Assurant team to learn how technology powers their innovative protection solutions, grow your network, and explore internship and career opportunities.  Sign up now and don’t miss out on Florida’s largest hackathon on September 25–27! 🚀  🔗 shellhacks.net  #init #hackathon #assurant #fiu #tech",CAROUSEL_ALBUM,FEED,https://www.instagram.com/p/DbtV4PqFMsm/,2026-08-06T18:19:20+0000,45,0,910.0,45.0,0.0,1.0,4.0,53,2663.0,,,IG carousel,2026-08-06,2026,8,August,Thursday,14,2 PM,5.824,0.863,2.926,28.0,0.0
18128019034672471,2026-09-05,"Got a tech project idea? Lead it. 💡💻  BUILD Lead applications are now OPEN! Propose your own project and lead a team through 9 weeks of building it from idea to reality, ending with a presentation to industry professionals. 🚀  Ready to lead the build? Apply now!  DEADLINE: September 4  🔗go.fiu.edu/buildlead-ig  #BUILD #TechProjects #StudentDevelopers #ComputerScience",CAROUSEL_ALBUM,FEED,https://www.instagram.com/p/DbwNgKTH9kU/,2026-08-07T21:03:52+0000,92,9,3182.0,92.0,9.0,0.0,27.0,135,6883.0,,,IG carousel,2026-08-07,2026,8,August,Friday,17,5 PM,4.243,2.198,2.163,32.0,3.0
18084357704289334,2026-09-05,"✨Meet Danay, an incredible INIT alum who started her journey 8 years ago right here as a ShellHacks participant. Her story is proof of what happens when you plug into a community that builds, supports, and inspires.  ShellHacks isn’t just a weekend hackathon; it’s where tech-savvy creators and future industry leaders find their people.🤖  Ready to write your own success story? Sign up for ShellHacks X today and see where your journey takes you! 💡👇  🔗 shellhacks.net  #fiu #tech #shellhacks #init #community",VIDEO,REELS,https://www.instagram.com/reel/Db3SWkbBHyx/,2026-08-10T15:00:06+0000,134,11,2549.0,134.0,11.0,8.0,29.0,195,4430.0,9.59,30259.3,IG reel,2026-08-10,2026,8,August,Monday,11,11 AM,7.65,3.175,1.738,,
18348313279172204,2026-09-05,"Big news! ShellHacks is officially part of the 2027 MLH Hackathon Season! 🚀🤝  We are gearing up for an unforgettable weekend filled with innovation, creation, and pure fun. We can’t wait to see what you build—stay ready and secure your spot today! 👇  🔗 shellhacks.net  #mlh #tech #hackathon #init #community",IMAGE,FEED,https://www.instagram.com/p/Db3PDRWtAS4/,2026-08-10T18:00:05+0000,59,1,1031.0,59.0,1.0,2.0,3.0,69,2342.0,,,IG image,2026-08-10,2026,8,August,Monday,14,2 PM,6.693,1.124,2.272,23.0,0.0
18428853112180725,2026-09-05,"What is your best go to line! 🙌  With shellhacks coming up we want to make sure you are preparing for everything Shellhacks has to offer!   If you haven’t already registered, Join us now as spaces fill up! 👇  🔗shellhacks.net  #init #tech #hackathon #miami #community",VIDEO,REELS,https://www.instagram.com/reel/Db52-d-iBLn/,2026-08-11T15:06:07+0000,154,20,4307.0,154.0,20.0,10.0,31.0,232,7228.0,9.22,45269.16,IG reel,2026-08-11,2026,8,August,Tuesday,11,11 AM,5.387,3.778,1.678,,
18437159974130425,2026-09-05,"What’s in it for you at ShellHacks? 👀💻  Whether it’s your first hackathon or you’re coming back for another year, ShellHacks is your chance to:  Build something for your portfolio Meet recruiters, professionals & other students Learn new skills through workshops Compete for prizes + grab some free swag And yes… get fed while you hack  You don’t need to be an expert. Just bring an idea, your laptop, and be ready to build. 📺✨  📅 September 25–27 🔗 shellhacks.net",CAROUSEL_ALBUM,FEED,https://www.instagram.com/p/Db_6AWnn02j/,2026-08-13T23:21:21+0000,109,6,2693.0,109.0,6.0,6.0,16.0,145,6786.0,,,IG carousel,2026-08-13,2026,8,August,Thursday,19,7 PM,5.384,2.361,2.52,27.0,4.0
18085328759288809,2026-09-05,"Bet you can’t guess which questions were actually asked! 👀  Hopefully the real ShellHacks questions won’t be this confusing, but come find out for yourself!  Don’t wait too long to register, spots are filling up fast!  🔗shellhacks.net  #init #technology #hackathon #fiu #computerscience",VIDEO,REELS,https://www.instagram.com/reel/DcEUMcACACX/,2026-08-15T16:30:13+0000,75,6,1775.0,75.0,6.0,0.0,2.0,89,3437.0,9.1,20799.53,IG reel,2026-08-15,2026,8,August,Saturday,12,12 PM,5.014,1.449,1.936,,
18041989769632028,2026-09-05,"ShellHacks X is almost here — and one of you is leaving with a MacBook Air M4. 💻  Florida’s largest hackathon takes over FIU September 25–27. Learn new tech, build cool projects, win big prizes, and meet recruiters, mentors & new friends.  Giveaway Alert: 1. Follow @init.fiu 2. Tag 3 friends 3. Post on your story and tag us 4. Register for ShellHacks!!  Winner announced live at closing ceremony on September 27 — you’ll want to be in the room. 🏆  Don’t wait — register now at shellhacks.net  #shellhacks #hackathon #computerscience #fiu #technology",CAROUSEL_ALBUM,FEED,https://www.instagram.com/p/DcPM2vyHzmE/,2026-08-19T21:54:40+0000,189,48,8737.0,189.0,48.0,31.0,121.0,420,17430.0,,,IG carousel,2026-08-19,2026,8,August,Wednesday,17,5 PM,4.807,6.839,1.995,98.0,17.0
18166022218459661,2026-09-05,THE FIRST WAVE HAS ARRIVED! 📩  The first round of ShellHacks X acceptances is officially out! 🐚  Check your inbox to see if you’ll be hacking with us September 25–27. 💻✨  Feeling left out? Sign up now to be part of the next wave!  🔗 shellhacks.net  #ShellHacks #tech #Hackathon #FIU,IMAGE,FEED,https://www.instagram.com/p/DcT5df_iyKa/,2026-08-21T17:44:53+0000,48,0,852.0,48.0,0.0,1.0,4.0,54,2139.0,,,IG image,2026-08-21,2026,8,August,Friday,13,1 PM,6.338,0.879,2.511,21.0,0.0
17903712495550245,2026-09-05,"Packing for ShellHacks is serious business so heres the ultimate guide to know what to bring! 🫡🌊  Chargers? Every cable you’ve ever owned. Monitor? Apparently the bigger the better. Water bottle? Bring the whole ocean.  Okay… maybe we’re exaggerating a little. Just bring your essentials, your laptop, and yourself. We’ll handle the rest. 👾💻  🗓️ September 25–27 Apply at shellhacks.net 🐚  #shellhacks #fiu #hackathon #tech",VIDEO,REELS,https://www.instagram.com/reel/DcbYucDirQg/,2026-08-24T15:30:26+0000,179,22,4180.0,179.0,22.0,6.0,38.0,259,6843.0,9.49,47264.86,IG reel,2026-08-24,2026,8,August,Monday,11,11 AM,6.196,4.218,1.637,,
18142817176562321,2026-09-05,"Packing for ShellHacks is serious business, so here’s your totally normal guide on what to bring. 🫡🌊  Chargers? Every cable you’ve ever owned. Monitor? The bigger the better, apparently. Water bottle? Bring the whole ocean.  Okay… maybe we’re exaggerating just a little. 😭 Just bring your essentials, your laptop, and yourself. We’ll handle the rest. 👾💻  🗓️ September 25–27 Apply at shellhacks.net 🐚  #computerscience #tech #funny #list",VIDEO,REELS,https://www.instagram.com/reel/DcbaVqfC3de/,2026-08-24T15:46:40+0000,1,0,140.0,1.0,0.0,0.0,0.0,1,152.0,3.94,558.88,IG reel,2026-08-24,2026,8,August,Monday,11,11 AM,0.714,0.016,1.086,,
18126753457761956,2026-09-05,"Fall GBM means free food, prizes, and new connections. 🤝🍕🎁  Join us to see what INIT has planned this semester, learn how you can get involved, and meet the community.  See you there!  🔗 go.fiu.edu/gbm",CAROUSEL_ALBUM,FEED,https://www.instagram.com/p/DccBTKUHxya/,2026-08-24T21:23:49+0000,130,5,3397.0,130.0,5.0,7.0,23.0,172,7321.0,,,IG carousel,2026-08-24,2026,8,August,Monday,17,5 PM,5.063,2.801,2.155,47.0,0.0
18186793738394316,2026-09-05,"UPDATED TIME: 4:00 - 6:00 PM LOCATION: CASE 136  Why review your code alone when AI can help? 👀💻  Join us for a hands-on workshop and learn how to build your own AI-powered GitHub bot that reviews pull requests and gives useful feedback on your code.  🔗 go.fiu.edu/aiml-ig  Plus, register for ShellHacks for a chance to win a MacBook M4 👀  #tech #computer #init #ai #aitools",CAROUSEL_ALBUM,FEED,https://www.instagram.com/p/DceqnpXHyTa/,2026-08-25T22:03:22+0000,65,1,1328.0,65.0,1.0,8.0,37.0,115,4324.0,,,IG carousel,2026-08-25,2026,8,August,Tuesday,18,6 PM,8.66,1.873,3.256,42.0,1.0
18411230857158945,2026-09-05,This could be you if you skip the Fall GBM. We don’t want that for you. 👀 Our first Fall GBM is this Friday!  📍 AHC3 110  🕐 3:00-5:00 pm 🔗 go.fiu.edu/gbm-ig  #fiu #init #technology #miami,VIDEO,REELS,https://www.instagram.com/reel/DchIRAEhK1V/,2026-08-26T21:00:19+0000,81,12,3989.0,81.0,12.0,2.0,16.0,116,6350.0,5.56,24710.56,IG reel,2026-08-26,2026,8,August,Wednesday,17,5 PM,2.908,1.889,1.592,,
18130837423679507,2026-09-05,"ShellHacks has something for everyone 💙🐚  You don’t have to be a hacker to have an unforgettable experience. As an E-Board member, Tasnimah got to experience ShellHacks from behind the scenes, building community, making memories, and helping bring the weekend to life.  Whether you’re coding, creating, connecting, or helping make it all happen, there’s a place for you at ShellHacks! Apply now! ✨  🔗 shellhacks.net  Have a ShellHacks success story of your own? We’d love to hear it! Share yours in the comments 👇  #tech #intern #shellhacks #hackathon",VIDEO,REELS,https://www.instagram.com/reel/DcjQ-tChlQD/,2026-08-27T16:00:02+0000,143,23,4227.0,143.0,23.0,19.0,23.0,212,6354.0,8.95,40393.1,IG reel,2026-08-27,2026,8,August,Thursday,12,12 PM,5.015,3.452,1.503,,
18125235484769804,2026-09-05,"Ever wonder how websites actually remember your information? 👀💻  Join us for a hands-on workshop and learn how to build and organize your own website database from scratch.  🔗 go.fiu.edu/aiml-ig  Plus, register for ShellHacks for a chance to win a MacBook M4 🙌  #tech #computer #init #database #webdev",CAROUSEL_ALBUM,FEED,https://www.instagram.com/p/Dcjq8NyHwgo/,2026-08-27T20:42:22+0000,58,4,2141.0,58.0,4.0,4.0,9.0,78,4740.0,,,IG carousel,2026-08-27,2026,8,August,Thursday,16,4 PM,3.643,1.27,2.214,28.0,1.0
18021352193863519,2026-09-05,"Looks like the wind took us to straight ShellHacks! 🌬️💻 Don’t wait for the wind, register now!  🔗 shellhacks.net  #init #shellhacks #fiu #hackathon #technology",VIDEO,REELS,https://www.instagram.com/reel/DcmNV49i9qa/,2026-08-28T20:22:04+0000,87,4,2135.0,87.0,4.0,1.0,6.0,105,3945.0,5.07,13875.61,IG reel,2026-08-28,2026,8,August,Friday,16,4 PM,4.918,1.71,1.848,,
17940015354089607,2026-09-05,"CodePath applications close TODAY (Aug 30).  Our partners at @codepathorg run free, instructor-led courses in Applied AI Engineering, Web Development, Cybersecurity, and more. All in 10 weeks taught by working industry engineers.  Pick a pathway. Apply before the day ends. 🔗 codepath.org/courses",IMAGE,FEED,https://www.instagram.com/p/DcrHjGnHxt4/,2026-08-30T18:07:02+0000,19,0,901.0,19.0,0.0,2.0,0.0,22,2470.0,,,IG image,2026-08-30,2026,8,August,Sunday,14,2 PM,2.442,0.358,2.741,9.0,0.0
18040636517819916,2026-09-05,"IGNITE IS BACK and better than ever! 🔥  Want to teach coding, make a community impact, and gain real-world experience? Applications for Fall ‘26 are NOW OPEN!  Get fully trained to lead tech workshops at local schools, boost your resume, and earn community service hours all in one semester. 🚀  🗓️ Apply by Sept 18: go.fiu.edu/ignite-ig 👾 Become a member: go.fiu.edu/initmember  #init #ignite #tech #fiu #teach",CAROUSEL_ALBUM,FEED,https://www.instagram.com/p/DctwShKn031/,2026-08-31T18:41:31+0000,56,1,1980.0,56.0,1.0,8.0,20.0,88,4369.0,,,IG carousel,2026-08-31,2026,8,August,Monday,14,2 PM,4.444,1.433,2.207,19.0,0.0
18098794973619479,2026-09-05,"Ready to help someone grow while growing as a leader yourself? 🌱  Uplift Mentor applications are now open! Become a mentor, share what you’ve learned, support another student’s journey, and help build a stronger tech community at FIU.  Whether it’s navigating classes, careers, or getting more involved in tech, your experience can make a difference.  Apply to become an Uplift Mentor today! 🚀  🔗 go.fiu.edu/upliftmentor-ig ⏳ Deadline: September 12, 2026 💻 Become a member: go.fiu.edu/initmember",CAROUSEL_ALBUM,FEED,https://www.instagram.com/p/DcwJhjXlNKL/,2026-09-01T17:00:02+0000,68,1,1480.0,68.0,1.0,1.0,3.0,74,3678.0,,,IG carousel,2026-09-01,2026,9,September,Tuesday,13,1 PM,5.0,1.205,2.485,32.0,0.0
17944170744290053,2026-09-05,"Feeling lost as a student? 🧭 You don’t have to figure it out alone!  Uplift is here to provide you with a guide—someone who has already been through the thick and thin of college and the tech world. Pair up with an experienced mentor who can provide useful tips, help you gain clarity on your next steps, and build a lasting connection! 🤝  🔗 Apply now: go.fiu.edu/upliftmentee-ig ⏳ Deadline: September 12, 2026 💻 Become a member: go.fiu.edu/initmember  #init #fiu #uplift #tech #mentor",CAROUSEL_ALBUM,FEED,https://www.instagram.com/p/DcwaJPuH5_P/,2026-09-01T19:25:44+0000,46,0,2104.0,46.0,0.0,4.0,6.0,58,4729.0,,,IG carousel,2026-09-01,2026,9,September,Tuesday,15,3 PM,2.757,0.944,2.248,24.0,1.0
18108961975873249,2026-09-05,"JOIN IGNITE, GET READY TO LEARN! 🙌  Become a great leader and teacher! Here you will be able to improve your Python skills, and also improve your public speaking skills.🐍  On top of that, we offer community service hours from our program throughout the semester!✨  🔗Apply Now: go.fiu.edu/ignite-ig ✨Init Member: go.fiu.edu/initmember  #init #ignite #teach #tech #computerscience",VIDEO,REELS,https://www.instagram.com/reel/Dcy1LCLhY2-/,2026-09-02T18:00:06+0000,80,15,1862.0,80.0,15.0,2.0,25.0,130,3407.0,7.35,16191.74,IG reel,2026-09-02,2026,9,September,Wednesday,14,2 PM,6.982,2.117,1.83,,
18351989515169089,2026-09-05,"Think tech is just one straight path? Think again! 🤯🚀  Join us at our Tech Intern Panel to explore awesome, diverse careers in UI/UX, Cybersecurity, Data Engineering, and Software Engineering!   Hear firsthand tips and stories from students who just crushed their internships at companies like Amazon, Ford, and JP Morgan. 🔥  🔗 SIGN UP: go.fiu.edu/intern-ig  Come find your perfect fit in the tech world. See you there! 💻✨  #init #tech #reach #fiu #computerscience",CAROUSEL_ALBUM,FEED,https://www.instagram.com/p/Dcy_fJhlnnC/,2026-09-02T19:30:00+0000,94,4,1695.0,94.0,4.0,9.0,25.0,133,4843.0,,,IG carousel,2026-09-02,2026,9,September,Wednesday,15,3 PM,7.847,2.166,2.857,24.0,1.0
18093530213395758,2026-09-05,Ready to command your own AI squad? ✨  Join our upcoming ShellHacks Workshop and learn how to build AI agents that actually work together to solve complex tasks!   It’s the perfect way to level up your skills before the hackathon. 🚀  🎁 BONUS: Register for a chance to win a MacBook M4! 💻👀  👇 Grab your spots below: 🔗 RSVP: go.fiu.edu/aiml2-ig 🐢 Register for the hackathon: shellhacks.net,CAROUSEL_ALBUM,FEED,https://www.instagram.com/p/DczJ1a0FmGD/,2026-09-02T21:00:02+0000,60,0,1051.0,60.0,0.0,4.0,3.0,68,3136.0,,,IG carousel,2026-09-02,2026,9,September,Wednesday,17,5 PM,6.47,1.107,2.984,19.0,0.0
18090290657645367,2026-09-05,"We’ve all been there! 😅  Join Uplift to get the proper guidance and support you need to crush your goals! 🚀  Looking to give back? If you’ve learned a few things along the way and want to help guide incoming students through their journey, we need you! 🤝  sign up: 🌟 Become a Mentor: go.fiu.edu/upliftmentor-ig 🌱 Become a Mentee: go.fiu.edu/upliftmentee-ig  #init #tech #mentor #computerscience #fiu",VIDEO,REELS,https://www.instagram.com/reel/Dc1PtbJuD11/,2026-09-03T16:30:06+0000,73,8,1716.0,73.0,8.0,0.0,1.0,85,3364.0,5.14,10007.96,IG reel,2026-09-03,2026,9,September,Thursday,12,12 PM,4.953,1.384,1.96,,
18115312969761839,2026-09-05,"Ever wonder what happens behind the scenes in the entertainment industry? 🌟🤘  Join us for Hard Rock Career Day! Meet the team, explore exciting career paths, and learn all about the amazing opportunities they have to offer.   🔗 RSVP: go.fiu.edu/hardrock-ig  #hardrock #fiu #init #tech #internship",CAROUSEL_ALBUM,FEED,https://www.instagram.com/p/Dc1dc1cFlUk/,2026-09-03T18:00:02+0000,57,7,847.0,57.0,7.0,3.0,7.0,78,2520.0,,,IG carousel,2026-09-03,2026,9,September,Thursday,14,2 PM,9.209,1.27,2.975,17.0,0.0
18583153339069595,2026-09-05,"Spark your career journey! 🔥  Come through to the Ignite Interest Mixer to learn how to gain real experience and make an impact by teaching students computer science principles! 🚀  👨‍🏫 Build your leadership and communication skills by guiding others.   🤝 Give back to the community and rack up those required hours, especially perfect if you are in the Honors College!   🐍 Sharpen and up your Python programming skills while you're at it.  🔗 RSVP: go.fiu.edu/ignitemixer-ig  #init #teach #init #tech #ignite",CAROUSEL_ALBUM,FEED,https://www.instagram.com/p/Dc3xGS3FqSf/,2026-09-04T16:00:02+0000,27,0,520.0,27.0,0.0,0.0,5.0,33,1631.0,,,IG carousel,2026-09-04,2026,9,September,Friday,12,12 PM,6.346,0.537,3.137,6.0,0.0
18123365653895418,2026-09-05,"Does your resume need a project to stand out? Want to work in a team environment? 🚀  We bring you INIT BUILD, and then you take the lead! 💡  Here is what you get out of our 9-week program:   🛠️ Build from Scratch: Take a project from idea to a fully launched product in an agile environment.   🤝 Find Your Niche: Join teams focused on Web Dev, Mobile, AI, Game Dev, Cybersecurity, or Robotics.   📈 Level Up Your Resume: Add a completed project, gain leadership skills, and boost your chances of landing an internship.   🎤 Network & Showcase: Pitch your final build directly to industry partners and recruiters at Demo Day!  🗓️ Deadline: September 28, 2026 🔗 Apply Now: go.fiu.edu/buildmember-ig  #fiu #init #build #tech #project",CAROUSEL_ALBUM,FEED,https://www.instagram.com/p/Dc3-xJhltuH/,2026-09-04T18:00:04+0000,35,0,937.0,35.0,0.0,5.0,36.0,78,2789.0,,,IG carousel,2026-09-04,2026,9,September,Friday,14,2 PM,8.324,1.27,2.977,21.0,0.0
17985732810052356,2026-09-05,"Tired of getting ghosted on those internship applications? 👻📉  If your resume looks just like everyone else’s, it’s time to switch things up.   Stand out from the crowd with ShellHacks X! 🎉 For our 10th anniversary, we are going all out. This is your chance to stop blending in and start building real projects and making real connections with industry professionals.  Here is what’s waiting for you: 🍕 FREE Food all weekend  👕 Exclusive ShellHacks X Merch  🤯 Insane Prizes (Register for a chance to win a MacBook M4!)  🌐 Hundreds of fellow students ready to innovate  Stop blending in and start building your future. Spots are filling up FAST, so you need to lock in ASAP! ⏳🏃‍♂️💨  🔗 Secure your spot now at: shellhacks.net   #init #fiu #shellhacks #tech #hackathon",VIDEO,REELS,https://www.instagram.com/reel/Dc6ZORFx-bc/,2026-09-05T16:30:08+0000,67,16,850.0,67.0,16.0,3.0,3.0,97,1750.0,10.77,10088.26,IG reel,2026-09-05,2026,9,September,Saturday,12,12 PM,11.412,1.58,2.059,,
17906035122535769,2026-09-05,"Ready to escape localhost? 🌐🚀  Learn exactly how to deploy your website and take your code live at our next ShellHacks Workshop! Whether you're prepping for the hackathon or building your portfolio, we'll show you the ropes of web deployment so the whole world can see your project. 💻✨  🎁 Plus, register for a chance to win a MacBook M4!  🔗 RSVP: go.fiu.edu/webdev2-ig  🐢 Hackathon: shellhacks.net  #fiu #init #explore #tech #website",CAROUSEL_ALBUM,FEED,https://www.instagram.com/p/Dc6vl8oFmCs/,2026-09-05T19:45:02+0000,15,0,331.0,15.0,0.0,4.0,0.0,19,1013.0,,,IG carousel,2026-09-05,2026,9,September,Saturday,15,3 PM,5.74,0.309,3.06,7.0,0.0
