"Post ID","Account ID","Account username","Account name",Description,"Duration (sec)","Publish time",Permalink,"Post type","Data comment",Date,Reach,Likes,Shares,Follows,Comments,Saves,Views
18038453998842127,17841406860905948,init.fiu,"INIT FIU","🚀 Happy Monday!! Look at what we got in store for you this week 🥳

⭐️ INIT EXPLORE: Detecting Color Using Computer Vision
Tuesday, 3pm - 5pm @ AHC5 201

⭐️ INIT INTERVIEW PREP: Dynamic Programming 
Thursday, 3pm - 5pm @ PG6 115

⭐️ INIT INTERVIEW PREP: Positioning Yourself for Career Success 
Friday, 1pm - 3pm @ PG6 114

⭐️BUILD: Last day to push🚨 
Friday, 1:30pm - 11pm @ PG5 115

#weareinit #hackathon #miamitech #diversityintech #miami #technology #tech #instatech #techie #innovation #computerscience #programming #software #webdevelopment #artificialintelligence #machinelearning #cybersecurity #womenintech #developer #college #collegelife #student #career #careergoals #internship",0,"04/01/2024 11:27",https://www.instagram.com/p/C5OpirbPtXI/,"IG image",,Lifetime,102,32,0,0,0,0,
18355040827192016,17841451978606513,init.national,"INIT National","🎄❄️ #merrychristmas & #happyholidays! ❄️🎄

We hope you have a wonderful time celebrating with your family, friends, and loved ones! You’ve worked hard this year and deserve to celebrate your success - we’re proud of your achievements and we hope you are too! 🥳

We look forward to seeing you again in the new year, with more exciting announcements, events, opportunities, and resources to help you launch your career in tech. Until then, stay safe, healthy, and happy! 😁 

Wishing you all the best,

INIT Team

#weareinit #miamitech #miami #diversityintech #technology #tech #instatech #techie #innovation #computerscience #programming #coding #software #webdevelopment #artificialintelligence #metaverse #blockchain #web3 #developer #engineer #college #collegelife #student #career #careergoals #internship #job",0,"12/23/2024 09:54",https://www.instagram.com/p/DD7hPHiP4sd/,"IG image",,Lifetime,1129,35,0,,0,0,4138
18022157810624774,17841406860905948,init.fiu,"INIT FIU","Be chill and come to DEMO day this Friday…

#weareinit #hackathon #miamitech #diversityintech #miami #technology #tech 
#instatech #techie #innovation #computerscience #programming #software #webdevelopment #artificialintelligence #machinelearning #cybersecurity #womenintech #developer #college #collegelife #student #career #careergoals #internship #recruitment #recruiting",10,"12/03/2024 08:35",https://www.instagram.com/reel/DDH4GW3x_D7/,"IG reel",,Lifetime,3450,195,22,0,8,4,8330
17883226446174826,17841406860905948,init.fiu,"INIT FIU","🥹 Our very last event of the semester… DEMO DAY ‼️ You won’t want to miss out on our final meeting of the semester where companies like Next Era Energy, UKG, and Assurant will be there 😍

#weareinit #hackathon #miamitech #diversityintech #miami #technology #tech 
#instatech #techie #innovation #computerscience #programming #software #webdevelopment #artificialintelligence #machinelearning #cybersecurity #womenintech #developer #college #collegelife #student #career #careergoals #internship #recruitment #recruiting",0,"12/03/2024 06:50",https://www.instagram.com/p/DDHsPj5RoR6/,"IG carousel",,Lifetime,2753,76,16,2,6,3,5415
18052836661961390,17841406860905948,init.fiu,"INIT FIU","Our last week of events starts this Wednesday and you won’t want to miss out on the last few opportunities to connect ‼️ 

#weareinit #hackathon #miamitech #diversityintech #miami #technology #tech 
#instatech #techie #innovation #computerscience #programming #software #webdevelopment #artificialintelligence #machinelearning #cybersecurity #womenintech #developer #college #collegelife #student #career #careergoals #internship #recruitment #recruiting",0,"12/02/2024 07:38",https://www.instagram.com/p/DDFM-DTRuXy/,"IG image",,Lifetime,2033,53,9,3,1,7,4439
17894191671030347,17841451978606513,init.national,"INIT National","🦃 Happy Thanksgiving!

As we get together with our families to celebrate gratitude, we want to take a moment to thank you— the students, alumni, partners, and community members at the heart of the INIT community. Your dedication, passion, and drive inspire us every day as we work together to empower people to break into the tech industry.

We’re incredibly thankful to have such an amazing group of individuals shaping our shared vision. Here’s to the incredible growth we’ve seen this year and the exciting developments waiting for us as we expand into more schools, grow our chapters, and bring more opportunities to you!

With gratitude,

The INIT Team 💛",0,"11/28/2024 10:20",https://www.instagram.com/p/DC7MSZCPjMb/,"IG image",,Lifetime,1133,30,2,,0,0,3594
18047168672078003,17841406860905948,init.fiu,"INIT FIU","▶️ Join us for our intro to web dev workshop series where you’ll learn to showcase your skills and make a site utilizing an NFC-powered portfolio 🤩

#weareinit #hackathon #miamitech #diversityintech #miami #technology #tech 
#instatech #techie #innovation #computerscience #programming #software #webdevelopment #artificialintelligence #machinelearning #cybersecurity #womenintech #developer #college #collegelife #student #career #careergoals #internship #recruitment #recruiting",0,"11/19/2024 11:21",https://www.instagram.com/p/DCkIM4ES71v/,"IG carousel",,Lifetime,1650,37,5,2,0,2,3817
18067152256659539,17841406860905948,init.fiu,"INIT FIU","▶️ Join us for an awesome leetcode workshop where you’ll go in depth into graphs! 🤔 Concepts related to graphs show up in interviews such as nodes, edges, cycles and connectivity so you’ll want to attend this session!

#weareinit #hackathon #miamitech #diversityintech #miami #technology #tech 
#instatech #techie #innovation #computerscience #programming #software #webdevelopment #artificialintelligence #machinelearning #cybersecurity #womenintech #developer #college #collegelife #student #career #careergoals #internship #recruitment #recruiting",0,"11/19/2024 07:07",https://www.instagram.com/p/DCjrHKjxdzT/,"IG carousel",,Lifetime,947,22,5,0,0,0,2432
17897730486069190,17841406860905948,init.fiu,"INIT FIU","🥳 Join us tomorrow for an amazing workshop on docker containers!

▶️ Learn about containers and how to run your own applications with those containers for every system. Docker is used in a lot of companies so SWE and is important to know about!

#weareinit #hackathon #miamitech #diversityintech #miami #technology #tech 
#instatech #techie #innovation #computerscience #programming #software #webdevelopment #artificialintelligence #machinelearning #cybersecurity #womenintech #developer #college #collegelife #student #career #careergoals #internship #recruitment #recruiting",0,"11/18/2024 07:36",https://www.instagram.com/p/DChJrLKx3YX/,"IG carousel",,Lifetime,1360,45,7,0,1,4,3199
18022679927548049,17841406860905948,init.fiu,"INIT FIU","🔍 Check out our workshops and events we will be hosting these next two weeks of the semester 🤩

#weareinit #hackathon #miamitech #diversityintech #miami #technology #tech 
#instatech #techie #innovation #computerscience #programming #software #webdevelopment #artificialintelligence #machinelearning #cybersecurity #womenintech #developer #college #collegelife #student #career #careergoals #internship #recruitment #recruiting",0,"11/18/2024 06:16",https://www.instagram.com/p/DChAcAxRfQG/,"IG image",,Lifetime,1591,24,4,0,0,2,4775
18253985353257346,17841406860905948,init.fiu,"INIT FIU","Hey everyone! 𝗘-𝗕𝗼𝗮𝗿𝗱 𝗔𝗽𝗽𝗹𝗶𝗰𝗮𝘁𝗶𝗼𝗻𝘀 𝗮𝗿𝗲 𝗢𝗣𝗘𝗡!

We are excited to announce that our Executive Board Positions for the INIT FIU Chapter 2025 are now open! ✨ We can’t wait to meet all the amazing people who will lead the future of this organization in the year to come! 🤩

Join us at INIT FIU if you’re passionate about tech and want to make a real-world impact! 🚀 This is your chance ⭐️

Apply now to be a part of FIU’s largest student-led tech organization!
go.fiu.edu/initeboard
𝘿𝙚𝙖𝙙𝙡𝙞𝙣𝙚: 𝘍𝘳𝘪𝘥𝘢𝘺, 𝘕𝘰𝘷𝘦𝘮𝘣𝘦𝘳 22𝘯𝘥 𝘢𝘵 11:59𝘱𝘮 𝘌𝘚𝘛

#weareinit #hackathon #miamitech #diversityintech #miami #technology #tech #instatech #techie #innovation #computerscience #programming #software #webdevelopment #artificialintelligence #machinelearning #cybersecurity #womenintech #developer #college #collegelife #student #career #careergoals #internship",0,"11/09/2024 11:17",https://www.instagram.com/p/DCKXuk1vLX1/,"IG carousel",,Lifetime,2071,89,17,1,0,8,5528
18028012313385892,17841406860905948,init.fiu,"INIT FIU","Join us Friday for two workshops 🤩

▶️ The first one will be an Intro to Game Dev: Creating an AI NPC in C# ‼️ Workshop will be @ PG6 112 @ 2pm - 4pm 

▶️ This second workshop will take place right after and will be resume reviews ‼️ Workshop will be @ PG 116 @ 4pm - 6pm

#weareinit #hackathon #miamitech #diversityintech #miami #technology #tech 
#instatech #techie #innovation #computerscience #programming #software #webdevelopment #artificialintelligence #machinelearning #cybersecurity #womenintech #developer #college #collegelife #student #career #careergoals #internship #recruitment #recruiting",0,"11/06/2024 06:10",https://www.instagram.com/p/DCCGSlkxl6c/,"IG carousel",,Lifetime,1081,27,8,2,0,1,2216
17914924811918610,17841406860905948,init.fiu,"INIT FIU","Join us Friday for two workshops 🤩

▶️ The first one will be this Intro to Game Dev: Creating an AI NPC in C# ‼️ Workshop will be @ PG6 112 @ 2pm - 4pm 

▶️ The second workshop will take place right after and will be resume reviews ‼️ Workshop will be @ PG 116 @ 4pm - 6pm

#weareinit #hackathon #miamitech #diversityintech #miami #technology #tech 
#instatech #techie #innovation #computerscience #programming #software #webdevelopment #artificialintelligence #machinelearning #cybersecurity #womenintech #developer #college #collegelife #student #career #careergoals #internship #recruitment #recruiting",0,"11/06/2024 06:06",https://www.instagram.com/p/DCCF0cnRfx1/,"IG carousel",,Lifetime,1041,28,2,0,0,1,2176
17939852312921722,17841406860905948,init.fiu,"INIT FIU","🥳 Here’s is a list view of all of our upcoming event in the next two weeks! We have interview prep and game dev and resume building and more!

🔔 Highlighting on one of our MAJOR events:
next week we have an information session with @microsoft ‼️ Make sure to secure your spot by registering on our Luma page and show up!

#weareinit #hackathon #miamitech #diversityintech #miami #technology #tech #instatech #techie #innovation #computerscience #programming #software #webdevelopment #artificialintelligence #machinelearning #cybersecurity #womenintech #developer #college #collegelife #student #career #careergoals #internship #recruitment #recruiting",0,"11/05/2024 17:32",https://www.instagram.com/p/DCAvdcfp-gC/,"IG image",,Lifetime,1487,26,5,0,1,3,3133
17923742768882435,17841406860905948,init.fiu,"INIT FIU","🚨 ALERT 🚨 ALERT 🚨 ALERT 🚨 
🥳 very important event coming up next week with @microsoft ‼️ You won’t want to miss one of our most major events of the year where @microsoft will be coming down to FIU to partner with us in hosting an info session 🤩

▶️ Make sure to RSVP to secure your spot and come to meet recruiters and learn about internships and job opportunities 🥳

#weareinit #hackathon #miamitech #diversityintech #miami #technology #tech #instatech #techie #innovation #computerscience #programming #software #webdevelopment #artificialintelligence #machinelearning #cybersecurity #womenintech #developer #college #collegelife #student #career #careergoals #internship #recruitment #recruiting",0,"11/05/2024 17:10",https://www.instagram.com/p/DCAs7Z0PiM4/,"IG image",,Lifetime,2006,31,19,2,0,2,4534
18025569317596021,17841406860905948,init.fiu,"INIT FIU","🔔 Interview Prep: Priority Queues ‼️ 
Thursday, November 7th @ 3:30pm @ PG6 112

#weareinit #hackathon #miamitech #diversityintech #miami #technology #tech #instatech #techie #innovation #computerscience #programming #software #webdevelopment #artificialintelligence #machinelearning #cybersecurity #womenintech #developer #college #collegelife #student #career #careergoals #internship #recruitment #recruiting",0,"11/04/2024 05:40",https://www.instagram.com/p/DB85PJOx9Rc/,"IG carousel",,Lifetime,1739,58,17,0,0,4,3380
18045250973009816,17841406860905948,init.fiu,"INIT FIU","🚨 SPECIAL GIVEAWAY 🚨 
We’re giving away AirPods!!!! Make sure to join us today @ 3:30pm @ PG5 155 for spooky 🎃activities in honor of Halloween tomorrow 👻 it’s gonna be awesome!

#weareinit #hackathon #miamitech #diversityintech #miami #technology #tech #instatech #techie #innovation #computerscience #programming #software #webdevelopment #artificialintelligence #machinelearning #cybersecurity #womenintech #developer #college #collegelife #student #career #careergoals #internship #recruitment #recruiting",12,"10/30/2024 06:50",https://www.instagram.com/reel/DBwCSGERWvh/,"IG reel",,Lifetime,1110,21,2,0,0,0,1906
18046151666301990,17841406860905948,init.fiu,"INIT FIU","Join us this Wednesday before 🎃 Halloween 👻 to hang out and play Halloween themed games with us! We’re going to have so many fun things for you to do including a special VR game 👀

#weareinit #hackathon #miamitech #diversityintech #miami #technology #tech #instatech #techie #innovation #computerscience #programming #software #webdevelopment #artificialintelligence #machinelearning #cybersecurity #womenintech #developer #college #collegelife #student #career #careergoals #internship #recruitment #recruiting",0,"10/28/2024 06:40",https://www.instagram.com/p/DBq3q3bxgig/,"IG image",,Lifetime,1460,53,18,1,0,6,3364
18031741853086368,17841406860905948,init.fiu,"INIT FIU","🤩 Get ready for our Halloween event planned for next week 👻! Details will be out soon 😱

P.S. lover boy from valentines days needs some costume ideas 

#weareinit #hackathon #miamitech #diversityintech #miami #technology #tech #instatech #techie #innovation #computerscience #programming #software #webdevelopment #artificialintelligence #machinelearning #cybersecurity #womenintech #developer #college #collegelife #student #career #careergoals #internship #recruitment #recruiting",8,"10/23/2024 06:57",https://www.instagram.com/reel/DBeBgaDRqIU/,"IG reel",,Lifetime,1444,31,2,0,0,1,2600
18052470058924557,17841406860905948,init.fiu,"INIT FIU","😍🙏🏻 Thank you to accenture federal services for working with INIT FIU in our previously held info session with them! 
🧐 The team gave our students an insight into the important challenges Accenture faces and how technology is making an impact!
😊 We were so excited to host them and hope to see more of our members working there in the future!

🥳 Shoutout to the Accenture team: Jessica Brito, Obed Sanchez, Joshua Naraine, and Arnaldo J. Garcia Rivera

#weareinit #hackathon #miamitech #diversityintech #miami #technology #tech #instatech #techie #innovation #computerscience #programming #software #webdevelopment #artificialintelligence #machinelearning #cybersecurity #womenintech #developer #college #collegelife #student #career #careergoals #internship #recruitment #recruiting",0,"10/08/2024 10:52",https://www.instagram.com/p/DA30mkbvuQQ/,"IG carousel",,Lifetime,1825,156,11,0,0,2,4123
18072399088603258,17841406860905948,init.fiu,"INIT FIU","Thank you so much for everyone who attended this year’s #Shellahacks ! We’re so grateful for all the hackers, sponsors, mentors, and volunteers for made this event what it was 😍. We hope to see everyone next year 🥳

Photos from ShellHacks 2024: https://www.flickr.com/photos/initfiu/albums/72177720320950620/

#weareinit #hackathon #miamitech #diversityintech #miami #technology #tech #instatech #techie #innovation #computerscience #programming #software #webdevelopment #artificialintelligence #machinelearning #cybersecurity #womenintech #developer #college #collegelife #student #career #careergoals #internship #recruitment #recruiting",0,"10/07/2024 07:02",https://www.instagram.com/p/DA01ceHxq8C/,"IG image",,Lifetime,1601,152,2,0,0,1,2989
17928775415945987,17841406860905948,init.fiu,"INIT FIU","caption this",8,"09/28/2024 15:53",https://www.instagram.com/reel/DAenF51Psb3/,"IG reel",,Lifetime,2431,201,13,0,4,3,6187
17923041710859120,17841406860905948,init.fiu,"INIT FIU","😍 Thank you so much to SouthWest for helping fund this year’s #ShellHacks 🥳

We’re so grateful to have them by our side this year and learn lots about their company and opportunities!

#weareinit #hackathon #miamitech #diversityintech #miami #technology #tech #instatech #techie #innovation #computerscience #programming #software #webdevelopment #artificialintelligence #machinelearning #cybersecurity #womenintech #developer #college #collegelife #student #career #careergoals #internship #recruitment #recruiting",0,"09/27/2024 11:00",https://www.instagram.com/p/DAbgv7MPV7a/,"IG image",,Lifetime,1351,31,0,0,0,2,2636
18329413636198126,17841406860905948,init.fiu,"INIT FIU","😍 Thank you so much to @codepathorg for helping fund this year’s #ShellHacks 🥳

We’re so grateful to have them by our side this year and learn lots about their company and opportunities!

#weareinit #hackathon #miamitech #diversityintech #miami #technology #tech #instatech #techie #innovation #computerscience #programming #software #webdevelopment #artificialintelligence #machinelearning #cybersecurity #womenintech #developer #college #collegelife #student #career #careergoals #internship #recruitment #recruiting",0,"09/27/2024 10:00",https://www.instagram.com/p/DAbZ6yQPfJQ/,"IG image",,Lifetime,1232,14,0,0,0,0,2315
18333375775177234,17841406860905948,init.fiu,"INIT FIU","😍 Thank you so much to ETHMiami for helping fund this year’s #ShellHacks 🥳

We’re so grateful to have them by our side this year and learn lots about their company 

#weareinit #hackathon #miamitech #diversityintech #miami #technology #tech #instatech #techie #innovation #computerscience #programming #software #webdevelopment #artificialintelligence #machinelearning #cybersecurity #womenintech #developer #college #collegelife #student #career #careergoals #internship #recruitment #recruiting",0,"09/27/2024 09:00",https://www.instagram.com/p/DAbTFLWvail/,"IG image",,Lifetime,1121,25,1,2,1,2,2169
17983224107726334,17841406860905948,init.fiu,"INIT FIU","😍 Thank you so much to GitHub for helping fund this year’s #ShellHacks 🥳

We’re so grateful to have them by our side this year and learn lots about their company 🤩 Super excited to see what their sponsor challenge is too 👀

#weareinit #hackathon #miamitech #diversityintech #miami #technology #tech #instatech #techie #innovation #computerscience #programming #software #webdevelopment #artificialintelligence #machinelearning #cybersecurity #womenintech #developer #college #collegelife #student #career #careergoals #internship #recruitment #recruiting",0,"09/27/2024 08:00",https://www.instagram.com/p/DAbMIcQvr2L/,"IG image",,Lifetime,1134,30,0,0,0,1,2223
17850320244263737,17841406860905948,init.fiu,"INIT FIU","😍 Thank you so much to GeeksforGeeks for helping fund this year’s #ShellHacks 🥳

We’re so grateful to have them by our side this year and learn lots about their company 🤩

#weareinit #hackathon #miamitech #diversityintech #miami #technology #tech #instatech #techie #innovation #computerscience #programming #software #webdevelopment #artificialintelligence #machinelearning #cybersecurity #womenintech #developer #college #collegelife #student #career #careergoals #internship #recruitment #recruiting",0,"09/27/2024 07:00",https://www.instagram.com/p/DAbFUQ0PvyO/,"IG image",,Lifetime,1136,21,0,0,0,0,2323
18269728327217741,17841406860905948,init.fiu,"INIT FIU","Meet the organizers for #ShellHacks 2024 🥳

#weareinit #hackathon #miamitech #diversityintech #miami #technology #tech #instatech #techie #innovation #computerscience #programming #software #webdevelopment #artificialintelligence #machinelearning #cybersecurity #womenintech #developer #college #collegelife #student #career #careergoals #internship #recruitment #recruiting",14,"09/27/2024 06:41",https://www.instagram.com/reel/DAbDCYvxN20/,"IG reel",,Lifetime,4097,287,10,6,4,4,9306
17913498723004589,17841406860905948,init.fiu,"INIT FIU","😍 Thank you so much to Chainguard for helping fund this year’s #ShellHacks 🥳

We’re so grateful to have them by our side this year and learn lots about their company 🤩

#weareinit #hackathon #miamitech #diversityintech #miami #technology #tech #instatech #techie #innovation #computerscience #programming #software #webdevelopment #artificialintelligence #machinelearning #cybersecurity #womenintech #developer #college #collegelife #student #career #careergoals #internship #recruitment #recruiting",0,"09/26/2024 12:40",https://www.instagram.com/p/DAZHcdhPoZA/,"IG image",,Lifetime,792,22,0,0,0,1,1409
18071509153522308,17841406860905948,init.fiu,"INIT FIU","😍 Thank you so much to Patient Safety Technology Challenge for helping fund this year’s #ShellHacks 🥳

We’re so grateful to have them by our side this year and learn about their challenge proposition. Make sure to stop by and ask!

#weareinit #hackathon #miamitech #diversityintech #miami #technology #tech #instatech #techie #innovation #computerscience #programming #software #webdevelopment #artificialintelligence #machinelearning #cybersecurity #womenintech #developer #college #collegelife #student #career #careergoals #internship #recruitment #recruiting",0,"09/26/2024 11:40",https://www.instagram.com/p/DAZAiG0Pjx1/,"IG image",,Lifetime,909,22,0,0,0,0,1737
18296018878201342,17841406860905948,init.fiu,"INIT FIU","😍 Thank you so much to @brkthroughtech for helping fund this year’s #ShellHacks 🥳

We’re so grateful to have them by our side this year and learn about their sprinternship and other opportunities 🤩

#weareinit #hackathon #miamitech #diversityintech #miami #technology #tech #instatech #techie #innovation #computerscience #programming #software #webdevelopment #artificialintelligence #machinelearning #cybersecurity #womenintech #developer #college #collegelife #student #career #careergoals #internship #recruitment #recruiting",0,"09/26/2024 10:40",https://www.instagram.com/p/DAY5qerP7tC/,"IG image",,Lifetime,901,24,1,0,0,1,1766
18077794306545277,17841406860905948,init.fiu,"INIT FIU","😍 Thank you so much to North Star Caterings for helping fund this year’s #ShellHacks 🥳

We’re so grateful to have them by our side this year!

#weareinit #hackathon #miamitech #diversityintech #miami #technology #tech #instatech #techie #innovation #computerscience #programming #software #webdevelopment #artificialintelligence #machinelearning #cybersecurity #womenintech #developer #college #collegelife #student #career #careergoals #internship #recruitment #recruiting",0,"09/26/2024 09:40",https://www.instagram.com/p/DAYyyooPsKd/,"IG image",,Lifetime,950,24,0,0,0,0,1822
18162838165315813,17841406860905948,init.fiu,"INIT FIU","😍 Thank you so much to @cafecultura_mia for helping fund this year’s #ShellHacks 🥳

We’re so grateful to have them by our side this year and learn lots about their company! Make sure to ask!

#weareinit #hackathon #miamitech #diversityintech #miami #technology #tech #instatech #techie #innovation #computerscience #programming #software #webdevelopment #artificialintelligence #machinelearning #cybersecurity #womenintech #developer #college #collegelife #student #career #careergoals #internship #recruitment #recruiting",0,"09/26/2024 08:52",https://www.instagram.com/p/DAYtRLUP6JL/,"IG image",,Lifetime,1112,32,2,0,1,0,2088
17997835052689726,17841406860905948,init.fiu,"INIT FIU","🥳 Get ready for some merch this weekend! Which shirt do you think will be yours?

#weareinit #hackathon #miamitech #diversityintech #miami #technology #tech #instatech #techie #innovation #computerscience #programming #software #webdevelopment #artificialintelligence #machinelearning #cybersecurity #womenintech #developer #college #collegelife #student #career #careergoals #internship #recruitment #recruiting",13,"09/25/2024 10:17",https://www.instagram.com/reel/DAWSDBAvUfk/,"IG reel",,Lifetime,2591,105,17,2,6,4,6067
18062489329725330,17841406860905948,init.fiu,"INIT FIU","🥳 Congratulations to all of our team leads this semester 😍

#weareinit #hackathon #miamitech #diversityintech #miami #technology #tech #instatech #techie #innovation #computerscience #programming #software #webdevelopment #artificialintelligence #machinelearning #cybersecurity #womenintech #developer #college #collegelife #student #career #careergoals #internship #recruitment #recruiting",0,"09/24/2024 12:30",https://www.instagram.com/p/DAT8t1rPXHz/,"IG carousel",,Lifetime,1450,126,14,0,2,5,4055
17980411787749881,17841406860905948,init.fiu,"INIT FIU","🥳 Congratulations to all of our team leads this semester 😍

#weareinit #hackathon #miamitech #diversityintech #miami #technology #tech #instatech #techie #innovation #computerscience #programming #software #webdevelopment #artificialintelligence #machinelearning #cybersecurity #womenintech #developer #college #collegelife #student #career #careergoals #internship #recruitment #recruiting",0,"09/24/2024 12:15",https://www.instagram.com/p/DAT69QvvHsk/,"IG carousel",,Lifetime,1499,96,28,3,4,1,3789
17908956741009686,17841406860905948,init.fiu,"INIT FIU","🥳 Congratulations to all of our team leads this semester 😍

#weareinit #hackathon #miamitech #diversityintech #miami #technology #tech #instatech #techie #innovation #computerscience #programming #software #webdevelopment #artificialintelligence #machinelearning #cybersecurity #womenintech #developer #college #collegelife #student #career #careergoals #internship #recruitment #recruiting",0,"09/24/2024 11:53",https://www.instagram.com/p/DAT4aWNPmzB/,"IG carousel",,Lifetime,2347,207,47,0,12,9,5624
17940842561899636,17841406860905948,init.fiu,"INIT FIU","🔔 Join us tomorrow where alongside @microsoft we will be hosting a pre-ShellHacks event! At this event, prepare to ready everything you’ll need for ShellHacks while also meeting @microsoft representatives! 🥳

#weareinit #hackathon #miamitech #diversityintech #miami #technology #tech #instatech #techie #innovation #computerscience #programming #software #webdevelopment #artificialintelligence #machinelearning #cybersecurity #womenintech #developer #college #collegelife #student #career #careergoals #internship #recruitment #recruiting",0,"09/23/2024 08:43",https://www.instagram.com/p/DAQ977SvmUT/,"IG image",,Lifetime,1948,79,33,1,0,10,3643
18364048636107091,17841406860905948,init.fiu,"INIT FIU","Third wave of sponsors! Thank you again so much to these amazing sponsors and all of our other amazing sponsors too 😍

#weareinit #hackathon #miamitech #diversityintech #miami #technology #tech #instatech #techie #innovation #computerscience #programming #software #webdevelopment #artificialintelligence #machinelearning #cybersecurity #womenintech #developer #college #collegelife #student #career #careergoals #internship #recruitment #recruiting",0,"09/22/2024 14:17",https://www.instagram.com/p/DAO_VgSvOCn/,"IG image",,Lifetime,1330,35,4,0,0,2,2501
18038209912935858,17841406860905948,init.fiu,"INIT FIU","Yes what you’ve heard is true, the rumours are true 🤭

#weareinit #hackathon #miamitech #diversityintech #miami #technology #tech #instatech #techie #innovation #computerscience #programming #software #webdevelopment #artificialintelligence #machinelearning #cybersecurity #womenintech #developer #college #collegelife #student #career #careergoals #internship #recruitment #recruiting",13,"09/21/2024 10:04",https://www.instagram.com/reel/DAL9Y6KvNBU/,"IG reel",,Lifetime,1885,75,10,1,5,4,3854
18014925845617123,17841406860905948,init.fiu,"INIT FIU","‼️ Tomorrow ‼️ @ 4-6pm @ PG6 116
Career prep for #ShellHacks 2024 which is NEXT WEEK!!! 🥳

#weareinit #hackathon #miamitech #diversityintech #miami #technology #tech #instatech #techie #innovation #computerscience #programming #software #webdevelopment #artificialintelligence #machinelearning #cybersecurity #womenintech #developer #college #collegelife #student #career #careergoals #internship #recruitment #recruiting",0,"09/19/2024 11:16",https://www.instagram.com/p/DAG8MdqPvNq/,"IG carousel",,Lifetime,1483,56,15,1,0,6,2706
18077643217548665,17841406860905948,init.fiu,"INIT FIU","‼️ Tomorrow ‼️ @ 2-4pm @ PG6 116
Intro to ML: Deep Learning

#weareinit #hackathon #miamitech #diversityintech #miami #technology #tech #instatech #techie #innovation #computerscience #programming #software #webdevelopment #artificialintelligence #machinelearning #cybersecurity #womenintech #developer #college #collegelife #student #career #careergoals #internship #recruitment #recruiting",0,"09/19/2024 09:13",https://www.instagram.com/p/DAGuNIhPtXM/,"IG carousel",,Lifetime,1335,74,9,0,0,0,2662
17984372885589978,17841406860905948,init.fiu,"INIT FIU","Missed both of our Q&A sessions? Don’t worry, here is a recap of our most recent one!

#weareinit #hackathon #miamitech #diversityintech #miami #technology #tech #instatech #techie #innovation #computerscience #programming #software #webdevelopment #artificialintelligence #machinelearning #cybersecurity #womenintech #developer #college #collegelife #student #career #careergoals #internship #recruitment #recruiting",0,"09/18/2024 07:06",https://www.instagram.com/p/DAD60GjxKSU/,"IG carousel",,Lifetime,1212,61,22,0,0,10,3043
18015788687312537,17841406860905948,init.fiu,"INIT FIU","🗣️ Check your emails panthers!!!
Final wave of acceptances is out 😱

#weareinit #hackathon #miamitech #diversityintech #miami #technology #tech #instatech #techie #innovation #computerscience #programming #software #webdevelopment #artificialintelligence #machinelearning #cybersecurity #womenintech #developer #college #collegelife #student #career #careergoals #internship #recruitment #recruiting",0,"09/17/2024 16:16",https://www.instagram.com/p/DAB8TVKP4iB/,"IG image",,Lifetime,985,30,4,0,0,0,2261
17930402696925943,17841406860905948,init.fiu,"INIT FIU","That’s a wrap!! 🦕 REGISTRATION IS NOW CLOSED 🦖 Remember to confirm attendance in your hacker dashboard 💜 See you on September 27th-29th🫡",0,"09/15/2024 21:00",https://www.instagram.com/p/C_9r1eqN9vB/,"IG image",,Lifetime,1320,56,7,0,1,0,2525
18014970887612528,17841406860905948,init.fiu,"INIT FIU","Join us this week on Tuesday, September 17th for a NIKE X INIT info session 🤩

We will have recruiters from NIKE there to tell you all about the process on how to get tech internships at the company!

⏰ 3pm - 5pm
🏠 AHC 5
🚪 201

😍 We’re so thankful to have this amazing partnership with such an awesome company!

#weareinit #hackathon #miamitech #diversityintech #miami #technology #tech #instatech #techie #innovation #computerscience #programming #software #webdevelopment #artificialintelligence #machinelearning #cybersecurity #womenintech #developer #college #collegelife #student #career #careergoals #internship #recruitment #recruiting",0,"09/15/2024 09:54",https://www.instagram.com/p/C_8fsMkvKE0/,"IG image",,Lifetime,1122,44,13,0,0,11,2631
18059998021734656,17841406860905948,init.fiu,"INIT FIU","🚨 Last day to register for #ShellHacks ‼️ 

#weareinit #hackathon #miamitech #diversityintech #miami #technology #tech #instatech #techie #innovation #computerscience #programming #software #webdevelopment #artificialintelligence #machinelearning #cybersecurity #womenintech #developer #college #collegelife #student #career #careergoals #internship #recruitment #recruiting",0,"09/15/2024 09:06",https://www.instagram.com/p/C_8aJbTvF78/,"IG image",,Lifetime,1019,17,7,1,0,1,1961
18001444571662222,17841406860905948,init.fiu,"INIT FIU","Gumball hasn’t registered for Shell, he just doesn’t get it... but we do!

Sign up before the final FINAL deadline tomorrow 🔗 ShellHacks.net

#weareinit #hackathon #miamitech #diversityintech #miami #technology #tech #instatech #techie #innovation #computerscience #programming #software #webdevelopment #artificialintelligence #machinelearning #cybersecurity #womenintech #developer #college #collegelife #student #career #careergoals #internship #recruitment #recruiting",9,"09/14/2024 09:07",https://www.instagram.com/reel/C_51TuCvL98/,"IG reel",,Lifetime,1394,93,14,0,1,4,2714
18008655575383719,17841406860905948,init.fiu,"INIT FIU","🚨 1 day left until the final #ShellHacks registration deadline

#weareinit #hackathon #miamitech #diversityintech #miami #technology #tech #instatech #techie #innovation #computerscience #programming #software #webdevelopment #artificialintelligence #machinelearning #cybersecurity #womenintech #developer #college #collegelife #student #career #careergoals #internship #recruitment #recruiting",0,"09/14/2024 09:02",https://www.instagram.com/p/C_506B6vfEH/,"IG image",,Lifetime,980,16,2,0,0,0,1626
18075106807558838,17841406860905948,init.fiu,"INIT FIU","😍🥳 Thank you to @bnymellon for sponsoring this years #ShellHacks for the first time! We’re so excited 🥳

Make sure to stop by their booth to talk to employers and ask about all their opportunities 

#weareinit #hackathon #miamitech #diversityintech #miami #technology #tech #instatech #techie #innovation #computerscience #programming #software #webdevelopment #artificialintelligence #machinelearning #cybersecurity #womenintech #developer #college #collegelife #student #career #careergoals #internship #recruitment #recruiting",62,"09/13/2024 11:54",https://www.instagram.com/reel/C_3jrWEPX9X/,"IG reel",,Lifetime,985,28,2,0,1,0,1904
18035942309323335,17841406860905948,init.fiu,"INIT FIU","🚨 2 days left until the final #ShellHacks registration deadline

#weareinit #hackathon #miamitech #diversityintech #miami #technology #tech #instatech #techie #innovation #computerscience #programming #software #webdevelopment #artificialintelligence #machinelearning #cybersecurity #womenintech #developer #college #collegelife #student #career #careergoals #internship #recruitment #recruiting",0,"09/13/2024 07:31",https://www.instagram.com/p/C_3FrcmxkDd/,"IG image",,Lifetime,925,17,3,0,0,1,1518
17856888414252938,17841406860905948,init.fiu,"INIT FIU","😍 Once again, thank you so much to @statefarm for coming BACK and sponsoring this years #ShellHacks 2024!

▶️ Make sure to stop by their booth to learn about how to get more involved with the tech side of their company which is super vital to the business. Also learn about their challenge project and impress them with your skills!

#weareinit #hackathon #miamitech #diversityintech #miami #technology #tech #instatech #techie #innovation #computerscience #programming #software #webdevelopment #artificialintelligence #machinelearning #cybersecurity #womenintech #developer #college #collegelife #student #career #careergoals #internship #recruitment #recruiting",43,"09/12/2024 06:59",https://www.instagram.com/reel/C_0dI1TxEsB/,"IG reel",,Lifetime,1218,57,8,0,0,2,2138
18035185280150858,17841406860905948,init.fiu,"INIT FIU","🚨 3 days left until the final #ShellHacks registration deadline

#weareinit #hackathon #miamitech #diversityintech #miami #technology #tech #instatech #techie #innovation #computerscience #programming #software #webdevelopment #artificialintelligence #machinelearning #cybersecurity #womenintech #developer #college #collegelife #student #career #careergoals #internship #recruitment #recruiting",0,"09/12/2024 06:49",https://www.instagram.com/p/C_0cEleRZ52/,"IG image",,Lifetime,847,11,5,1,0,1,1775
18041956624995998,17841406860905948,init.fiu,"INIT FIU","INIT BUILD membership applications have opened ‼️

#weareinit #hackathon #miamitech #diversityintech #miami #technology #tech #instatech #techie #innovation #computerscience #programming #software #webdevelopment #artificialintelligence #machinelearning #cybersecurity #womenintech #developer #college #collegelife #student #career #careergoals #internship #recruitment #recruiting",0,"09/11/2024 14:42",https://www.instagram.com/p/C_ytbwlPTch/,"IG image",,Lifetime,2843,79,31,0,6,9,8220
18002244140652653,17841406860905948,init.fiu,"INIT FIU","Make sure to stop by @nvidia ‘s table to ask about their undergrad internship opportunities and the very educational workshops they will be hosting during #ShellHacks ‼️ 

Thank you again to @nvidia for sponsoring this years #ShellHacks 😍

#weareinit #hackathon #miamitech #diversityintech #miami #technology #tech #instatech #techie #innovation #computerscience #programming #software #webdevelopment #artificialintelligence #machinelearning #cybersecurity #womenintech #developer #college #collegelife #student #career #careergoals #internship #recruitment #recruiting",42,"09/11/2024 11:00",https://www.instagram.com/reel/C_yT8Chv9Ys/,"IG reel",,Lifetime,1236,47,54,0,2,2,2306
18112129576405437,17841406860905948,init.fiu,"INIT FIU","🥳 Check out our workshops for this week 

⭐INIT REACH: Weekly Interview Prep (❗Tomorrow❗): Thursday, 3:30pm - 5:30pm @ PG6 112

⭐INIT EXPLORE: Intro to Machine Learning: Friday, 2pm - 4pm @ PG6 116

Register now! 🔗 go.fiu.edu/init

#weareinit #hackathon #miamitech #diversityintech #miami #technology #tech #instatech #techie #innovation #computerscience #programming #software #webdevelopment #artificialintelligence #machinelearning #cybersecurity #womenintech #developer #college #collegelife #student #career #careergoals #internship #recruitment #recruiting",0,"09/11/2024 08:42",https://www.instagram.com/p/C_yERe-PLBH/,"IG image",,Lifetime,1202,42,6,1,0,2,2406
17928806261826106,17841406860905948,init.fiu,"INIT FIU","🚨 4 days left until the final #ShellHacks registration deadline

#weareinit #hackathon #miamitech #diversityintech #miami #technology #tech #instatech #techie #innovation #computerscience #programming #software #webdevelopment #artificialintelligence #machinelearning #cybersecurity #womenintech #developer #college #collegelife #student #career #careergoals #internship #recruitment #recruiting",0,"09/11/2024 07:17",https://www.instagram.com/p/C_x6krzxqiY/,"IG image",,Lifetime,826,19,5,0,0,1,1522
18448257445057472,17841406860905948,init.fiu,"INIT FIU","🥳 Thank you to @microsoft for sponsoring this years #ShellHacks!!! So excited to see them again and to learn more about the amazing opportunities that they provide for students 😍

#weareinit #hackathon #miamitech #diversityintech #miami #technology #tech #instatech #techie #innovation #computerscience #programming #software #webdevelopment #artificialintelligence #machinelearning #cybersecurity #womenintech #developer #college #collegelife #student #career #careergoals #internship #recruitment #recruiting",16,"09/10/2024 08:36",https://www.instagram.com/reel/C_vepnaRzMV/,"IG reel",,Lifetime,1416,91,10,0,2,5,3062
18069019528594658,17841406860905948,init.fiu,"INIT FIU","🚨 5 days left until the final #ShellHacks registration deadline

#weareinit #hackathon #miamitech #diversityintech #miami #technology #tech #instatech #techie #innovation #computerscience #programming #software #webdevelopment #artificialintelligence #machinelearning #cybersecurity #womenintech #developer #college #collegelife #student #career #careergoals #internship #recruitment #recruiting",0,"09/10/2024 06:26",https://www.instagram.com/p/C_vP6mavZq5/,"IG image",,Lifetime,717,14,4,0,2,0,1298
18023544533153021,17841406860905948,init.fiu,"INIT FIU","🥳 Thank you to one of our sponsors @BreakThroughTech

Learn about their sprinternship program and amazing AI guild!

#weareinit #hackathon #miamitech #diversityintech #miami #technology #tech #instatech #techie #innovation #computerscience #programming #software #webdevelopment #artificialintelligence #machinelearning #cybersecurity #womenintech #developer #college #collegelife #student #career #careergoals #internship #recruitment #recruiting",60,"09/09/2024 10:16",https://www.instagram.com/reel/C_tFTbNPd6h/,"IG reel",,Lifetime,1430,44,4,1,2,1,2593
18115007020400035,17841406860905948,init.fiu,"INIT FIU","Third wave of acceptances is out 👀
CHECK YOUR EMAILS PANTHERS 🥳🥳

#weareinit #hackathon #miamitech #diversityintech #miami #technology #tech #instatech #techie #innovation #computerscience #programming #software #webdevelopment #artificialintelligence #machinelearning #cybersecurity #womenintech #developer #college #collegelife #student #career #careergoals #internship #recruitment #recruiting",0,"09/09/2024 09:26",https://www.instagram.com/p/C_s_rWEPQg8/,"IG image",,Lifetime,900,46,6,0,0,1,1613
18021652781187801,17841406860905948,init.fiu,"INIT FIU","🚨 6 days left until the final #ShellHacks registration deadline

#weareinit #hackathon #miamitech #diversityintech #miami #technology #tech #instatech #techie #innovation #computerscience #programming #software #webdevelopment #artificialintelligence #machinelearning #cybersecurity #womenintech #developer #college #collegelife #student #career #careergoals #internship #recruitment #recruiting",0,"09/09/2024 08:00",https://www.instagram.com/p/C_s14Yqx3CO/,"IG image",,Lifetime,1044,25,5,0,0,1,1728
18066506458529746,17841406860905948,init.fiu,"INIT FIU","Thank you to all our sponsors for #ShellHacks 2024

#weareinit #hackathon #miamitech #diversityintech #miami #technology #tech #instatech #techie #innovation #computerscience #programming #software #webdevelopment #artificialintelligence #machinelearning #cybersecurity #womenintech #developer #college #collegelife #student #career #careergoals #internship #recruitment #recruiting",0,"09/08/2024 15:16",https://www.instagram.com/p/C_rC-Xdv-be/,"IG image",,Lifetime,3319,75,14,9,0,8,4565
17976751151748437,17841406860905948,init.fiu,"INIT FIU","🚨 7 days left until the final #ShellHacks registration deadline

#weareinit #hackathon #miamitech #diversityintech #miami #technology #tech #instatech #techie #innovation #computerscience #programming #software #webdevelopment #artificialintelligence #machinelearning #cybersecurity #womenintech #developer #college #collegelife #student #career #careergoals #internship #recruitment #recruiting",0,"09/08/2024 12:46",https://www.instagram.com/p/C_qx1c0P2nW/,"IG image",,Lifetime,1021,27,3,0,0,1,1799
17939028551887829,17841406860905948,init.fiu,"INIT FIU","🚨 8 days left until the final #ShellHacks registration deadline

#weareinit #hackathon #miamitech #diversityintech #miami #technology #tech #instatech #techie #innovation #computerscience #programming #software #webdevelopment #artificialintelligence #machinelearning #cybersecurity #womenintech #developer #college #collegelife #student #career #careergoals #internship #recruitment #recruiting",0,"09/07/2024 11:36",https://www.instagram.com/p/C_oE_21PeCD/,"IG image",,Lifetime,1164,37,43,2,0,4,2054
18005616707638436,17841406860905948,init.fiu,"INIT FIU","What are you going to bring to #ShellHacks?

#weareinit #hackathon #miamitech #diversityintech #miami #technology #tech #instatech #techie #innovation #computerscience #programming #software #webdevelopment #artificialintelligence #machinelearning #cybersecurity #womenintech #developer #college #collegelife #student #career #careergoals #internship #recruitment #recruiting",38,"09/06/2024 07:35",https://www.instagram.com/reel/C_lEcZGRzWa/,"IG reel",,Lifetime,1657,63,51,1,9,6,3623
18043773514953740,17841406860905948,init.fiu,"INIT FIU","😎 Welcome back panthers! Check out our first week of workshops 🚀 

⭐INIT REACH: Weekly Interview Prep (❗Tomorrow❗): Thursday, 3:30pm - 5:30pm @ PG6 112

⭐INIT EXPLORE: Intro to Machine Learning: Friday, 2pm - 4pm @ PG6 116

⭐INIT REACH: Career prep: Friday, 4pm - 6pm @ PG6 116

Register now! 🔗 go.fiu.edu/init

#weareinit #hackathon #miamitech #diversityintech #miami #technology #tech #instatech #techie #innovation #computerscience #programming #software #webdevelopment #artificialintelligence #machinelearning #cybersecurity #womenintech #developer #college #collegelife #student #career #careergoals #internship #recruitment #recruiting",0,"09/04/2024 10:49",https://www.instagram.com/p/C_gRQhHP_r-/,"IG image",,Lifetime,2444,63,13,3,1,5,3999
18450299734052983,17841406860905948,init.fiu,"INIT FIU","🤩 Check out the non-profit patient safety technology challenge that will be held at #ShellHacks this year 🥳

Come meet recruiters from the company and ask about the challenge and other opportunities!
And don’t miss out on all the other opportunities and workshops that will be held alongside these amazing challenges!
#weareinit #hackathon #miamitech #diversityintech #miami #technology #tech #instatech #techie #innovation #computerscience #programming #software #webdevelopment #artificialintelligence #machinelearning #cybersecurity #womenintech #developer #college #collegelife #student #career #careergoals #internship #recruitment #recruiting",23,"09/04/2024 08:39",https://www.instagram.com/reel/C_gCRI5x5EO/,"IG reel",,Lifetime,1006,36,2,0,1,2,1810
18006787295394237,17841406860905948,init.fiu,"INIT FIU","🦖⏰ **BREAKING: Registration Extended!** 🦕🚀 You’ve got extra time to join the ShellHacks. Don’t let this chance go extinct—register now and bring your ideas to life! 📝✨

#weareinit #hackathon #miamitech #diversityintech #miami #technology #tech #instatech #techie #innovation #computerscience #programming #software #webdevelopment #artificialintelligence #machinelearning #cybersecurity #womenintech #developer #college #collegelife #student #career #careergoals #internship #recruitment #recruiting",0,"09/01/2024 21:16",https://www.instagram.com/p/C_ZqpUGsgEV/,"IG image",,Lifetime,1601,44,12,3,0,5,2958
18011335574550446,17841406860905948,init.fiu,"INIT FIU","‼️ Tomorrow ‼️ @ 12pm - 7pm
Visit the arcade in an effort to support STEM and STEAM development! @cafecultura_mia has partnered with Flynn’s Arcade and Infento
🥳 Come have fun and play arcade games!

#weareinit #hackathon #miamitech #diversityintech #miami #technology #tech #instatech #techie #innovation #computerscience #programming #software #webdevelopment #artificialintelligence #machinelearning #cybersecurity #womenintech #developer #college #collegelife #student #career #careergoals #internship #recruitment #recruiting",0,"08/31/2024 10:52",https://www.instagram.com/p/C_V-XkpPaWN/,"IG image",,Lifetime,1512,30,5,0,0,2,2731
17919583577967039,17841406860905948,init.fiu,"INIT FIU","What should you expect by going to #ShellHacks ? 🤔 

#weareinit #hackathon #miamitech #diversityintech #miami #technology #tech #instatech #techie #innovation #computerscience #programming #software #webdevelopment #artificialintelligence #machinelearning #cybersecurity #womenintech #developer #college #collegelife #student #career #careergoals #internship #recruitment #recruiting",25,"08/31/2024 09:16",https://www.instagram.com/reel/C_VzHVPxURT/,"IG reel",,Lifetime,2313,165,23,2,11,7,5271
18040189916049569,17841406860905948,init.fiu,"INIT FIU","@royalcaribbean is partnering with us to host our first GBM of the Fall 2024 semester, come hear what they have to say about tips and tricks to get into the industry!

Don’t miss out on the opportunity to get INIT!
😎 And also don’t miss out on some cool swag we’re going to have

#weareinit #hackathon #miamitech #diversityintech #miami #technology #tech #instatech #techie #innovation #computerscience #programming #software #webdevelopment #artificialintelligence #machinelearning #cybersecurity #womenintech #developer #college #collegelife #student #career #careergoals #internship #recruitment #recruiting",26,"08/30/2024 09:18",https://www.instagram.com/reel/C_TN2fERTJG/,"IG reel",,Lifetime,1309,90,13,0,0,5,2948
17937416855902713,17841406860905948,init.fiu,"INIT FIU","🥳 We’re grateful to have @chevron helping fund this year’s #ShellHacks

#weareinit #hackathon #miamitech #diversityintech #miami #technology #tech #instatech #techie #innovation #computerscience #programming #software #webdevelopment #artificialintelligence #machinelearning #cybersecurity #womenintech #developer #college #collegelife #student #career #careergoals #internship #recruitment #recruiting",0,"08/28/2024 09:05",https://www.instagram.com/p/C_ODyOVxbPN/,"IG image",,Lifetime,982,31,2,1,0,0,1864
18277136434242966,17841406860905948,init.fiu,"INIT FIU","🥳 Our first general body meeting of the semester will be this Friday, August 30th @ GL 100 @ 3pm - 5pm 

We are also so grateful to have our first GBM co-hosted by @royalcaribbean ! Huge thank you to them 🙏

#weareinit #hackathon #miamitech #diversityintech #miami #technology #tech #instatech #techie #innovation #computerscience #programming #software #webdevelopment #artificialintelligence #machinelearning #cybersecurity #womenintech #developer #college #collegelife #student #career #careergoals #internship #recruitment #recruiting",0,"08/28/2024 06:37",https://www.instagram.com/p/C_Ny20VRsY3/,"IG carousel",,Lifetime,2405,132,4,5,4,10,5182
17931198866798472,17841406860905948,init.fiu,"INIT FIU","🚨 ALERT 🚨 
Registration closes THIS SUNDAY, September 1st! You won't want to miss out on this year's ShellHacks, so ACT NOW!

https://shellhacks.net !!! 🦕🦖 

#weareinit #hackathon #miamitech #diversityintech #miami #technology #tech #instatech #techie #innovation #computerscience #programming #software #webdevelopment #artificialintelligence #machinelearning #cybersecurity #womenintech #developer #college #collegelife #student #career #careergoals #internship #recruitment #recruiting",0,"08/26/2024 21:54",https://www.instagram.com/p/C_KSIFZsSqC/,"IG image",,Lifetime,3407,69,8,7,0,7,5755
18128329222365831,17841406860905948,init.fiu,"INIT FIU","Ready to kick-off the semester with an incredible opportunity at Google? 🚀 Join our watchparty event for Google's Tech Exchange 2025 program this Monday! 📅 FIU will host an info session at PG6 116, starting at 7pm ET. 🕖 We will have program alumni speaking about their experience in the program and first-hand assistance for any questions you may have! 🎓

Tech Exchange is a hybrid learning program designated for CS/CE students from HSIs and HBCUs that want to land internships at Google in the Summer of 2026. 🌟 Students will be immersed in extensive mentorship networks and be taught regular curriculum classes directly by Google Engineers. 💻

Don't miss out on this opportunity! 🌟

#googletechexchange #google #weareinit #hackathon #miamitech #diversityintech #miami #technology #tech #instatech #techie #innovation #computerscience #programming #software #webdevelopment #artificialintelligence #machinelearning #cybersecurity #womenintech #developer #college #collegelife #student #career #careergoals #internship",38,"08/26/2024 14:11",https://www.instagram.com/reel/C_JdHnZv2OU/,"IG reel",,Lifetime,2344,174,27,3,4,21,4399
18069379810574172,17841406860905948,init.fiu,"INIT FIU","🚨 Second wave of acceptances is out! Check your emails panthers 🐆 

#weareinit #hackathon #miamitech #diversityintech #miami #technology #tech #instatech #techie #innovation #computerscience #programming #software #webdevelopment #artificialintelligence #machinelearning #cybersecurity #womenintech #developer #college #collegelife #student #career #careergoals #internship #recruitment #recruiting",0,"08/26/2024 08:58",https://www.instagram.com/p/C_I5Yw3xYEd/,"IG image",,Lifetime,1597,50,0,2,0,1,2747
17858450661232837,17841406860905948,init.fiu,"INIT FIU","🥳 Thank you to assurant for helping fun this year’s #ShellHacks

#weareinit #hackathon #miamitech #diversityintech #miami #technology #tech #instatech #techie #innovation #computerscience #programming #software #webdevelopment #artificialintelligence #machinelearning #cybersecurity #womenintech #developer #college #collegelife #student #career #careergoals #internship #recruitment #recruiting",0,"08/25/2024 09:34",https://www.instagram.com/p/C_GYpEdPbtA/,"IG image",,Lifetime,992,24,0,0,0,0,1781
18054014599763387,17841406860905948,init.fiu,"INIT FIU","😍 Check out another one of EBoard members, Gabe, as he shows us around @nvidia 😍

#weareinit #hackathon #miamitech #diversityintech #miami #technology #tech #instatech #techie #innovation #computerscience #programming #software #webdevelopment #artificialintelligence #machinelearning #cybersecurity #womenintech #developer #college #collegelife #student #career #careergoals #internship #recruitment #recruiting",60,"08/25/2024 07:43",https://www.instagram.com/reel/C_GLuQ0x129/,"IG reel",,Lifetime,2222,214,50,5,10,6,5024
18050083621879735,17841406860905948,init.fiu,"INIT FIU","🥳 Thank you to @ford for helping fund this year’s #ShellHacks

#weareinit #hackathon #miamitech #diversityintech #miami #technology #tech #instatech #techie #innovation #computerscience #programming #software #webdevelopment #artificialintelligence #machinelearning #cybersecurity #womenintech #developer #college #collegelife #student #career #careergoals #internship #recruitment #recruiting",0,"08/24/2024 10:12",https://www.instagram.com/p/C_D4PmPPnSv/,"IG image",,Lifetime,660,30,1,0,0,2,1121
18044959912913566,17841406860905948,init.fiu,"INIT FIU","Ready to kick-off the semester with an incredible opportunity at Google? 🚀 Join our watchparty event for Google's Tech Exchange 2025 program this Monday! 📅 FIU will host an info session at PG6 116, starting at 7pm ET. 🕖 We will have program alumni speaking about their experience in the program and first-hand assistance for any questions you may have! 🎓

Tech Exchange is a hybrid learning program designated for CS/CE students from HSIs and HBCUs that want to land internships at Google in the Summer of 2026. 🌟 Students will be immersed in extensive mentorship networks and be taught regular curriculum classes directly by Google Engineers. 💻

Don't miss out on this opportunity! 🌟

#googletechexchange #google #weareinit #hackathon #miamitech #diversityintech #miami #technology #tech #instatech #techie #innovation #computerscience #programming #software #webdevelopment #artificialintelligence #machinelearning #cybersecurity #womenintech #developer #college #collegelife #student #career #careergoals #internship",0,"08/23/2024 14:07",https://www.instagram.com/p/C_BuTChvL4b/,"IG image",,Lifetime,1643,87,0,0,2,15,2903
17990544185526565,17841406860905948,init.fiu,"INIT FIU","🥳 Thank you to @fiucommunity for helping fund this years #ShellHacks

#weareinit #hackathon #miamitech #diversityintech #miami #technology #tech #instatech #techie #innovation #computerscience #programming #software #webdevelopment #artificialintelligence #machinelearning #cybersecurity #womenintech #developer #college #collegelife #student #career #careergoals #internship #recruitment #recruiting",0,"08/23/2024 09:53",https://www.instagram.com/p/C_BRS64vsZM/,"IG image",,Lifetime,832,26,0,0,2,1,1525
18058030423726912,17841406860905948,init.fiu,"INIT FIU","Throwback to #ShellHacks 2023 🥹🤩

#weareinit #hackathon #miamitech #diversityintech #miami #technology #tech #instatech #techie #innovation #computerscience #programming #software #webdevelopment #artificialintelligence #machinelearning #cybersecurity #womenintech #developer #college #collegelife #student #career #careergoals #internship #recruitment #recruiting",27,"08/22/2024 09:34",https://www.instagram.com/reel/C--qMfRxyNr/,"IG reel",,Lifetime,1751,120,29,0,2,3,3455
17972723423758223,17841406860905948,init.fiu,"INIT FIU","🥳 Thank you to @capitalone for helping fund this years #ShellHacks 🤩

#weareinit #hackathon #miamitech #diversityintech #miami #technology #tech #instatech #techie #innovation #computerscience #programming #software #webdevelopment #artificialintelligence #machinelearning #cybersecurity #womenintech #developer #college #collegelife #student #career #careergoals #internship #recruitment #recruiting",0,"08/21/2024 10:09",https://www.instagram.com/p/C-8JhHXvRqB/,"IG image",,Lifetime,753,28,1,0,0,1,1330
17936541923893471,17841406860905948,init.fiu,"INIT FIU","Check out our President, David, as he shows us how national intern day was like at @google 🤩

#weareinit #hackathon #miamitech #diversityintech #miami #technology #tech #instatech #techie #innovation #computerscience #programming #software #webdevelopment #artificialintelligence #machinelearning #cybersecurity #womenintech #developer #college #collegelife #student #career #careergoals #internship #recruitment #recruiting",58,"08/21/2024 07:41",https://www.instagram.com/reel/C-74VSrx50N/,"IG reel",,Lifetime,1961,183,23,1,8,7,4257
18309792985085228,17841406860905948,init.fiu,"INIT FIU","🥳 thank you to @nvidia for helping fund this years #ShellHacks ‼️

#weareinit #hackathon #miamitech #diversityintech #miami #technology #tech #instatech #techie #innovation #computerscience #programming #software #webdevelopment #artificialintelligence #machinelearning #cybersecurity #womenintech #developer #college #collegelife #student #career #careergoals #internship #recruitment #recruiting",0,"08/20/2024 10:09",https://www.instagram.com/p/C-5kwktviS7/,"IG image",,Lifetime,1068,28,3,1,0,1,1731
18055299859690930,17841406860905948,init.fiu,"INIT FIU","🥳 thank you to @statefarm for helping fund this years #ShellHacks ‼️

#weareinit #hackathon #miamitech #diversityintech #miami #technology #tech #instatech #techie #innovation #computerscience #programming #software #webdevelopment #artificialintelligence #machinelearning #cybersecurity #womenintech #developer #college #collegelife #student #career #careergoals #internship #recruitment #recruiting",0,"08/19/2024 09:09",https://www.instagram.com/p/C-25ClSx1lB/,"IG image",,Lifetime,756,31,1,0,0,1,1266
18107641660410981,17841406860905948,init.fiu,"INIT FIU","🥳 thank you to @miamidadecounty for helping fund this years #ShellHacks ‼️

#weareinit #hackathon #miamitech #diversityintech #miami #technology #tech #instatech #techie #innovation #computerscience #programming #software #webdevelopment #artificialintelligence #machinelearning #cybersecurity #womenintech #developer #college #collegelife #student #career #careergoals #internship #recruitment #recruiting",0,"08/17/2024 10:02",https://www.instagram.com/p/C-x1hEzPyx5/,"IG image",,Lifetime,786,37,1,0,0,2,1379
18027882827037452,17841406860905948,init.fiu,"INIT FIU","⚠️ INIT Ignite member applications are OPEN ⚠️

Benefits of joining Ignite:

🌱  Internship on your transcript
🌱  CIS 1940 - free and zero credits
🌱  Volunteer hours
🌱  Gain leadership & team skills
🌱  Practice communication skills
🌱  Inspire the future generation

🚨 DEADLINE FOR APPLYING: August 23rd
‼️ Register now: go.fiu.edu/initignite ‼️

#weareinit #hackathon #miamitech #diversityintech #miami #technology #tech #instatech #techie #innovation #computerscience #programming #software #webdevelopment #artificialintelligence #machinelearning #cybersecurity #womenintech #developer #college #collegelife #student #career #careergoals #internship",0,"08/16/2024 12:29",https://www.instagram.com/p/C-vhjEIPPea/,"IG carousel",,Lifetime,1059,50,4,0,0,4,3012
18320455123157524,17841406860905948,init.fiu,"INIT FIU","🥳 Priority registration has been extended exclamation ‼️ Apply now 

#weareinit #hackathon #miamitech #diversityintech #miami #technology #tech #instatech #techie #innovation #computerscience #programming #software #webdevelopment #artificialintelligence #machinelearning #cybersecurity #womenintech #developer #college #collegelife #student #career #careergoals #internship #recruitment #recruiting",0,"08/16/2024 09:06",https://www.instagram.com/p/C-vKUVRRK4R/,"IG image",,Lifetime,1277,42,5,1,0,1,2077
18036310100028499,17841406860905948,init.fiu,"INIT FIU","Thank you to @miamitechworks for helping fund this years #ShellHacks 🙏🏻

#weareinit #hackathon #miamitech #diversityintech #miami #technology #tech #instatech #techie #innovation #computerscience #programming #software #webdevelopment #artificialintelligence #machinelearning #cybersecurity #womenintech #developer #college #collegelife #student #career #careergoals #internship #recruitment #recruiting",0,"08/15/2024 08:03",https://www.instagram.com/p/C-seW5hxBQo/,"IG image",,Lifetime,731,36,1,0,0,2,1263
18006888833627945,17841406860905948,init.fiu,"INIT FIU","Have questions about #ShellHacks ?

Here is a recap of our recent Q&A session

#weareinit #hackathon #miamitech #diversityintech #miami #technology #tech #instatech #techie #innovation #computerscience #programming #software #webdevelopment #artificialintelligence #machinelearning #cybersecurity #womenintech #developer #college #collegelife #student #career #careergoals #internship #recruitment #recruiting",0,"08/14/2024 09:42",https://www.instagram.com/p/C-qE33oPOVl/,"IG carousel",,Lifetime,807,50,2,0,0,3,1761
18094351471454284,17841406860905948,init.fiu,"INIT FIU","🚨 Reminder to apply to #ShellHacks!!!!! 🚨

Any and all skill sets are welcomed! Not limited to just programming

Come meet recruiters and learn about different positions and possible internship opportunities!

#weareinit #hackathon #miamitech #diversityintech #miami #technology #tech #instatech #techie #innovation #computerscience #programming #software #webdevelopment #artificialintelligence #machinelearning #cybersecurity #womenintech #developer #college #collegelife #student #career #careergoals #internship #recruitment #recruiting",18,"08/13/2024 09:08",https://www.instagram.com/reel/C-nb5zWx2i0/,"IG reel",,Lifetime,1772,83,10,1,4,8,4178
17973023516755977,17841406860905948,init.fiu,"INIT FIU","🥳 Second wave of sponsors 🙏🏻

#weareinit #hackathon #miamitech #diversityintech #miami #technology #tech #instatech #techie #innovation #computerscience #programming #software #webdevelopment #artificialintelligence #machinelearning #cybersecurity #womenintech #developer #college #collegelife #student #career #careergoals #internship #recruitment #recruiting",0,"08/12/2024 09:38",https://www.instagram.com/p/C-k628sxpl1/,"IG image",,Lifetime,1398,53,10,2,3,3,2114
18036870125478421,17841406860905948,init.fiu,"INIT FIU","🥳 Thank you to Google for helping fund this year’s #ShellHacks!!!!!

Come meet recruiters and learn about different positions and possible internship opportunities!

#weareinit #hackathon #miamitech #diversityintech #miami #technology #tech #instatech #techie #innovation #computerscience #programming #software #webdevelopment #artificialintelligence #machinelearning #cybersecurity #womenintech #developer #college #collegelife #student #career #careergoals #internship #recruitment #recruiting",0,"08/07/2024 09:38",https://www.instagram.com/p/C-YC1z5RyUC/,"IG carousel",,Lifetime,741,68,6,0,8,4,1663
17875993935111966,17841406860905948,init.fiu,"INIT FIU","🥳 Thank you to Waymo for coming back and helping fund this year’s #ShellHacks

#weareinit #hackathon #miamitech #diversityintech #miami #technology #tech #instatech #techie #innovation #computerscience #programming #software #webdevelopment #artificialintelligence #machinelearning #cybersecurity #womenintech #developer #college #collegelife #student #career #careergoals #internship #recruitment #recruiting",0,"08/06/2024 08:04",https://www.instagram.com/p/C-VTUtNxDDK/,"IG carousel",,Lifetime,749,49,2,0,2,2,1571
18272093806208844,17841406860905948,init.fiu,"INIT FIU","🥳 Thank you to Vanguard for helping fund this year’s #ShellHacks

Come meet recruiters and learn about internships and job opportunities 🤩

#weareinit #hackathon #miamitech #diversityintech #miami #technology #tech #instatech #techie #innovation #computerscience #programming #software #webdevelopment #artificialintelligence #machinelearning #cybersecurity #womenintech #developer #college #collegelife #student #career #careergoals #internship #recruitment #recruiting",0,"08/05/2024 08:06",https://www.instagram.com/p/C-SuwUQRzWn/,"IG carousel",,Lifetime,740,57,0,0,2,4,1528
18039439589005170,17841406860905948,init.fiu,"INIT FIU","🥳 Thank you to NETFLIX for helping us with #ShellHacks

#weareinit #hackathon #miamitech #diversityintech #miami #technology #tech #instatech #techie #innovation #computerscience #programming #software #webdevelopment #artificialintelligence #machinelearning #cybersecurity #womenintech #developer #college #collegelife #student #career #careergoals #internship #recruitment #recruiting",0,"08/04/2024 10:33",https://www.instagram.com/p/C-QatYGPG2F/,"IG carousel",,Lifetime,870,95,13,1,8,4,1889
18012720404533210,17841406860905948,init.fiu,"INIT FIU","🚨 ALERT 🚨 
Priority registration is soon ending!

#weareinit #hackathon #miamitech #diversityintech #miami #technology #tech #instatech #techie #innovation #computerscience #programming #software #webdevelopment #artificialintelligence #machinelearning #cybersecurity #womenintech #developer #college #collegelife #student #career #careergoals #internship #recruitment #recruiting",0,"08/03/2024 09:53",https://www.instagram.com/p/C-NxYiVx8HL/,"IG image",,Lifetime,2027,67,62,6,2,11,3388
18021879680372757,17841406860905948,init.fiu,"INIT FIU","Previous #ShellHacks winner and current E-Board Ricardo tells us about his experience going to #ShellHacks before becoming part of INIT 🤩

#weareinit #hackathon #miamitech #diversityintech #miami #technology #tech #instatech #techie #innovation #computerscience #programming #software #webdevelopment #artificialintelligence #machinelearning #cybersecurity #womenintech #developer #college #collegelife #student #career #careergoals #internship #recruitment #recruiting",61,"08/02/2024 07:34",https://www.instagram.com/reel/C-K7BK-Rk_R/,"IG reel",,Lifetime,1330,58,0,0,4,2,2940
17964164519786495,17841406860905948,init.fiu,"INIT FIU","🥳 We are thrilled to announce Microsoft as one of our core sponsors for #ShellHacks 2024! Welcome back 😍🙏🏻

Don’t miss the opportunity to meet the Microsoft team and learn about their job and internship opportunities!

#weareinit #hackathon #miamitech #diversityintech #miami #technology #tech #instatech #techie #innovation #computerscience #programming #software #webdevelopment #artificialintelligence #machinelearning #cybersecurity #womenintech #developer #college #collegelife #student #career #careergoals #internship #recruitment #recruiting",0,"08/01/2024 08:59",https://www.instagram.com/p/C-IhntTRWhH/,"IG carousel",,Lifetime,1124,85,48,2,2,6,2206
18115594711376650,17841406860905948,init.fiu,"INIT FIU","🥳 Our former ShellHacks PM shows us what it’s like to be a Microsoft intern 😍

#weareinit #hackathon #miamitech #diversityintech #miami #technology #tech #instatech #techie #innovation #computerscience #programming #software #webdevelopment #artificialintelligence #machinelearning #cybersecurity #womenintech #developer #college #collegelife #student #career #careergoals #internship #recruitment #recruiting",75,"07/30/2024 08:04",https://www.instagram.com/reel/C-DRepXMkYo/,"IG reel",,Lifetime,1847,150,21,0,38,6,4081
18127861843368195,17841406860905948,init.fiu,"INIT FIU","Did you know this about ShellHacks 👀

#weareinit #hackathon #miamitech #diversityintech #miami #technology #tech #instatech #techie #innovation #computerscience #programming #software #webdevelopment #artificialintelligence #machinelearning #cybersecurity #womenintech #developer #college #collegelife #student #career #careergoals #internship #recruitment #recruiting",23,"07/29/2024 07:43",https://www.instagram.com/reel/C-AnzkQxvQM/,"IG reel",,Lifetime,1646,73,30,0,12,4,3285
18107921824404374,17841406860905948,init.fiu,"INIT FIU","‼️ First wave of acceptances ‼️ 
More waves coming soon 👀 make sure to check spam
Make sure to join the ShellHacks chat in our discord 🤩

#weareinit #hackathon #miamitech #diversityintech #miami #technology #tech #instatech #techie #innovation #computerscience #programming #software #webdevelopment #artificialintelligence #machinelearning #cybersecurity #womenintech #developer #college #collegelife #student #career #careergoals #internship #recruitment #recruiting",0,"07/27/2024 10:28",https://www.instagram.com/p/C97z0K8P5M2/,"IG image",,Lifetime,1214,52,6,2,3,4,1987
17966254007779843,17841406860905948,init.fiu,"INIT FIU","✨ HAPPY INTERN DAY 🥳🥳🥳 Check out our Director of Social Media, Carol, as she gives us a sneak peak into her summer SWE internship with TelevisaUnivision 😍 ✨ 

#weareinit #hackathon #miamitech #diversityintech #miami #technology #tech #instatech #techie #innovation #computerscience #programming #software #webdevelopment #artificialintelligence #machinelearning #cybersecurity #womenintech #developer #college #collegelife #student #career #careergoals #internship #recruitment #nationalinternday #intern #interndays #televisaunivision",59,"07/25/2024 07:04",https://www.instagram.com/reel/C92RuRyRDdc/,"IG reel",,Lifetime,2216,184,78,1,33,8,4837
17859047049199050,17841406860905948,init.fiu,"INIT FIU","🎉 Tune in to hear our VP tell us why ShellHacks is VITAL to go to 😍

#weareinit #hackathon #miamitech #diversityintech #miami #technology #tech #instatech #techie #innovation #computerscience #programming #software #webdevelopment #artificialintelligence #machinelearning #cybersecurity #womenintech #developer #college #collegelife #student #career #careergoals #internship #recruitment #recruiting",51,"07/18/2024 08:04",https://www.instagram.com/reel/C9kX2vfxNUJ/,"IG reel",,Lifetime,1875,66,16,1,5,2,3964
17891592975048824,17841406860905948,init.fiu,"INIT FIU","ShellHacks has officially joined MLH for the 2025 season 🥳🥳

#weareinit #hackathon #miamitech #diversityintech #miami #technology #tech #instatech #techie #innovation #computerscience #programming #software #webdevelopment #artificialintelligence #machinelearning #cybersecurity #womenintech #developer #college #collegelife #student #career #careergoals #internship #recruitment #recruiting",0,"07/15/2024 14:02",https://www.instagram.com/p/C9dS0tXPROF/,"IG image",,Lifetime,2598,67,7,7,2,8,4106
18001083392437024,17841406860905948,init.fiu,"INIT FIU","🚨Don’t forget to register for ShellHacks 2024 and get to meet folk from the prehistoric days 🦖 

🔔 Space is limited so you want to make sure to secure your spot as a hacker, mentor, or volunteer ‼️ 

#weareinit #hackathon #miamitech #diversityintech #miami #technology #tech #instatech #techie #innovation #computerscience #programming #software #webdevelopment #artificialintelligence #machinelearning #cybersecurity #womenintech #developer #college #collegelife #student #career #careergoals #internship #recruitment #recruiting",17,"07/09/2024 07:00",https://www.instagram.com/reel/C9NFlZSRg4d/,"IG reel",,Lifetime,2167,114,20,10,22,4,4863
18047236942839681,17841406860905948,init.fiu,"INIT FIU","‼️ Volunteer applications are now open ‼️ 
This event takes a lot of coordination and it would be an amazing opportunity to get hands on experience even without completing a project! 😍

We’re so excited to see you there 🦖 

#weareinit #hackathon #miamitech #diversityintech #miami #technology #tech #instatech #techie #innovation #computerscience #programming #software #webdevelopment #artificialintelligence #machinelearning #cybersecurity #womenintech #developer #college #collegelife #student #career #careergoals #internship #recruitment #recruiting",0,"07/06/2024 16:16",https://www.instagram.com/p/C9GW_IzPOMZ/,"IG image",,Lifetime,1951,42,8,4,1,8,3205
17903015927919210,17841406860905948,init.fiu,"INIT FIU","‼️ Judge applications are now open ‼️ 
If you believe you got what it takes, then please register! 😍

We’re so excited to see you there 🦖 

#weareinit #hackathon #miamitech #diversityintech #miami #technology #tech #instatech #techie #innovation #computerscience #programming #software #webdevelopment #artificialintelligence #machinelearning #cybersecurity #womenintech #developer #college #collegelife #student #career #careergoals #internship #recruitment #recruiting",0,"07/04/2024 07:00",https://www.instagram.com/p/C9ANyRcy3tL/,"IG image",,Lifetime,945,34,1,2,0,0,1799
17927510162907049,17841406860905948,init.fiu,"INIT FIU","Registration for KnightHacks is now open! 🥳🥳

⛅️ October 4th - 6th

🏡 UCF ENG2 Atrium Building

#weareinit #hackathon #miamitech #diversityintech #miami #technology #tech #instatech #techie #innovation #computerscience #programming #software #webdevelopment #artificialintelligence #machinelearning #cybersecurity #womenintech #developer #college #collegelife #student #career #careergoals #internship #recruitment #recruiting",0,"07/03/2024 12:11",https://www.instagram.com/p/C8-Mhn8yRrQ/,"IG image",,Lifetime,1535,76,16,1,4,10,2950
18018794282367493,17841406860905948,init.fiu,"INIT FIU","‼️ Mentor applications are open ‼️ 
If you’ve already been to a hackathon or two and feel that you are ready to help others, sign up to be a mentor 🤩

We’re so excited to see you there 🦕 

#weareinit #hackathon #miamitech #diversityintech #miami #technology #tech #instatech #techie #innovation #computerscience #programming #software #webdevelopment #artificialintelligence #machinelearning #cybersecurity #womenintech #developer #college #collegelife #student #career #careergoals #internship #recruitment #recruiting",0,"07/02/2024 08:23",https://www.instagram.com/p/C87NnVhMTQc/,"IG image",,Lifetime,1601,45,8,0,1,4,2955
18004223006339449,17841406860905948,init.fiu,"INIT FIU","“What exactly is ShellHacks?” 🤔

🦕 Our amazing PM for ShellHacks 2024 takes the stage to tell us!

#weareinit #hackathon #miamitech #diversityintech #miami #technology #tech #instatech #techie #innovation #computerscience #programming #software #webdevelopment #artificialintelligence #machinelearning #cybersecurity #womenintech #developer #college #collegelife #student #career #careergoals #internship #recruitment #recruiting",63,"06/25/2024 06:00",https://www.instagram.com/reel/C8o7vM1tVbP/,"IG reel",,Lifetime,1772,78,7,1,11,3,
17852160678183933,17841406860905948,init.fiu,"INIT FIU","🚀 Hey Panthers 🚀 
⚠️ Check out all the details regarding ShellHacks 2024 🦕🦖

#weareinit #hackathon #miamitech #diversityintech #miami #technology #tech #instatech #techie #innovation #computerscience #programming #software #webdevelopment #artificialintelligence #machinelearning #cybersecurity #womenintech #developer #college #collegelife #student #career #careergoals #internship",0,"06/21/2024 08:41",https://www.instagram.com/p/C8e68hzM6jV/,"IG carousel",,Lifetime,9874,434,351,41,89,86,
18133203133341435,17841406860905948,init.fiu,"INIT FIU","🦕 keep an 👁️ out for our ShellHacks site 🦖 

#weareinit #hackathon #miamitech #diversityintech #miami #technology #tech #instatech #techie #innovation #computerscience #programming #software #webdevelopment #artificialintelligence #machinelearning #cybersecurity #womenintech #developer #college #collegelife #student #career #careergoals #internship",24,"06/19/2024 07:34",https://www.instagram.com/reel/C8ZpmaRMCEZ/,"IG reel",,Lifetime,2063,123,25,7,20,3,
17921013926913975,17841406860905948,init.fiu,"INIT FIU","‼️ Watch out Panthers, ShellHacks 🐚 is coming soon ‼️ 

#weareinit #hackathon #miamitech #diversityintech #miami #technology #tech #instatech #techie #innovation #computerscience #programming #software #webdevelopment #artificialintelligence #machinelearning #cybersecurity #womenintech #developer #college #collegelife #student #career #careergoals #internship",12,"06/12/2024 06:32",https://www.instagram.com/reel/C8HgxnQsWw1/,"IG reel",,Lifetime,2144,135,14,1,13,6,
18038221360858214,17841406860905948,init.fiu,"INIT FIU","Drumroll 🥁 for April’s member of the month: Alejandro Vera! 🥳
Alejandro is a senior in Computer Science here at FIU and was an INIT Build Lead!!!

🔍 About Alejandro:
“Hi there! I'm Alejandro, a senior student at Florida International University pursuing a Bachelor degree in Computer Science (Fall '24). I am extremely passionate about Software Engineering and I was the team lead for Web Dev 1 at INIT FIU. I am also extremely excited to be an incoming SDE intern at Amazon for the summer of 2024! My journey in computer science started my senior year of high school (2021) where I started studying HTML/CSS and JavaScript out of pure curiosity and love for coding.”

🚀 Alejandro’s Proudest Achievement:
“My proudest accomplishment so far in my career has been getting my most recent internship at Amazon for a Software Development role. Getting the chance to work at a company that I absolutely adore while doing work that I am extremely devoted to is currently the accomplishment I am most proud of.” 🌐💼 

Alejandro describes his process in applying to Amazon: 
“Some key steps that I took to receive this offer is by studying technical problems via LeetCode, studying on how to succeed in a behavioral interview, and just being myself! Really showing your love for not only programming but for the company goes a long way and I believe the recruiters were able to capture that from me.”

🌎 Interests/Hobbies:
For hobbies I love running, playing basketball, playing video games, going out with friends, and traveling!

🎓 Alejandro’s Words of Wisdom:
“My strongest piece of advice for students would be to have passion. Having passion for what you want to achieve is the greatest motivator on the journey to achieving your goals and dreams. Have the passion to be involved in extremely helpful organization like INIT, have the passion to research your goals outside of the classroom, and have the passion to push your limits and embrace challenges along the way. Oh, and LeetCode for the programmers :D”

#weareinit #hackathon #miamitech #diversityintech #miami #technology #tech #instatech #techie #artificialintelligence #ai #computerscience #programming #software #webdevelopment",0,"05/08/2024 11:05",https://www.instagram.com/p/C6t4ca9LOkP/,"IG image",,Lifetime,1478,59,9,0,4,2,
18050018380618228,17841406860905948,init.fiu,"INIT FIU","📣 Attention Spring and Summer 2024 Grads - get your INIT graduation stole today!

🎖️We’ve designed these stoles so that you can proudly wear them at graduation and be recognized for your involvement in INIT.

🔥The stoles are black with a gold trim and embroidered white/gold INIT logos on both sides. We hope you all look forward to wearing them at graduation!

👀 Quantities are limited. If you’re interested in purchasing a stole, please fill out the form at http://go.fiu.edu/initstoles ⬅️ Deadline: Friday, April 25th

#weareinit #hackathon #miamitech #diversityintech #miami #technology #tech #instatech #techie #innovation #computerscience #programming #software #webdevelopment #artificialintelligence #machinelearning #cybersecurity #womenintech #developer #college #collegelife #student #career #careergoals #internship",0,"04/24/2024 09:02",https://www.instagram.com/p/C6JnRkVOWz7/,"IG carousel",,Lifetime,603,75,0,0,0,4,
18004375733435258,17841406860905948,init.fiu,"INIT FIU","Our last event for the semester 🥺
‼️ Tomorrow ‼️ @ 5pm - 7pm @ PG6 116

Join us for INIT’s Spring 2024 Final General Body Meeting and Study hall,🥳 where we’ll wrap up the semester’s successes and set the stage for what’s to come! 🎊

❇️ Gather to celebrate our achievements and study for finals together! 📚

#weareinit #hackathon #miamitech #diversityintech #miami #technology #tech #instatech #techie #innovation #computerscience #programming #software #webdevelopment #artificialintelligence #machinelearning #cybersecurity #womenintech #developer #college #collegelife #student #career #careergoals #internship",0,"04/18/2024 06:47",https://www.instagram.com/p/C557EhKOpEY/,"IG image",,Lifetime,260,36,1,0,2,1,
18307898848145530,17841406860905948,init.fiu,"INIT FIU","🎀 Special thanks to our EBoard this semester and everyone who helps INIT be as successful as we are 🥳!

(Not everyone shows up in the video 🫶🏻)

#weareinit #hackathon #miamitech #diversityintech #miami #technology #tech #instatech #techie #innovation #computerscience #programming #software #webdevelopment #artificialintelligence #machinelearning #cybersecurity #womenintech #developer #college #collegelife #student #career #careergoals #internship",27,"04/17/2024 07:56",https://www.instagram.com/reel/C53d2WkMQv_/,"IG reel",,Lifetime,341,162,2,0,28,5,
17843047854201629,17841406860905948,init.fiu,"INIT FIU","What else would you guys like to know? 💭 

#weareinit #hackathon #miamitech #diversityintech #miami #technology #tech #instatech #techie #innovation #computerscience #programming #software #webdevelopment #artificialintelligence #machinelearning #cybersecurity #womenintech #developer #college #collegelife #student #career #careergoals #internship",67,"04/13/2024 09:39",https://www.instagram.com/reel/C5tWeCDu5Qg/,"IG reel",,Lifetime,238,62,0,0,7,1,
18107756473348092,17841406860905948,init.fiu,"INIT FIU","It’ll be okay, just come to our DEMO day 🤭

#weareinit #hackathon #miamitech #diversityintech #miami #technology #tech #instatech #techie #innovation #computerscience #programming #software #webdevelopment #artificialintelligence #machinelearning #cybersecurity #womenintech #developer #college #collegelife #student #career #careergoals #internship",22,"04/11/2024 06:48",https://www.instagram.com/reel/C5n5ZSrO_l0/,"IG reel",,Lifetime,208,125,0,0,20,5,
18223380589283158,17841406860905948,init.fiu,"INIT FIU","🎉 Congrats to our March member of the Month: Marcos Carrillo 🎉

🥳 Marcos is a Junior in Computer Science who is both an Init member and Build team co-lead! Currently he is applying to a Chess.com internship, and was able to secure an offer letter to General Electric for the Fall!
🔍 About Marcos:
“Since I was a kid I loved to explore hardware components and mess around with the software and operating systems. Ever since, I’ve been building apps, websites, and utility software to provide crafty solutions to real-world problems.”
🚀 Achievements:
Marco’s proudest achievement? It was getting accepted and a full ride to study at FIU, along with an offer from General Electric for a Fall SWE Internship! 🌐💼 
🌎 Interests/Hobbies:
Marcos interests include playing Chess, programming robots, and developing AI technologies.
He also loves to go fishing in the Florida Keys and traveling around the world! 🌎
🎓Marco’s advice for other students:
“I highly advise you to attend every INIT session you can! The resources they offer and the advice they give you is critical to getting past the tough task of getting that first internship and even preparing for interviews.”

#weareinit #hackathon #miamitech #diversityintech #miami #technology #tech #instatech #techie #innovation #computerscience #programming #software #webdevelopment #artificialintelligence #machinelearning #cybersecurity #womenintech #developer #college #collegelife #student #career #careergoals #internship",0,"04/09/2024 09:04",https://www.instagram.com/p/C5i_givsjBc/,"IG image",,Lifetime,179,41,0,1,3,1,
17844113682198699,17841406860905948,init.fiu,"INIT FIU","Tune in this Friday to our BUILD demo day!
⏰ 5pm - 7pm
🚪 PG6 116

#weareinit #hackathon #miamitech #diversityintech #miami #technology #tech #instatech #techie #innovation #computerscience #programming #software #webdevelopment #artificialintelligence #machinelearning #cybersecurity #womenintech #developer #college #collegelife #student #career #careergoals #internship",11,"04/09/2024 06:56",https://www.instagram.com/reel/C5iwxwiOnUj/,"IG reel",,Lifetime,189,71,0,0,10,5,
18285761689167233,17841406860905948,init.fiu,"INIT FIU","🚀 As this semester comes to a close, we have a few more exciting events, so mark your calendars! 🗓️ 

🥳 Demo day is this Friday, April 12 from 5:00 pm to 7:00 pm @ PG6 116!!!
There will also be food and drinks 😋 

😍 Dive into the world of innovation with our dedicated Build teams, who’ve poured their passion into technical projects all semester!

Unlock insights 🧠 into Build team applications and gain valuable tips for the upcoming Fall semester 🍂 and connect with Build leads and their teams to discover the magic behind their projects! 💡

#weareinit #hackathon #miamitech #diversityintech #miami #technology #tech #instatech #techie #innovation #computerscience #programming #software #webdevelopment #artificialintelligence #machinelearning #cybersecurity #womenintech #developer #college #collegelife #student #career #careergoals #internship",0,"04/08/2024 09:25",https://www.instagram.com/p/C5gdN3auJ0m/,"IG image",,Lifetime,131,54,0,0,4,5,
17980646696656584,17841406860905948,init.fiu,"INIT FIU","🌟 “Unlock Your Career Potential: Master the Ultimate Strategic Framework!” 🌟

Join us for an empowering workshop titled “Positioning Yourself for Career Success”! 🚀 In this dynamic session, you’ll discover the strategic secrets that will propel your career to new heights. 😊🎯

🗓️ When: April 5, 1 PM - 3 PM 📍 Where: PG6 114

Don’t miss this opportunity to position yourself for greatness! 🌟✨",0,"04/04/2024 11:40",https://www.instagram.com/p/C5WZd5pPiGb/,"IG carousel",,Lifetime,125,28,0,0,0,0,
17933873465821214,17841406860905948,init.fiu,"INIT FIU","‼️ Tomorrow ‼️ @ 3pm - 5pm @ PG6 115

🚀 Dynamic Programming 🤩
😊 Join our weekly beginner-friendly interview prep session, focusing this week on the Dynamic Programming. Practice your problem-solving skills to ace your next technical interview!

#weareinit #hackathon #miamitech #diversityintech #miami #technology #tech #instatech #techie #innovation #computerscience #programming #software #webdevelopment #artificialintelligence #machinelearning #cybersecurity #womenintech #developer #college #collegelife #student #career #careergoals #internship",0,"04/03/2024 04:14",https://www.instagram.com/p/C5TBmlzuNqr/,"IG carousel",,Lifetime,111,27,0,0,0,1,
18021185687490569,17841406860905948,init.fiu,"INIT FIU","‼️ Tomorrow ‼️ @ 3pm - 5pm @ AHC5 201
🤖 Detecting Color using Computer Vision 😱

⭐️ Explore Computer Vision 🥽 and learn how to program a robot car 🚗 to identify objects and behaviors using color detection in this workshop! 😍

#weareinit #hackathon #miamitech #diversityintech #miami #technology #tech #instatech #techie #innovation #computerscience #programming #software #webdevelopment #artificialintelligence #machinelearning #cybersecurity #womenintech #developer #college #collegelife #student #career #careergoals #internship",0,"04/01/2024 13:04",https://www.instagram.com/p/C5O0oYKvCgV/,"IG carousel",,Lifetime,108,40,0,0,0,4,
18020140268129645,17841406860905948,init.fiu,"INIT FIU","🥳Join us Tomorrow at 5:00pm in the Graham Center Game Room for an Init Build: Game Day! 🎲

🔔 Don’t miss out on the fun – register now to secure your spot and enjoy playing video games 🎮, board games ♟️, and much more with friends. Plus, there will be Pizza 🍕 and light refreshments! See you there! ☺️

#weareinit #hackathon #miamitech #diversityintech #miami #technology #tech #instatech #techie #innovation #computerscience #programming #software #webdevelopment #artificialintelligence #machinelearning #cybersecurity #womenintech #developer #college #collegelife #student #career #careergoals #internship",0,"03/27/2024 19:10",https://www.instagram.com/p/C5CmhZXNW5G/,"IG image",,Lifetime,66,28,0,0,0,0
18021152431930719,17841406860905948,init.fiu,"INIT FIU","‼️ Tomorrow ‼️ @ 3pm - 5pm @ PG6 115

✨ Interview Prep: Two Pointer ✨ 
▶️Join our weekly beginner-friendly interview prep session, focusing this week on the Two Pointers technique 🧐. Practice your problem-solving skills to ace your next technical interview! 🚀 

#weareinit #hackathon #miamitech #diversityintech #miami #technology #tech #instatech #techie #innovation #computerscience #programming #software #webdevelopment #artificialintelligence #machinelearning #cybersecurity #womenintech #developer #college #collegelife #student #career #careergoals #internship",0,"03/27/2024 10:33",https://www.instagram.com/p/C5BrZmauoFj/,"IG carousel",,Lifetime,68,28,0,0,1,1
18294134527084741,17841406860905948,init.fiu,"INIT FIU","‼️ Tomorrow ‼️ @ 2pm - 4pm @ CASE 136
Learn more Web Dev 🌐 and how to build your own ChatGPT w/ React
✨ Learn the fundamentals of React, the most popular Javascript library and create your own personal version of ChatGPT! ✨ 

#weareinit #hackathon #miamitech #diversityintech #miami #technology #tech #instatech #techie #innovation #computerscience #programming #software #webdevelopment #artificialintelligence #machinelearning #cybersecurity #womenintech #developer #college #collegelife #student #career #careergoals #internship",0,"03/26/2024 08:28",https://www.instagram.com/p/C4-4XXcMY-X/,"IG carousel",,Lifetime,74,49,0,0,3,4
18042416527677811,17841406860905948,init.fiu,"INIT FIU","🥳 Let’s give a warm round of applause to our outstanding Member of the Month of February, Firas Natour!

🌟 Meet Firas Natour, a dedicated master’s student in Computer Science. Firas brings a wealth of experience and passion to our tech community 🤩

🔍 Background:
Firas completed his bachelor’s degree in Computer Science at FIU, graduating in 2022. And was previously a member of Upsilon Pi Epsilon (now Init), Firas has transitioned into the world of master’s studies. His academic journey has led him deeper into fascinating areas such as algorithms, software security, and AI 🤖

🚀 Achievements:
Firas’s crowning achievement? Building a full-stack website for a business that is still actively used. 🌐💼 

🌎 Interests Beyond Code:
When he’s not immersed in code, Firas enjoys:
⭐️ Chilling with friends 🙌
⭐️ Nighttime drives 🌃
⭐️ Exploring world culture and politics 🌍🗳️
⭐️ Listening to folk music from different countries 🎶

🎓 Words of Wisdom:
Firas encourages fellow students:
“Big universities often lack the vibrant tech organizations we have here at Init. Make the most of it! Attend workshops, hackathons, and career fairs. Seek research opportunities, volunteer, practice coding, and pursue certifications alongside your studies.”

Once again, congratulations, Firas! Your dedication and contributions inspire us all 🎈👏

#weareinit #hackathon #miamitech #diversityintech #miami #technology #tech #instatech #techie #innovation #computerscience #programming #software #webdevelopment #artificialintelligence #machinelearning #cybersecurity #womenintech #developer #college #collegelife #student #career #careergoals #internship",0,"03/22/2024 10:02",https://www.instagram.com/p/C40v6agu7e1/,"IG image",,Lifetime,76,55,0,0,5,0
17876553639053285,17841406860905948,init.fiu,"INIT FIU","‼️ Tomorrow ‼️ @ 1pm - 3pm @ PG6 114

🤩 Come and learn about experiences and various insights into internships and professional growth 🧠 from multiple new grads! 🥳

#weareinit #hackathon #miamitech #diversityintech #miami #technology #tech #instatech #techie #innovation #computerscience #programming #software #webdevelopment #artificialintelligence #machinelearning #cybersecurity #womenintech #developer #college #collegelife #student #career #careergoals #internship",0,"03/21/2024 15:04",https://www.instagram.com/p/C4ytoMYPoke/,"IG carousel",,Lifetime,82,56,0,0,1,8
18004027745199944,17841406860905948,init.fiu,"INIT FIU","‼️ Tomorrow ‼️ @ 3pm - 5pm @ PG6 115

Join our beginner-friendly technical interview prep workshop on graphs 📊 , where you'll gain essential skills for navigating graph-related questions with confidence 🤩

#weareinit #hackathon #miamitech #diversityintech #miami #technology #tech #instatech #techie #innovation #computerscience #programming #software #webdevelopment #artificialintelligence #machinelearning #cybersecurity #womenintech #developer #college #collegelife #student #career #careergoals #internship",0,"03/20/2024 08:54",https://www.instagram.com/p/C4veewUM1Y7/,"IG carousel",,Lifetime,75,41,0,0,1,1
17910968132920406,17841406860905948,init.fiu,"INIT FIU","‼️ Tomorrow ‼️ @ 2pm - 4pm @ CASE 136

✨ Intro to JavaScript ✨ 
[ 🚨 Hardware/Software needed: VSCode 🚨]

🤩 Join us for an engaging Web Development 💻 workshop where you’ll dive into the fundamentals of JavaScript while creating your own interactive web game 🎮!

#weareinit #hackathon #miamitech #diversityintech #miami #technology #tech #instatech #techie #innovation #computerscience #programming #software #webdevelopment #artificialintelligence #machinelearning #cybersecurity #womenintech #developer #college #collegelife #student #career #careergoals #internship",0,"03/19/2024 08:30",https://www.instagram.com/p/C4s2_6WMw1I/,"IG carousel",,Lifetime,74,45,0,0,0,4
17865065202056385,17841406860905948,init.fiu,"INIT FIU","‼️ Tomorrow ‼️ @ 3pm - 5pm @ PG6 115

🚀 Learn how to recreate the popular mobile game, Flappy Bird 🐦,using an Arduino microcontroller and an LCD screen😱

📝 You’ll start with the basics of setting up the Arduino environment and connecting the LCD screen 📺. Then, we’ll dive into the game development process, where you’ll learn how to program the game logic and controls. By the end of the workshop, you’ll have a working version of Flappy Bird that you can play right on your Arduino! 🎮

✨ No previous experience in programming or electronics is required ✨ 

#weareinit #hackathon #miamitech #diversityintech #miami #technology #tech #instatech #techie #innovation #computerscience #programming #software #webdevelopment #artificialintelligence #machinelearning #cybersecurity #womenintech #developer #college #collegelife #student #career #careergoals #internship",0,"03/18/2024 08:16",https://www.instagram.com/p/C4qQnhQMSRu/,"IG carousel",,Lifetime,77,72,0,0,0,5
18012925067195395,17841406860905948,init.fiu,"INIT FIU","A new event on Friday! 🥳 
💫 Init Alumni are coming back to FIU ‼️ 

Want to gain insight into different fields? 🤔

Tomorrow in PG5 155 from 2:00pm to 3:00pm for a Mixer and Panel with INIT National and Alumni and a chance to network with professionals from different Tech Fields!

#weareinit #hackathon #miamitech #diversityintech #miami #technology #tech #instatech #techie #innovation #computerscience #programming #software #webdevelopment #artificialintelligence #machinelearning #cybersecurity #womenintech #developer #college #collegelife #student #career #careergoals #internship",0,"03/14/2024 11:48",https://www.instagram.com/p/C4gVnXgPNZ4/,"IG image",,Lifetime,85,97,0,0,10,3
17932061003817291,17841406860905948,init.fiu,"INIT FIU","‼️ Today ‼️ @ 3pm - 5pm @ PG6 115

🚀 Embark on a beginner-friendly journey to unlock the secrets 🤫 of tree data structures and algorithms in our interactive workshop designed to boost your coding interview readiness 🫡!

#weareinit #hackathon #miamitech #diversityintech #miami #technology #tech #instatech #techie #innovation #computerscience #programming #software #webdevelopment #artificialintelligence #machinelearning #cybersecurity #womenintech #developer #college #collegelife #student #career #careergoals #internship",0,"03/14/2024 07:05",https://www.instagram.com/p/C4f1SF3MVOg/,"IG carousel",,Lifetime,84,33,0,0,2,0
17917507811884140,17841406860905948,init.fiu,"INIT FIU","🚀 Join us ‼️ tomorrow ‼️ at INIT national’s Miami Chapter Launch Event! 🤩🤩🤩🥳🥳🥳

🌟 March 14th @ 6pm - 9pm @ Builders Collective (Wynwood)🌟 

🥳 This new INIT chapter is the latest initiative, complementing our incredible INIT chapters at FIU, MDC, UM & our INIT Pro chapter for industry professionals

🌟This chapter will more broadly impact the city 🌆 , and offer opportunities for not only students but also the community at large to launch careers in technology 🤩

#weareinit #hackathon #miamitech #diversityintech #miami #technology #tech #instatech #techie #innovation #computerscience #programming #software #webdevelopment #artificialintelligence #machinelearning #cybersecurity #womenintech #developer #college #collegelife #student #career #careergoals #internship",0,"03/13/2024 07:02",https://www.instagram.com/p/C4dQFcGMSGz/,"IG image",,Lifetime,64,41,0,0,0,1
18110442181367512,17841406860905948,init.fiu,"INIT FIU","🎮 Build Your Hero 💥 

‼️ Tomorrow ‼️ @ 2pm - 3pm @ CASE 136

✨ Controller and Animation workshop ✨ 
🚀 In this workshop we are going to be learning how to code a player controller to roam around in your own game creations 😎. We will be tackling physics and dealing with different animation states 🤩.

#weareinit #hackathon #miamitech #diversityintech #miami #technology #tech #instatech #techie #innovation #computerscience #programming #software #webdevelopment #artificialintelligence #machinelearning #cybersecurity #womenintech #developer #college #collegelife #student #career #careergoals #internship",0,"03/12/2024 11:03",https://www.instagram.com/p/C4bG7SbxU4O/,"IG carousel",,Lifetime,51,43,0,0,0,2
18002035079453111,17841406860905948,init.fiu,"INIT FIU","🚨 Hey Panthers! Get ready to dive into the world of enterprise cloud solutions with ServiceNow! 🚀

🌟 Join us for an exclusive ""Day in the Life"" Guest Speaker Panel and get the inside scoop on how ServiceNow is revolutionizing the way businesses operate. 🌐

🔍 Discover the paths to success within the tech industry and connect with experts who are shaping the future of work. Don't miss this chance to network and learn from the best in the biz! 🔗

📅 Mark your calendars:
🗓️ Date: Monday, March 11th
⏰ Time: 3 PM EST
📍 Location: GL 100A

#ServiceNow #DayInTheLife #TechTalk #Networking #EnterpriseSolutions #CloudComputing #Innovation #CareerDevelopment #ProfessionalGrowth #FIU #MiamiTech #Panthers

🔔 This is your opportunity to step up your career game! 🔔",0,"03/10/2024 12:30",https://www.instagram.com/p/C4WHPeZPVZ6/,"IG image",,Lifetime,46,37,0,0,0,5
18261730492226625,17841406860905948,init.fiu,"INIT FIU","🚨 SGA elections have just opened and we have our INIT SGA reps running ‼️ 🗳️ vote for Morgan and Rayhan! 🥳

▶️Voting is open March 5th and March 6th 
▶️To vote, go to voting.fiu.edu

#weareinit #hackathon #miamitech #diversityintech #miami #technology #tech #instatech #techie #innovation #computerscience #programming #software #webdevelopment #artificialintelligence #machinelearning #cybersecurity #womenintech #developer #college #collegelife #student #career #careergoals #internship",26,"03/05/2024 11:01",https://www.instagram.com/reel/C4JLogqvAD5/,"IG reel",,Lifetime,396,97,0,1,9,1
17856694956122219,17841406860905948,init.fiu,"INIT FIU","Catch Fred 💘 at our ✨ Brunch With E-Board ✨ this Tuesday😉

⏰ March 5th (Tuesday), 4pm - 6pm
🚪 AHC5, room 201

In the same room as our previous social event🥳, we’re going to have pancakes 🥞 , waffles 🧇, toast 🍞 with spreads 🥯 , and so much more! You really won’t want to miss this one!!!

#weareinit #hackathon #miamitech #diversityintech #miami #technology #tech #instatech #techie #innovation #computerscience #programming #software #webdevelopment #artificialintelligence #machinelearning #cybersecurity #womenintech #developer #college #collegelife #student #career #careergoals #internship",34,"03/03/2024 12:00",https://www.instagram.com/reel/C4EI5JYP4mF/,"IG reel",,Lifetime,134,64,0,0,10,0
18302850163197610,17841406860905948,init.fiu,"INIT FIU","☀️ Spring break is almost over and to start the week off right, we’re hosting a ✨ Brunch With EBoard ✨ in partnership with PantherRobotics and WICS!

In the same room as our previous social event🥳, we’re going to have pancakes 🥞 , waffles 🧇, toast 🍞 with spreads 🥯 , and so much more! You really won’t want to miss this one!!!

⏰ March 5th (Tuesday), 4pm - 6pm
🚪 AHC5, room 201

#weareinit #hackathon #miamitech #diversityintech #miami #technology #tech #instatech #techie #innovation #computerscience #programming #software #webdevelopment #artificialintelligence #machinelearning #cybersecurity #womenintech #developer #college #collegelife #student #career #careergoals #internship",0,"03/02/2024 14:31",https://www.instagram.com/p/C4B1n5Fv4PY/,"IG image",,Lifetime,252,99,0,0,2,12
17973972818522387,17841406860905948,init.fiu,"INIT FIU","‼️ Today ‼️ @ 3pm - 5pm @ PG6 115

💫INIT REACH📚 Weekly Interview Prep:
⚠️ Priority Queues ⚠️ 

✨ Level up your coding skills with Priority Queues! Prepare for your interview by grasping their efficient data structure! 📈 

#weareinit #hackathon #miamitech #diversityintech #miami #technology #tech #instatech #techie #innovation #computerscience #programming #software #webdevelopment #artificialintelligence #machinelearning #cybersecurity #womenintech #developer #college #collegelife #student #career #careergoals #internship",0,"02/22/2024 11:28",https://www.instagram.com/p/C3qVircvWpv/,"IG carousel",,Lifetime,45,43,1,0,0,1
18009491774260972,17841406860905948,init.fiu,"INIT FIU","🚀NVIDIA is coming to campus next week February 21st (Wednesday) @ 3:30pm and you don’t want to miss all the amazing opportunities they’ll have! 🤩

⏰ February 21st @ 3:30pm - 5:30pm
🚪 GL 100

#weareinit #hackathon #miamitech #diversityintech #miami #technology #tech #instatech #techie #innovation #computerscience #programming #software #webdevelopment #artificialintelligence #machinelearning #cybersecurity #womenintech #developer #college #collegelife #student #career #careergoals #internship",16,"02/16/2024 09:56",https://www.instagram.com/reel/C3auBAjv02O/,"IG reel",,Lifetime,89,172,0,0,8,10
18043321147721594,17841406860905948,init.fiu,"INIT FIU","‼️ Tomorrow ‼️ @ 3pm - 5pm @ PG6 115

✨ Stacks and Queues ✨ 
Level up your coding ⌨️ skills with Stacks & Queues! Master these interview must-haves through hands-on practice, tackling real-world 🌍 problems and memory 🧠 management challenges. Conquer classic questions and boost your confidence! 🤩

#weareinit #hackathon #miamitech #diversityintech #miami #technology #tech #instatech #techie #innovation #computerscience #programming #software #webdevelopment #artificialintelligence #machinelearning #cybersecurity #womenintech #developer #college #collegelife #student #career #careergoals #internship",0,"02/14/2024 11:47",https://www.instagram.com/p/C3VxVw9vfXX/,"IG carousel",,Lifetime,38,28,0,0,0,2
17996782589588359,17841406860905948,init.fiu,"INIT FIU","🩷 Happy Valentine’s Day from INIT 🩷

#weareinit #hackathon #miamitech #diversityintech #miami #technology #tech #instatech #techie #innovation #computerscience #programming #software #webdevelopment #artificialintelligence #machinelearning #cybersecurity #womenintech #developer #college #collegelife #student #career #careergoals #internship",56,"02/14/2024 06:46",https://www.instagram.com/reel/C3VOwfUsk11/,"IG reel",,Lifetime,72,140,0,0,20,2
17988874697555661,17841406860905948,init.fiu,"INIT FIU","🚨 Attention Panthers🚨 
🥳We are so proud to also be hosting ✨ NVIDIA ✨ as they come onto campus to inform us on all wonders relating to their extraordinary company!🤩
▶️The event will be part info session and part tech talk as well as an in person networking opportunity to make long lasting connections with recruiters who will help you gain insights on how to navigate 🧭 the internship world 🌎 

🔔 Trust us when we say you don’t want to miss this 🔔 

☀️ February 21st (Wednesday)
⏰ 3:30pm - 5:30pm
🏠 GL 🚪 100

#weareinit #hackathon #miamitech #diversityintech #miami #technology #tech #instatech #techie #innovation #computerscience #programming #software #webdevelopment #artificialintelligence #machinelearning #cybersecurity #womenintech #developer #college #collegelife #student #career #careergoals #internship",0,"02/13/2024 19:51",https://www.instagram.com/p/C3UD7Y2t04-/,"IG carousel",,Lifetime,55,169,0,0,6,27
18011830424276032,17841406860905948,init.fiu,"INIT FIU","▶️ In the same room as our social event last week, drop by once more to get the chance to ✨ network with CodePath and BNY Mellon ✨ with snacks 🍕and swag 👜 included 🤭! Not to mention that this is an amazing opportunity to get yourself out there and grab that internship 🚨 

☀️ February 20th (Tuesday)
⏰ 3pm - 5pm
🏠 AHC5 🚪 201

#weareinit #hackathon #miamitech #diversityintech #miami #technology #tech #instatech #techie #innovation #computerscience #programming #software #webdevelopment #artificialintelligence #machinelearning #cybersecurity #womenintech #developer #college #collegelife #student #career #careergoals #internship",0,"02/13/2024 16:58",https://www.instagram.com/p/C3TwHzvNN0N/,"IG image",,Lifetime,55,55,0,0,6,16
18015953150488033,17841406860905948,init.fiu,"INIT FIU","‼️ Tomorrow ‼️ @ 2pm - 4pm @ CASE 136

🩷 In this workshop, participants will dive into the world of Reinforcement Learning (RL) 🤩, a branch of Artificial Intelligence that focuses on how agents take actions in an environment to maximize their reward 🎁. Reinforcement Learning is at the core of numerous groundbreaking achievements in AI, including innovations in autonomous vehicles 🚗 , AI strategies in gaming 🎮, and advancements in robotic control 🤖 . Attendees will learn about ✨ key concepts ✨ such as agents, environments, states, actions, and rewards, and discuss how these elements interact within the RL framework!! 🥳

#weareinit #hackathon #miamitech #diversityintech #miami #technology #tech #instatech #techie #innovation #computerscience #programming #software #webdevelopment #artificialintelligence #machinelearning #cybersecurity #womenintech #developer #college #collegelife #student #career #careergoals #internship",0,"02/13/2024 08:27",https://www.instagram.com/p/C3S1uvds6jf/,"IG carousel",,Lifetime,44,40,0,0,0,3
17959731374608836,17841406860905948,init.fiu,"INIT FIU","📢 We are so excited to announce our new mentorship program 🥳

✨ You can apply to be a mentee! ✨ 

▶️This is what you will gain from having a mentor 🤩, you’ll gain and maintain confidence 😎 in your tech 💻 skills as well as improve excitement 🤩 to continue studying CS so that you can apply for technical roles by the end of the year. You’ll also grow as a person so that one day, you could also become a mentor and help other students😊! Along with all of this, you’ll develop a meaningful and professional relationship.

▶️As a mentee, just be yourself and your role will simply be to meet with your mentor as least once every two weeks for the whole semester for about 30 minutes to 1 hour each meeting while giving notes 📝 back and forth with your mentor so that both of you can grow. Also, at the end of the program, you would fill out a quick post-program survey 🫣. 

✨ Super simple✔️, super easy✔️, and super fun✔️! ✨ 

🚨 If you’re interested in applying, please do so by checking out the link in our bio and on our story. Feel free to always DM for help!

#weareinit #hackathon #miamitech #diversityintech #miami #technology #tech #instatech #techie #innovation #computerscience #programming #software #webdevelopment #artificialintelligence #machinelearning #cybersecurity #womenintech #developer #college #collegelife #student #career #careergoals #internship",0,"02/12/2024 13:09",https://www.instagram.com/p/C3QxLoKvC49/,"IG carousel",,Lifetime,61,77,0,0,3,9
17981576369636645,17841406860905948,init.fiu,"INIT FIU","🚀 Congratulations to Luis Canada for being our January ✨ Member Of the Month ✨ !

“Never stop learning and being curious about how something works, because even if that knowledge isn’t useful today, it will be somewhere down the line.” —Luis Canada

Luis started coding 💻 four years ago during COVID in an attempt to cure his boredom (very relatable) and he enjoys learning 🧠 about random and obscure things: “Jack of all trades, master of none”

Some of Luis’ hobbies include wood working 🪵,canoeing 🛶, fishing 🎣 , working with electronics 📱 , ✨ obscure programming tricks ✨, and robotics 🤖

One of his most proudest achievements is when he made a small web 🖥️ application for his High School that helped with the dismissal process ⏰; he also got to work with the principal and administrators!

#weareinit #hackathon #miamitech #diversityintech #miami #technology #tech #instatech #techie #innovation #computerscience #programming #software #webdevelopment #artificialintelligence #machinelearning #cybersecurity #womenintech #developer #college #collegelife #student #career #careergoals #internship",0,"02/10/2024 11:08",https://www.instagram.com/p/C3LZsQfOmdw/,"IG image",,Lifetime,136,78,0,0,5,1
18014619392286731,17841406860905948,init.fiu,"INIT FIU","‼️ Tomorrow ‼️ @ 1pm - 3pm @ PG6 114

😱<—don’t wait and be like this guy and prepare for the ✨ Career Fair ✨ with us this Friday! 

🤩 Boost confidence, refine your resume 📄 , and master networking 🤝 strategies in a brief workshop!

#weareinit #hackathon #miamitech #diversityintech #miami #technology #tech #instatech #techie #innovation #computerscience #programming #software #webdevelopment #artificialintelligence #machinelearning #cybersecurity #womenintech #developer #college #collegelife #student #career #careergoals #internship",0,"02/08/2024 20:27",https://www.instagram.com/p/C3HQDyjtIYT/,"IG carousel",,Lifetime,68,56,0,0,4,2
18253298302236499,17841406860905948,init.fiu,"INIT FIU","‼️ Tomorrow ‼️ @ 3pm - 5pm @ PG6 115

🤩 Achieve a greater understanding of Linked Lists, a fundamental data 📊 structure for interview prep! Explore the techniques of node manipulation and pointer management 🧐 with a hands-on experience to enhance your problem-solving abilities 🧩 .

#weareinit #hackathon #miamitech #diversityintech #miami #technology #tech #instatech #techie #innovation #computerscience #programming #software #webdevelopment #artificialintelligence #machinelearning #cybersecurity #womenintech #developer #college #collegelife #student #career #careergoals #internship",0,"02/07/2024 15:55",https://www.instagram.com/p/C3EMMlgsVdA/,"IG carousel",,Lifetime,71,35,0,0,0,0
18094089802396040,17841406860905948,init.fiu,"INIT FIU","‼️ Tomorrow ‼️ @ 2pm - 4pm @ CASE 136

✨ Join us for the second workshop in the Subway Surfers series 🏄‍♀️ ! Explore aspects of game development using Unity as we delve deeper into the game 🎮 design of Subway Surfers. Perfect for beginners, this session builds upon the basics covered in Part 1, expanding your knowledge of essential concepts for games, tools, and techniques. 🚀 Unleash your creativity once again and bring your game ideas to life!

#weareinit #hackathon #miamitech #diversityintech #miami #technology #tech #instatech #techie #innovation #computerscience #programming #software #webdevelopment #artificialintelligence #machinelearning #cybersecurity #womenintech #developer #college #collegelife #student #career #careergoals #internship",0,"02/06/2024 16:13",https://www.instagram.com/p/C3BpaIbNH12/,"IG carousel",,Lifetime,54,53,0,0,2,1
18012276410491555,17841406860905948,init.fiu,"INIT FIU","🚨 Careful while crossing the street because you don’t want to miss our first social event of the semester 😱! We’re in a ✨ new ✨ building this time and don’t want you guys to get lost or be late, so here’s a quick video on where to find us tomorrow!

P.S: look both ways when crossing :)

🏠 Location: AHC5
🚪 Room: 201
⏰ Time: 3:30pm - 6pm

#weareinit #hackathon #miamitech #diversityintech #miami #technology #tech #instatech #techie #innovation #computerscience #programming #software #webdevelopment #artificialintelligence #machinelearning #cybersecurity #womenintech #developer #college #collegelife #student #career #careergoals #internship",31,"02/05/2024 18:38",https://www.instagram.com/reel/C2_VHoPtuKd/,"IG reel",,Lifetime,96,146,0,0,39,7
17890663529977120,17841406860905948,init.fiu,"INIT FIU","🚀 Check out our BUILD leads for this semester! 💫 (pt.2)

These passionate individuals have taken the initiative to lead such awesome projects that you can join! Become part of one of these teams and learn so many valuable skills that’ll help you in your future CS career now! 

⚠️ Register now: https://lnkd.in/eWXhm5Qb ⚠️

💻 There are so many different teams you can join such as:

✨ If you want more information about the team projects and their leads, check out our notion: bit.ly/build-team-notion

#weareinit #hackathon #miamitech #diversityintech #miami #technology #tech #instatech #techie #innovation #computerscience #programming #software #webdevelopment #artificialintelligence #machinelearning #cybersecurity #womenintech #developer #college #collegelife #student #career #careergoals #internship",0,"02/05/2024 08:34",https://www.instagram.com/p/C2-QKl9rbv5/,"IG carousel",,Lifetime,168,128,1,0,26,5
17865131784037022,17841406860905948,init.fiu,"INIT FIU","🚀 Check out our BUILD leads for this semester! 💫 (pt.1)

These passionate individuals have taken the initiative to lead such awesome projects that you can join! Become part of one of these teams and learn so many valuable skills that’ll help you in your future CS career now! 

⚠️ Register now: https://lnkd.in/eWXhm5Qb ⚠️

💻 There are so many different teams you can join such as:
that
✨ If you want more information about the team projects and their leads, check out our notion:

bit.ly/build-team-notion

#weareinit #hackathon #miamitech #diversityintech #miami #technology #tech #instatech #techie #innovation #computerscience #programming #software #webdevelopment #artificialintelligence #machinelearning #cybersecurity #womenintech #developer #college #collegelife #student #career #careergoals #internship",0,"02/05/2024 07:15",https://www.instagram.com/p/C2-HBRprosp/,"IG carousel",,Lifetime,179,118,0,0,13,2
18018411143012223,17841406860905948,init.fiu,"INIT FIU","🚨 DEADLINE FOR APPLYING HAS BEEN EXTENDED: February 7th (this Wednesday)

⚠️ Register now: https://lnkd.in/eWXhm5Qb ⚠️

💻 There are so many different teams you can join such as:

⭐️ Game Development 2D
⭐️ Game Development 3D

⭐️ Virtual Reality 

⭐️ Web Development (Beginner)
⭐️ Web Development (Intermediate)
⭐️ Web Development (Advanced)

⭐️ Artificial Intelligence (Beginner)
⭐️ Artificial Intelligence (Intermediate)

⭐️ Mobile Development (Android/ IOS)

⭐️ Cybersecurity

✨ If you want more information about the team projects and their leads, check out our notion:
bit.ly/build-team-notion

#weareinit #hackathon #miamitech #diversityintech #miami #technology #tech #instatech #techie #innovation #computerscience #programming #software #webdevelopment #artificialintelligence #machinelearning #cybersecurity #womenintech #developer #college #collegelife #student #career #careergoals #internship",0,"02/04/2024 11:51",https://www.instagram.com/p/C28B4-SPv6d/,"IG image",,Lifetime,46,38,0,0,0,8
18026878003757587,17841406860905948,init.fiu,"INIT FIU","Show off your skills 🏄‍♀️ and win some prizes 🎁 at our first game night of the semester ‼️ We’re going to have so many games like Smash Bros, GeoGuesser 🌎, Typing races 👨‍💻, Robot racing 🤖 and so much more. This will be such a fun event, you don’t want to miss it!

🚨 February 6th @ 3:30pm @ AHC 5, room 201

#weareinit #hackathon #miamitech #diversityintech #miami #technology #tech #instatech #techie #innovation #computerscience #programming #software #webdevelopment #artificialintelligence #machinelearning #cybersecurity #womenintech #developer #college #collegelife #student #career #careergoals #internship",0,"02/02/2024 09:17",https://www.instagram.com/p/C22mr8NOEa-/,"IG image",,Lifetime,43,96,0,0,16,6
18053758471550782,17841406860905948,init.fiu,"INIT FIU","You want a job? 🫣Get your foot in the door by attending our networking and job searching event tomorrow ‼️ 

#weareinit #hackathon #miamitech #diversityintech #miami #technology #tech #instatech #techie #innovation #computerscience #programming #software #webdevelopment #artificialintelligence #machinelearning #cybersecurity #womenintech #developer #college #collegelife #student #career #careergoals #internship",0,"02/01/2024 14:40",https://www.instagram.com/p/C20my4KvEKq/,"IG carousel",,Lifetime,33,58,0,0,0,6
18059755177503754,17841406860905948,init.fiu,"INIT FIU","‼️ Tomorrow ‼️ @ 3pm @ PG6 115

Explore hash tables and learn how to employ their use in a variety of data structures, algorithms, and problems to help ace technical interviews! 💪🏻

#weareinit #hackathon #miamitech #diversityintech #miami #technology #tech #instatech #techie #innovation #computerscience #programming #software #webdevelopment #artificialintelligence #machinelearning #cybersecurity #womenintech #developer #college #collegelife #student #career #careergoals #internship",0,"01/31/2024 07:57",https://www.instagram.com/p/C2xT4SlsuKo/,"IG carousel",,Lifetime,33,36,0,0,1,2
17992415672605302,17841406860905948,init.fiu,"INIT FIU","‼️ Tomorrow ‼️ @ 2pm @ CASE 136

✨ Introduction to Deep Learning ✨

This workshop introduces the basics of Deep Learning. Attendees will learn about Neural Networks and how they are used for tasks like image recognition 🫢. The workshop will cover basic Python programming and key concepts in Deep Learning, tailored for beginners 😍. No prior experience with Neural Networks is needed, as the focus will be on foundational Deep Learning principles. 

#weareinit #hackathon #miamitech #diversityintech #miami #technology #tech #instatech #techie #innovation #computerscience #programming #software #webdevelopment #artificialintelligence #machinelearning #cybersecurity #womenintech #developer #college #collegelife #student #career #careergoals #internship",0,"01/30/2024 05:00",https://www.instagram.com/p/C2ua1KnsUlm/,"IG carousel",,Lifetime,30,58,0,0,1,2
17886541973931614,17841406860905948,init.fiu,"INIT FIU","🚀 Build a Super Powered Portfolio 😱 

‼️ Tomorrow ‼️ @ 3pm @ PG6 115

✨ Join us for an exciting workshop where you will learn the basics of Web Development and create your personalized online portfolio. You will be guided through the process of designing and developing a sleek and professional portfolio website that showcases your skills and achievements. But that’s not all – we’ll elevate your portfolio to the next level by incorporating NFC cards. Discover how to seamlessly connect your digital identity to a physical NFC card, allowing for a unique and interactive experience and making it very simple to showcase your skills to recruiters. 😎 

#weareinit #hackathon #miamitech #diversityintech #miami #technology #tech #instatech #techie #innovation #computerscience #programming #software #webdevelopment #artificialintelligence #machinelearning #cybersecurity #womenintech #developer #college #collegelife #student #career #careergoals #internship",0,"01/29/2024 14:26",https://www.instagram.com/p/C2s23MDv3-q/,"IG carousel",,Lifetime,42,71,0,0,2,4
17921731100765270,17841406860905948,init.fiu,"INIT FIU","Shake my hand if you dare. Let’s see how EBoard responds 🤔 

#weareinit #hackathon #miamitech #diversityintech #miami #technology #tech #instatech #techie #innovation #computerscience #programming #software #webdevelopment #artificialintelligence #machinelearning #cybersecurity #womenintech #developer #college #collegelife #student #career #careergoals #internship",30,"01/26/2024 14:46",https://www.instagram.com/reel/C2lKviEP9ow/,"IG reel",,Lifetime,108,150,1,0,26,3
18037461733667243,17841406860905948,init.fiu,"INIT FIU","‼️ Today ‼️ on DISCORD

⭐️Join us through discord in inviting Jose Pujol in talking about his experiences as an incoming software engineer at Google✨

#weareinit #hackathon #miamitech #diversityintech #miami #technology #tech #instatech #techie #innovation #computerscience #programming #software #webdevelopment #artificialintelligence #machinelearning #cybersecurity #womenintech #developer #college #collegelife #student #career #careergoals #internship",0,"01/25/2024 13:34",https://www.instagram.com/p/C2idr24PfZk/,"IG carousel",,Lifetime,62,133,1,0,4,2
17987428583387018,17841406860905948,init.fiu,"INIT FIU","‼️ Today ‼️ @ 3pm @ PG6 115

⭐️Unlock the power of arrays and dive into the intricacies of algorithmic efficiency in our workshop! Learn how to manipulate arrays effectively and master complexity analysis techniques to optimize your code for better performance in interviews.✨

#weareinit #hackathon #miamitech #diversityintech #miami #technology #tech #instatech #techie #innovation #computerscience #programming #software #webdevelopment #artificialintelligence #machinelearning #cybersecurity #womenintech #developer #college #collegelife #student #career #careergoals #internship",0,"01/25/2024 06:35",https://www.instagram.com/p/C2htsywMKDP/,"IG carousel",,Lifetime,53,44,0,0,3,3
18043225636624276,17841406860905948,init.fiu,"INIT FIU","⚠️ INIT Build member applications are OPEN ⚠️ 
 

💻 There are so many different teams you can join such as:

⭐️ Game Development 2D
⭐️ Game Development 3D

⭐️ Web Development (Beginner)
⭐️ Web Development (Intermediate)
⭐️ Web Development (Advanced)

⭐️ Artificial Intelligence (Beginner)
⭐️ Artificial Intelligence (Intermediate)

⭐️ Mobile Development (Android/ IOS)

⭐️ Virtual Reality

⭐️ Cybersecurity

🚨 DEADLINE FOR APPLYING: February 4th
‼️ Register now: bit.ly/init-member-application ‼️ 

✨ If you want more information about the team projects and their leads, check out our notion:
bit.ly/build-team-notion

#weareinit #hackathon #miamitech #diversityintech #miami #technology #tech #instatech #techie #innovation #computerscience #programming #software #webdevelopment #artificialintelligence #machinelearning #cybersecurity #womenintech #developer #college #collegelife #student #career #careergoals #internship",0,"01/24/2024 10:57",https://www.instagram.com/p/C2fm5DVv78L/,"IG carousel",,Lifetime,113,83,0,6,5,20
18016892162045853,17841406860905948,init.fiu,"INIT FIU","‼️ Tomorrow ‼️ @ 2pm @ CASE 136

Join us in re-creating Subway Surfers! 🏄 

This is going to be an interactive workshop introducing the fundamentals of game development using Unity🥳! Dive into the world of game design by learning to replicate the thrilling gameplay of Subway Surfers 😱. Perfect for beginners, this session will cover basic concepts, tools, and techniques essential to kickstart your game development journey 🙏✨

🤩 Unleash your creativity and let’s bring creative game ideas to life! 🚀 

#weareinit #hackathon #miamitech #diversityintech #miami #technology #tech #instatech #techie #innovation #computerscience #programming #software #webdevelopment #artificialintelligence #machinelearning #cybersecurity #womenintech #developer #college #collegelife #student #career #careergoals #internship",0,"01/23/2024 15:21",https://www.instagram.com/p/C2dgXFGvRGi/,"IG carousel",,Lifetime,41,92,0,0,7,6
17985045446621649,17841406860905948,init.fiu,"INIT FIU","If you’re an FIU student interested in tech, come join INIT! 🤩

🚀 More info on our profile!

#weareinit #hackathon #miamitech #diversityintech #miami #technology #tech #instatech #techie #innovation #computerscience #programming #software #webdevelopment #artificialintelligence #machinelearning #cybersecurity #womenintech #developer #college #collegelife #student #career #careergoals #internship",13,"01/23/2024 06:59",https://www.instagram.com/reel/C2cmk3nOPP1/,"IG reel",,Lifetime,67,145,0,0,24,5
17989827950339752,17841406860905948,init.fiu,"INIT FIU","❗️ Tomorrow ❗️ @ 3pm @ PG6 115

🚀 Join us at our workshop tomorrow where you can acquire foundational knowledge of Fusion360 CAD software and its application in 3D printing. You will also learn to understand the nuances that differentiate various 3D printers. Furthermore, we will apply what is learned to design ready to print models!!🤩

So come join us🥳

#weareinit #hackathon #miamitech #diversityintech #miami #technology #tech #instatech #techie #innovation #computerscience #programming #software #webdevelopment #artificialintelligence #machinelearning #cybersecurity #womenintech #developer #college #collegelife #student #career #careergoals #internship",0,"01/22/2024 10:13",https://www.instagram.com/p/C2aYRX9x6CU/,"IG carousel",,Lifetime,49,55,0,0,2,1
18019641433953130,17841406860905948,init.fiu,"INIT FIU","‼️ Tomorrow ‼️@ 3 PM @ PG6 115 🚀 

✨ Dive into the world of strings with our introductory workshop! Whether strings are foreign to you or you’re looking for practice, this concise session covers the essentials of string manipulation. Join us for hands-on exercises, practical insights, and take your coding expertise to the next level!! ✨

#weareinit #hackathon #miamitech #diversityintech #miami #technology #tech #instatech #techie #innovation #computerscience #programming #software #webdevelopment #artificialintelligence #machinelearning #cybersecurity #womenintech #developer #college #collegelife #student #career #careergoals #internship",0,"01/17/2024 11:43",https://www.instagram.com/p/C2NqrSKv9E0/,"IG carousel",,Lifetime,47,58,0,0,2,0
18015892331027204,17841406860905948,init.fiu,"INIT FIU","‼️ Tomorrow ‼️@ 2 PM @ CASE 136

✨ Members will be introduced to the basics of AI and machine learning. 🤖 They will learn about classification and prediction problems and how to find the most efficient ML algorithm for these different types of problems by comparing the accuracy of each algorithm.  For this workshop, members will be using Python 🐍 , learn the basics of this language and some general programming concepts required in order to get a clear understanding of the field of AI ✨

We hope to see you there tomorrow 😎 

#weareinit #hackathon #miamitech #diversityintech #miami #technology #tech #instatech #techie #innovation #computerscience #programming #software #webdevelopment #artificialintelligence #machinelearning #cybersecurity #womenintech #developer #college #collegelife #student #career #careergoals #internship",0,"01/16/2024 13:40",https://www.instagram.com/p/C2LTM6Iv18v/,"IG carousel",,Lifetime,46,96,1,0,5,7
18116358403344283,17841406860905948,init.fiu,"INIT FIU","‼️ Today @ 3 PM @ PG6 115‼️ 

✨ This workshop is designed to help participants craft compelling resumes that stand out to employers. Attendees will learn how to effectively showcase their skills, experiences, and achievements. We’ll cover topics like choosing the right format, using powerful language, and customizing resumes for specific job applications. Bring your current resume for a hands-on, personalized improvement session ✨ 

Can’t wait to see you there!! 🚀 

#weareinit #hackathon #miamitech #diversityintech #miami #technology #tech #instatech #techie #innovation #computerscience #programming #software #webdevelopment #artificialintelligence #machinelearning #cybersecurity #womenintech #developer #college #collegelife #student #career #careergoals #internship",0,"01/16/2024 09:33",https://www.instagram.com/p/C2K2_UJR6Mm/,"IG carousel",,Lifetime,34,36,0,0,0,2
17898492491862030,17841406860905948,init.fiu,"INIT FIU","😎Get ready for a week packed with exciting and interactive events!🚀 

⭐INIT REACH: Tailoring your Resume (❗Tomorrow❗): Tuesday, 3pm - 5pm @ PG6 115

⭐INIT EXPLORE: Intro to Artificial Intelligence: Wednesday, 2pm - 4pm @ CASE 136

⭐INIT REACH: Intro to Strings// Interview Prep: Thursday, 3pm - 5pm @ PG6 115

Register now! 🔗 go.fiu.edu/init

#weareinit #hackathon #miamitech #diversityintech #miami #technology #tech #instatech #techie #innovation #computerscience #programming #software #webdevelopment #artificialintelligence #machinelearning #cybersecurity #womenintech #developer #college #collegelife #student #career #careergoals #internship",0,"01/15/2024 15:31",https://www.instagram.com/p/C2I7F6nMa_2/,"IG image",,Lifetime,39,70,0,0,0,12
18075258460445835,17841406860905948,init.fiu,"INIT FIU","We’re so grateful for everyone who came to our first general body meeting of the semester, all the returning members and new members, we’re so thankful with how this meeting went!😊

Join us by becoming a member via this link 🔗: 
https://airtable.com/appkfpQOssQZfmORj/shrNlrSaT073i6fog (https://airtable.com/appkfpQOssQZfmORj/shrNlrSaT073i6fog)

Once again, we’re so thankful for everyone who came and everyone we have yet to meet! Keep an eye out for future events we’re going to host this semester! 🚀",29,"01/15/2024 11:14",https://www.instagram.com/reel/C2IdpN0vWRi/,"IG reel",,Lifetime,70,197,1,0,30,4
17879316810006476,17841406860905948,init.fiu,"INIT FIU","🚀 Welcome to the Spring semester Panthers! Start the semester by joining us at our Spring Kickoff Meeting this Friday, January 12 @ 3:30 pm in GL100!

😎 Come and learn about our organization, membership, benefits, programs, and upcoming events! You can also meet our community and make friends, all while you enjoy some refreshments on us!

✅ Register now at go.fiu.edu/init

#weareinit #hackathon #miamitech #diversityintech #miami #technology #tech #instatech #techie #innovation #computerscience #programming #software #webdevelopment #artificialintelligence #machinelearning #cybersecurity #womenintech #developer #college #collegelife #student #career #careergoals #internship",0,"01/08/2024 08:51",https://www.instagram.com/p/C12Lv94OxVx/,"IG carousel",,Lifetime,189,159,0,0,2,10
18338360248109652,17841406860905948,init.fiu,"INIT FIU","💫INIT REACH: International Student Workshop 🌎
✨ Join us for a workshop for those interested in applying for internships as an international student, understanding FIU’s CPT process and policies, and exploring pre-OPT and post-OPT options! 

🗓️ Friday, March 29
⏰ 1pm - 3pm 
🚪 PG6 - Room 114

#weareinit #hackathon #miamitech #diversityintech #miami #technology #tech #instatech #techie #innovation #computerscience #programming #software #webdevelopment #artificialintelligence #machinelearning #cybersecurity #womenintech #developer #college #collegelife #student #career #careergoals #internship",0,"03/28/2024 12:08",https://www.instagram.com/p/C5EbHXeP48o/,"IG image",,Lifetime,85,51,0,0,3,3
